Autor,Grupo,Título,Ano,Preço (R$),Na janela 1850-1930?,Link,Imagem,Status,Verificado em,Visto em,Vendedor
Álvares de Azevedo,Patrono,"Obras de Manoel Antonio Alvares de Azevedo, Tomo Segundo",1900,41.47,SIM,https://www.estantevirtual.com.br/busca?nsCat=Natural&q=%C3%81lvares%20de%20Azevedo%20Obras%20de%20Manoel%20Antonio%20Alvares%20de%20Azevedo%2C%20Tomo%20Segundo&searchField=titulo-autor&ano-de-publicacao=1900,,ativo,2026-09-06 12:21,2026-07-23 02:14,
Basílio da Gama,Patrono,O Uruguay,1898,100,SIM,https://www.estantevirtual.com.br/busca?nsCat=Natural&q=Bas%C3%ADlio%20da%20Gama%20O%20Uruguay&searchField=titulo-autor&ano-de-publicacao=1898,,ativo,2026-09-06 12:21,2026-07-23 02:14,
Bernardo Guimarães,Patrono,Novas Poesias - 1a Edição,1876,450,SIM,https://www.estantevirtual.com.br/busca?nsCat=Natural&q=Bernardo%20Guimar%C3%A3es%20Novas%20Poesias%20-%201a%20Edi%C3%A7%C3%A3o&searchField=titulo-autor&ano-de-publicacao=1876,,ativo,2026-09-06 12:21,2026-07-23 02:14,
Bernardo Guimarães,Patrono,Folhas de Outono - 1ª Edição,1883,750,SIM,https://www.estantevirtual.com.br/busca?nsCat=Natural&q=Bernardo%20Guimar%C3%A3es%20Folhas%20de%20Outono%20-%201%C2%AA%20Edi%C3%A7%C3%A3o&searchField=titulo-autor&ano-de-publicacao=1883,,ativo,2026-09-06 12:21,2026-07-23 02:14,
Bernardo Guimarães,Patrono,Amor de Bandido - o Indio Affonso,1929,80,SIM,https://www.estantevirtual.com.br/busca?nsCat=Natural&q=Bernardo%20Guimar%C3%A3es%20Amor%20de%20Bandido%20-%20o%20Indio%20Affonso&searchField=titulo-autor&ano-de-publicacao=1929,,ativo,2026-09-06 12:21,2026-07-23 02:14,
Bernardo Guimarães,Patrono,História e Tradições da Província de Minas Gerais,1901,250,SIM,https://www.estantevirtual.com.br/busca?nsCat=Natural&q=Bernardo%20Guimar%C3%A3es%20Hist%C3%B3ria%20e%20Tradi%C3%A7%C3%B5es%20da%20Prov%C3%ADncia%20de%20Minas%20Gerais&searchField=titulo-autor&ano-de-publicacao=1901,,ativo,2026-09-06 12:21,2026-07-23 02:14,
Bernardo Guimarães,Patrono,Novas Poesias,1900,120,SIM,https://www.estantevirtual.com.br/busca?nsCat=Natural&q=Bernardo%20Guimar%C3%A3es%20Novas%20Poesias&searchField=titulo-autor&ano-de-publicacao=1900,,ativo,2026-09-06 12:21,2026-07-23 02:14,
Bernardo Guimarães,Patrono,Novas Poesias - 1a Edição,1876,500,SIM,https://www.estantevirtual.com.br/busca?nsCat=Natural&q=Bernardo%20Guimar%C3%A3es%20Novas%20Poesias%20-%201a%20Edi%C3%A7%C3%A3o&searchField=titulo-autor&ano-de-publicacao=1876,,ativo,2026-09-06 12:21,2026-07-23 02:14,
Bernardo Guimarães,Patrono,Maurício Ou os Paulistas Em São João Del-rei - Tomo I e II - Ed. 1877,1877,1199,SIM,https://www.estantevirtual.com.br/busca?nsCat=Natural&q=Bernardo%20Guimar%C3%A3es%20Maur%C3%ADcio%20Ou%20os%20Paulistas%20Em%20S%C3%A3o%20Jo%C3%A3o%20Del-rei%20-%20Tomo%20I%20e%20II%20-%20Ed.%201877&searchField=titulo-autor&ano-de-publicacao=1877,,ativo,2026-09-06 12:21,2026-07-23 02:14,
Bernardo Guimarães,Patrono,Escrava Isaura,1924,180,SIM,https://www.estantevirtual.com.br/busca?nsCat=Natural&q=Bernardo%20Guimar%C3%A3es%20Escrava%20Isaura&searchField=titulo-autor&ano-de-publicacao=1924,,ativo,2026-09-06 12:21,2026-07-23 02:14,
Bernardo Guimarães,Patrono,O Ermitão do Muquem (2a Edição),1929,39,SIM,https://www.estantevirtual.com.br/livro/o-ermitao-do-muquem-2a-edicao-grp-JIU-1541-000?_preco=3000-10000000&tipo-de-livro=usado,,ativo,2026-09-06 12:22,2026-07-23 02:14,Sebo Biblioteca de Alexandria
Bernardo Guimarães,Patrono,O Ermitão do Muquem,1898,175,SIM,https://www.estantevirtual.com.br/busca?nsCat=Natural&q=Bernardo%20Guimar%C3%A3es%20O%20Ermit%C3%A3o%20do%20Muquem&searchField=titulo-autor&ano-de-publicacao=1898,,ativo,2026-09-06 12:22,2026-07-23 02:14,
Bernardo Guimarães,Patrono,Maurício Ou os Paulistas Em São João Del-rei - 2 Volumes - 1ª Edição,1877,1200,SIM,https://www.estantevirtual.com.br/busca?nsCat=Natural&q=Bernardo%20Guimar%C3%A3es%20Maur%C3%ADcio%20Ou%20os%20Paulistas%20Em%20S%C3%A3o%20Jo%C3%A3o%20Del-rei%20-%202%20Volumes%20-%201%C2%AA%20Edi%C3%A7%C3%A3o&searchField=titulo-autor&ano-de-publicacao=1877,,ativo,2026-09-06 12:22,2026-07-23 02:14,
Bernardo Guimarães,Patrono,O Ermitão do Muquem,1858,100,SIM,https://www.estantevirtual.com.br/busca?nsCat=Natural&q=Bernardo%20Guimar%C3%A3es%20O%20Ermit%C3%A3o%20do%20Muquem&searchField=titulo-autor&ano-de-publicacao=1858,,ativo,2026-09-06 12:22,2026-07-23 02:14,
Bernardo Guimarães,Patrono,O Bandido do Rio das Mortes-leia Descrição,1922,48,SIM,https://www.estantevirtual.com.br/busca?nsCat=Natural&q=Bernardo%20Guimar%C3%A3es%20O%20Bandido%20do%20Rio%20das%20Mortes-leia%20Descri%C3%A7%C3%A3o&searchField=titulo-autor&ano-de-publicacao=1922,,ativo,2026-09-06 12:22,2026-07-23 02:14,
Bernardo Guimarães,Patrono,2 Volms Rozaura a Engeitada,1914,182.40,SIM,https://www.estantevirtual.com.br/busca?nsCat=Natural&q=Bernardo%20Guimar%C3%A3es%202%20Volms%20Rozaura%20a%20Engeitada&searchField=titulo-autor&ano-de-publicacao=1914,,ativo,2026-09-06 12:22,2026-07-23 02:14,
Bernardo Guimarães,Patrono,"Rozaura, a Engeitada - 2 Volumes",1900,350,SIM,https://www.estantevirtual.com.br/busca?nsCat=Natural&q=Bernardo%20Guimar%C3%A3es%20Rozaura%2C%20a%20Engeitada%20-%202%20Volumes&searchField=titulo-autor&ano-de-publicacao=1900,,ativo,2026-09-06 12:22,2026-07-23 02:14,
Bernardo Guimarães,Patrono,Historia e Tradições da Provincia de Minas-geraes,1901,480,SIM,https://www.estantevirtual.com.br/busca?nsCat=Natural&q=Bernardo%20Guimar%C3%A3es%20Historia%20e%20Tradi%C3%A7%C3%B5es%20da%20Provincia%20de%20Minas-geraes&searchField=titulo-autor&ano-de-publicacao=1901,,ativo,2026-09-06 12:22,2026-07-23 02:14,
Bernardo Guimarães,Patrono,O Garimpeiro - 2ª Edição,1895,150,SIM,https://www.estantevirtual.com.br/busca?nsCat=Natural&q=Bernardo%20Guimar%C3%A3es%20O%20Garimpeiro%20-%202%C2%AA%20Edi%C3%A7%C3%A3o&searchField=titulo-autor&ano-de-publicacao=1895,,ativo,2026-09-06 12:22,2026-07-23 02:14,
Bernardo Guimarães,Patrono,História e Tradições da Província de Minas Gerais - 2ª Edição,1901,200,SIM,https://www.estantevirtual.com.br/livro/historia-e-tradicoes-da-provincia-de-minas-gerais-2-edicao-grp-22O-3112-000?_preco=3000-10000000&tipo-de-livro=usado,,ativo,2026-09-06 12:22,2026-07-23 02:14,O Buquineiro
Bernardo Guimarães,Patrono,O Seminarista,1895,220,SIM,https://www.estantevirtual.com.br/livro/o-seminarista-HI2-0225-000-BK,,ativo,2026-09-06 12:22,2026-07-23 02:14,
Bernardo Guimarães,Patrono,O Ermitão do Muquem,1898,145,SIM,https://www.estantevirtual.com.br/busca?nsCat=Natural&q=Bernardo%20Guimar%C3%A3es%20O%20Ermit%C3%A3o%20do%20Muquem&searchField=titulo-autor&ano-de-publicacao=1898,,ativo,2026-09-06 12:22,2026-07-23 02:14,
Bernardo Guimarães,Patrono,Lendas e Romances - 2ª Edição,1900,150,SIM,https://www.estantevirtual.com.br/busca?nsCat=Natural&q=Bernardo%20Guimar%C3%A3es%20Lendas%20e%20Romances%20-%202%C2%AA%20Edi%C3%A7%C3%A3o&searchField=titulo-autor&ano-de-publicacao=1900,,ativo,2026-09-06 12:22,2026-07-23 02:14,
Bernardo Guimarães,Patrono,Maurício - 1ª Edição,1877,450,SIM,https://www.estantevirtual.com.br/busca?nsCat=Natural&q=Bernardo%20Guimar%C3%A3es%20Maur%C3%ADcio%20-%201%C2%AA%20Edi%C3%A7%C3%A3o&searchField=titulo-autor&ano-de-publicacao=1877,,ativo,2026-09-06 12:22,2026-07-23 02:14,
Bernardo Guimarães,Patrono,Lendas e Romances - 2ª Edição,1900,125,SIM,https://www.estantevirtual.com.br/busca?nsCat=Natural&q=Bernardo%20Guimar%C3%A3es%20Lendas%20e%20Romances%20-%202%C2%AA%20Edi%C3%A7%C3%A3o&searchField=titulo-autor&ano-de-publicacao=1900,,ativo,2026-09-06 12:22,2026-07-23 02:14,
Bernardo Guimarães,Patrono,O Garimpeiro - 2ª Edição,1895,125,SIM,https://www.estantevirtual.com.br/busca?nsCat=Natural&q=Bernardo%20Guimar%C3%A3es%20O%20Garimpeiro%20-%202%C2%AA%20Edi%C3%A7%C3%A3o&searchField=titulo-autor&ano-de-publicacao=1895,,ativo,2026-09-06 12:22,2026-07-23 02:14,
Bernardo Guimarães,Patrono,Maurício - 1ª Edição,1877,850,SIM,https://www.estantevirtual.com.br/busca?nsCat=Natural&q=Bernardo%20Guimar%C3%A3es%20Maur%C3%ADcio%20-%201%C2%AA%20Edi%C3%A7%C3%A3o&searchField=titulo-autor&ano-de-publicacao=1877,,ativo,2026-09-06 12:22,2026-07-23 02:14,
Bernardo Guimarães,Patrono,O Bandido do Rio das Mortes,1922,125,SIM,https://www.estantevirtual.com.br/busca?nsCat=Natural&q=Bernardo%20Guimar%C3%A3es%20O%20Bandido%20do%20Rio%20das%20Mortes&searchField=titulo-autor&ano-de-publicacao=1922,,ativo,2026-09-06 12:23,2026-07-23 02:14,
Bernardo Guimarães,Patrono,O Garimpeiro - 2ª Edição,1895,175,SIM,https://www.estantevirtual.com.br/busca?nsCat=Natural&q=Bernardo%20Guimar%C3%A3es%20O%20Garimpeiro%20-%202%C2%AA%20Edi%C3%A7%C3%A3o&searchField=titulo-autor&ano-de-publicacao=1895,,ativo,2026-09-06 12:23,2026-07-23 02:14,
Bernardo Guimarães,Patrono,O Ermitão do Muquem Ou História da Fundação da Romaria de Muquem Na,1928,60,SIM,https://www.estantevirtual.com.br/busca?nsCat=Natural&q=Bernardo%20Guimar%C3%A3es%20O%20Ermit%C3%A3o%20do%20Muquem%20Ou%20Hist%C3%B3ria%20da%20Funda%C3%A7%C3%A3o%20da%20Romaria%20de%20Muquem%20Na&searchField=titulo-autor&ano-de-publicacao=1928,,ativo,2026-09-06 12:23,2026-07-23 02:14,
Bernardo Guimarães,Patrono,Ermitão do Muquem,1898,250,SIM,https://www.estantevirtual.com.br/busca?nsCat=Natural&q=Bernardo%20Guimar%C3%A3es%20Ermit%C3%A3o%20do%20Muquem&searchField=titulo-autor&ano-de-publicacao=1898,,ativo,2026-09-06 12:23,2026-07-23 02:14,
Bernardo Guimarães,Patrono,O Garimpeiro,1895,69,SIM,https://www.estantevirtual.com.br/busca?nsCat=Natural&q=Bernardo%20Guimar%C3%A3es%20O%20Garimpeiro&searchField=titulo-autor&ano-de-publicacao=1895,,ativo,2026-09-06 12:23,2026-07-23 02:14,
Bernardo Guimarães,Patrono,A Ilha Maldita,1930,460,SIM,https://www.estantevirtual.com.br/busca?nsCat=Natural&q=Bernardo%20Guimar%C3%A3es%20A%20Ilha%20Maldita&searchField=titulo-autor&ano-de-publicacao=1930,,ativo,2026-09-06 12:23,2026-07-23 02:14,
Bernardo Guimarães,Patrono,A Escrava Isaura,1928,40,SIM,https://www.estantevirtual.com.br/busca?nsCat=Natural&q=Bernardo%20Guimar%C3%A3es%20A%20Escrava%20Isaura&searchField=titulo-autor&ano-de-publicacao=1928,,ativo,2026-09-06 12:23,2026-07-23 02:14,
Bernardo Guimarães,Patrono,Mauricio Ou os Paulistas Em S. Joao del Rei 1ª Ediçao,1877,180,SIM,https://www.estantevirtual.com.br/busca?nsCat=Natural&q=Bernardo%20Guimar%C3%A3es%20Mauricio%20Ou%20os%20Paulistas%20Em%20S.%20Joao%20del%20Rei%201%C2%AA%20Edi%C3%A7ao&searchField=titulo-autor&ano-de-publicacao=1877,,ativo,2026-09-06 12:23,2026-07-23 02:14,
Bernardo Guimarães,Patrono,O Garimpeiro - 2 Edição,1895,160,SIM,https://www.estantevirtual.com.br/busca?nsCat=Natural&q=Bernardo%20Guimar%C3%A3es%20O%20Garimpeiro%20-%202%20Edi%C3%A7%C3%A3o&searchField=titulo-autor&ano-de-publicacao=1895,,ativo,2026-09-06 12:23,2026-07-23 02:14,
Bernardo Guimarães,Patrono,O Garimpeiro,1895,160,SIM,https://www.estantevirtual.com.br/busca?nsCat=Natural&q=Bernardo%20Guimar%C3%A3es%20O%20Garimpeiro&searchField=titulo-autor&ano-de-publicacao=1895,,ativo,2026-09-06 12:23,2026-07-23 02:14,
Bernardo Guimarães,Patrono,O Bandido do Rio das Mortes,1922,220,SIM,https://www.estantevirtual.com.br/busca?nsCat=Natural&q=Bernardo%20Guimar%C3%A3es%20O%20Bandido%20do%20Rio%20das%20Mortes&searchField=titulo-autor&ano-de-publicacao=1922,,ativo,2026-09-06 12:23,2026-07-23 02:14,
Bernardo Guimarães,Patrono,O Ermitão do Muquem,1928,40,SIM,https://www.estantevirtual.com.br/busca?nsCat=Natural&q=Bernardo%20Guimar%C3%A3es%20O%20Ermit%C3%A3o%20do%20Muquem&searchField=titulo-autor&ano-de-publicacao=1928,,ativo,2026-09-06 12:23,2026-07-23 02:14,
Bernardo Guimarães,Patrono,Folhas do Outono,1883,1200,SIM,https://www.estantevirtual.com.br/busca?nsCat=Natural&q=Bernardo%20Guimar%C3%A3es%20Folhas%20do%20Outono&searchField=titulo-autor&ano-de-publicacao=1883,,ativo,2026-09-06 12:23,2026-07-23 02:14,
Bernardo Guimarães,Patrono,O Garimpeiro,1895,350,SIM,https://www.estantevirtual.com.br/busca?nsCat=Natural&q=Bernardo%20Guimar%C3%A3es%20O%20Garimpeiro&searchField=titulo-autor&ano-de-publicacao=1895,,ativo,2026-09-06 12:23,2026-07-23 02:14,
Bernardo Guimarães,Patrono,O Garimpeiro,1921,240,SIM,https://www.estantevirtual.com.br/busca?nsCat=Natural&q=Bernardo%20Guimar%C3%A3es%20O%20Garimpeiro&searchField=titulo-autor&ano-de-publicacao=1921,,ativo,2026-09-06 12:23,2026-07-23 02:14,
Bernardo Guimarães,Patrono,O Ermitão do Muquem,1895,200,SIM,https://www.estantevirtual.com.br/busca?nsCat=Natural&q=Bernardo%20Guimar%C3%A3es%20O%20Ermit%C3%A3o%20do%20Muquem&searchField=titulo-autor&ano-de-publicacao=1895,,ativo,2026-09-06 12:23,2026-07-23 02:14,
Bernardo Guimarães,Patrono,O Ermitão do Muquem,1898,200,SIM,https://www.estantevirtual.com.br/busca?nsCat=Natural&q=Bernardo%20Guimar%C3%A3es%20O%20Ermit%C3%A3o%20do%20Muquem&searchField=titulo-autor&ano-de-publicacao=1898,,ativo,2026-09-06 12:23,2026-07-23 02:14,
Bernardo Guimarães,Patrono,O Ermitão do Muquem,1898,220,SIM,https://www.estantevirtual.com.br/busca?nsCat=Natural&q=Bernardo%20Guimar%C3%A3es%20O%20Ermit%C3%A3o%20do%20Muquem&searchField=titulo-autor&ano-de-publicacao=1898,,ativo,2026-09-06 12:23,2026-07-23 02:14,
Bernardo Guimarães,Patrono,O Ermitão do Muquem,1929,95,SIM,https://www.estantevirtual.com.br/busca?nsCat=Natural&q=Bernardo%20Guimar%C3%A3es%20O%20Ermit%C3%A3o%20do%20Muquem&searchField=titulo-autor&ano-de-publicacao=1929,,ativo,2026-09-06 12:24,2026-07-23 02:14,
Bernardo Guimarães,Patrono,Mauricio ou Os Paulistas em S. Joao del Rei,1877,600,SIM,https://www.estantevirtual.com.br/busca?nsCat=Natural&q=Bernardo%20Guimar%C3%A3es%20Mauricio%20ou%20Os%20Paulistas%20em%20S.%20Joao%20del%20Rei&searchField=titulo-autor&ano-de-publicacao=1877,,ativo,2026-09-06 12:24,2026-07-23 02:14,
Bernardo Guimarães,Patrono,Mauricio Ou os Paulistas Em S. João Del-rei,1877,190,SIM,https://www.estantevirtual.com.br/busca?nsCat=Natural&q=Bernardo%20Guimar%C3%A3es%20Mauricio%20Ou%20os%20Paulistas%20Em%20S.%20Jo%C3%A3o%20Del-rei&searchField=titulo-autor&ano-de-publicacao=1877,,ativo,2026-09-06 12:24,2026-07-23 02:14,
Casimiro de Abreu,Patrono,Poetas Brazileiros,1895,50,SIM,https://www.estantevirtual.com.br/busca?nsCat=Natural&q=Casimiro%20de%20Abreu%20Poetas%20Brazileiros&searchField=titulo-autor&ano-de-publicacao=1895,,ativo,2026-09-06 12:24,2026-07-23 02:14,
Casimiro de Abreu,Patrono,As Primaveras,1871,350,SIM,https://www.estantevirtual.com.br/busca?nsCat=Natural&q=Casimiro%20de%20Abreu%20As%20Primaveras&searchField=titulo-autor&ano-de-publicacao=1871,,ativo,2026-09-06 12:24,2026-07-23 02:14,
Casimiro de Abreu,Patrono,Obras Completas de Casimiro de Abreu,1895,150,SIM,https://www.estantevirtual.com.br/busca?nsCat=Natural&q=Casimiro%20de%20Abreu%20Obras%20Completas%20de%20Casimiro%20de%20Abreu&searchField=titulo-autor&ano-de-publicacao=1895,,ativo,2026-09-06 12:24,2026-07-23 02:14,
Casimiro de Abreu,Patrono,As Primaveras,1925,45,SIM,https://www.estantevirtual.com.br/busca?nsCat=Natural&q=Casimiro%20de%20Abreu%20As%20Primaveras&searchField=titulo-autor&ano-de-publicacao=1925,,ativo,2026-09-06 12:24,2026-07-23 02:14,
Casimiro de Abreu,Patrono,As Primaveras - 3ª Edição,1875,250,SIM,https://www.estantevirtual.com.br/busca?nsCat=Natural&q=Casimiro%20de%20Abreu%20As%20Primaveras%20-%203%C2%AA%20Edi%C3%A7%C3%A3o&searchField=titulo-autor&ano-de-publicacao=1875,,ativo,2026-09-06 12:24,2026-07-23 02:14,
Casimiro de Abreu,Patrono,Obras de Casimiro de Abreu,1940,80,SIM,https://www.estantevirtual.com.br/busca?nsCat=Natural&q=Casimiro%20de%20Abreu%20Obras%20de%20Casimiro%20de%20Abreu&searchField=titulo-autor&ano-de-publicacao=1940,,ativo,2026-09-06 12:24,2026-07-23 02:14,
Casimiro de Abreu,Patrono,Obras de Casimiro de Abreu,1940,80,SIM,https://www.estantevirtual.com.br/busca?nsCat=Natural&q=Casimiro%20de%20Abreu%20Obras%20de%20Casimiro%20de%20Abreu&searchField=titulo-autor&ano-de-publicacao=1940,,ativo,2026-09-06 12:24,2026-07-23 02:14,
Casimiro de Abreu,Patrono,Obras Completas de Casimiro de Abreu,1895,49.90,SIM,https://www.estantevirtual.com.br/busca?nsCat=Natural&q=Casimiro%20de%20Abreu%20Obras%20Completas%20de%20Casimiro%20de%20Abreu&searchField=titulo-autor&ano-de-publicacao=1895,,ativo,2026-09-06 12:24,2026-07-23 02:14,
Casimiro de Abreu,Patrono,As Primaveras - Accrescentada com Novas Poesias o Camões e o Jáo e Dois Rom,1867,980,SIM,https://www.estantevirtual.com.br/busca?nsCat=Natural&q=Casimiro%20de%20Abreu%20As%20Primaveras%20-%20Accrescentada%20com%20Novas%20Poesias%20o%20Cam%C3%B5es%20e%20o%20J%C3%A1o%20e%20Dois%20Rom&searchField=titulo-autor&ano-de-publicacao=1867,,ativo,2026-09-06 12:24,2026-07-23 02:14,
Casimiro de Abreu,Patrono,Obras de Casimiro de Abreu - Edição Comemorativa do Centenário,1940,120,SIM,https://www.estantevirtual.com.br/busca?nsCat=Natural&q=Casimiro%20de%20Abreu%20Obras%20de%20Casimiro%20de%20Abreu%20-%20Edi%C3%A7%C3%A3o%20Comemorativa%20do%20Centen%C3%A1rio&searchField=titulo-autor&ano-de-publicacao=1940,,ativo,2026-09-06 12:24,2026-07-23 02:14,
Casimiro de Abreu,Patrono,As Primaveras,1925,59.90,SIM,https://www.estantevirtual.com.br/busca?nsCat=Natural&q=Casimiro%20de%20Abreu%20As%20Primaveras&searchField=titulo-autor&ano-de-publicacao=1925,,ativo,2026-09-06 12:24,2026-07-23 02:14,
Casimiro de Abreu,Patrono,Obras Completas,1888,250,SIM,https://www.estantevirtual.com.br/busca?nsCat=Natural&q=Casimiro%20de%20Abreu%20Obras%20Completas&searchField=titulo-autor&ano-de-publicacao=1888,,ativo,2026-09-06 12:24,2026-07-23 02:14,
Casimiro de Abreu,Patrono,As Primaveras,1909,56,SIM,https://www.estantevirtual.com.br/livro/as-primaveras-grp-17S-8015-000?_preco=3000-10000000&tipo-de-livro=usado,,ativo,2026-09-06 12:24,2026-07-23 02:14,Livraria Virtual Incunábulo
Casimiro de Abreu,Patrono,Primaveras 9548,1918,185,SIM,https://www.estantevirtual.com.br/busca?nsCat=Natural&q=Casimiro%20de%20Abreu%20Primaveras%209548&searchField=titulo-autor&ano-de-publicacao=1918,,vendido,2026-07-30 14:33,2026-07-23 02:14,
Casimiro de Abreu,Patrono,As Primaveras Com Poesias Inéditas do Autor- 10507,1927,95,SIM,https://www.estantevirtual.com.br/busca?nsCat=Natural&q=Casimiro%20de%20Abreu%20As%20Primaveras%20Com%20Poesias%20In%C3%A9ditas%20do%20Autor-%2010507&searchField=titulo-autor&ano-de-publicacao=1927,,ativo,2026-09-06 12:24,2026-07-23 02:14,
Castro Alves,Patrono,Obras Completas 2 Volumes,1921,249,SIM,https://www.estantevirtual.com.br/livro/obras-completas-2-volumes-grp-RK1-5114-000?_preco=3000-10000000&tipo-de-livro=usado,,ativo,2026-09-06 12:24,2026-07-23 02:14,Letra Viva
Castro Alves,Patrono,Espumas Fluctuantes,1923,120,SIM,https://www.estantevirtual.com.br/busca?nsCat=Natural&q=Castro%20Alves%20Espumas%20Fluctuantes&searchField=titulo-autor&ano-de-publicacao=1923,,ativo,2026-09-06 12:25,2026-07-23 02:14,
Castro Alves,Patrono,Obras completas - 2 Volumes,1938,109,SIM,https://www.estantevirtual.com.br/busca?nsCat=Natural&q=Castro%20Alves%20Obras%20completas%20-%202%20Volumes&searchField=titulo-autor&ano-de-publicacao=1938,,ativo,2026-09-06 12:25,2026-07-23 02:14,
Castro Alves,Patrono,Obras Completas de Castro Alves - Segundo Tomo,1938,30,SIM,https://www.estantevirtual.com.br/busca?nsCat=Natural&q=Castro%20Alves%20Obras%20Completas%20de%20Castro%20Alves%20-%20Segundo%20Tomo&searchField=titulo-autor&ano-de-publicacao=1938,,ativo,2026-09-06 12:25,2026-07-23 02:14,
Castro Alves,Patrono,Espumas Fluctuantes,1904,40,SIM,https://www.estantevirtual.com.br/busca?nsCat=Natural&q=Castro%20Alves%20Espumas%20Fluctuantes&searchField=titulo-autor&ano-de-publicacao=1904,,ativo,2026-09-06 12:25,2026-07-23 02:14,
Castro Alves,Patrono,Cachoeira de Paulo Affonso e Os Escravos & Correspondencia e Critica,1917,150,SIM,https://www.estantevirtual.com.br/busca?nsCat=Natural&q=Castro%20Alves%20Cachoeira%20de%20Paulo%20Affonso%20e%20Os%20Escravos%20%26%20Correspondencia%20e%20Critica&searchField=titulo-autor&ano-de-publicacao=1917,,ativo,2026-09-06 12:25,2026-07-23 02:14,
Castro Alves,Patrono,Espumas Flutuantes,1870,35,SIM,https://www.estantevirtual.com.br/livro/espumas-flutuantes-e-outros-poemas-0J9-1851-000-BK,,ativo,2026-09-06 12:25,2026-07-23 02:14,
Castro Alves,Patrono,Apologia e Critica,1921,95,SIM,https://www.estantevirtual.com.br/busca?nsCat=Natural&q=Castro%20Alves%20Apologia%20e%20Critica&searchField=titulo-autor&ano-de-publicacao=1921,,ativo,2026-09-06 12:25,2026-07-23 02:14,
Castro Alves,Patrono,Poemas Revolucionários,1921,45,SIM,https://www.estantevirtual.com.br/busca?nsCat=Natural&q=Castro%20Alves%20Poemas%20Revolucion%C3%A1rios&searchField=titulo-autor&ano-de-publicacao=1921,,ativo,2026-09-06 12:25,2026-07-23 02:14,
Castro Alves,Patrono,Obras Completas II,1898,50,SIM,https://www.estantevirtual.com.br/busca?nsCat=Natural&q=Castro%20Alves%20Obras%20Completas%20II&searchField=titulo-autor&ano-de-publicacao=1898,,ativo,2026-09-06 12:25,2026-07-23 02:14,
Castro Alves,Patrono,A Cachoeira de Paulo Affonso - 1ª Edição,1876,1800,SIM,https://www.estantevirtual.com.br/livro/a-cachoeira-de-paulo-affonso-1-edicao-grp-ODN-5681-000?_preco=3000-10000000&tipo-de-livro=usado,,ativo,2026-09-06 12:25,2026-07-23 02:14,O Buquineiro
Castro Alves,Patrono,Poemas Revolucionários,1921,35,SIM,https://www.estantevirtual.com.br/busca?nsCat=Natural&q=Castro%20Alves%20Poemas%20Revolucion%C3%A1rios&searchField=titulo-autor&ano-de-publicacao=1921,,ativo,2026-09-06 12:25,2026-07-23 02:14,
Castro Alves,Patrono,A Cachoeira Paulo Affonso,1888,100,SIM,https://www.estantevirtual.com.br/busca?nsCat=Natural&q=Castro%20Alves%20A%20Cachoeira%20Paulo%20Affonso&searchField=titulo-autor&ano-de-publicacao=1888,,ativo,2026-09-06 12:25,2026-07-23 02:14,
Castro Alves,Patrono,Espumas Flutuantes e Hymnos do Equador,1940,40,SIM,https://www.estantevirtual.com.br/busca?nsCat=Natural&q=Castro%20Alves%20Espumas%20Flutuantes%20e%20Hymnos%20do%20Equador&searchField=titulo-autor&ano-de-publicacao=1940,,ativo,2026-09-06 12:25,2026-07-23 02:14,
Castro Alves,Patrono,Poemas Revolucionarios,1921,38,SIM,https://www.estantevirtual.com.br/livro/poemas-revolucionarios-grp-MU7-8752-000?_preco=3000-10000000&tipo-de-livro=usado,,ativo,2026-09-06 12:25,2026-07-23 02:14,Livraria Virtual Incunábulo
Castro Alves,Patrono,Obras Completas 2 Volumes - 16782,1938,60,SIM,https://www.estantevirtual.com.br/busca?nsCat=Natural&q=Castro%20Alves%20Obras%20Completas%202%20Volumes%20-%2016782&searchField=titulo-autor&ano-de-publicacao=1938,,ativo,2026-09-06 12:25,2026-07-23 02:14,
Castro Alves,Patrono,Volumes 1 e 2: Obras Completas de Castro Alves (edição Crítica),1921,290,SIM,https://www.estantevirtual.com.br/busca?nsCat=Natural&q=Castro%20Alves%20Volumes%201%20e%202%3A%20Obras%20Completas%20de%20Castro%20Alves%20(edi%C3%A7%C3%A3o%20Cr%C3%ADtica)&searchField=titulo-autor&ano-de-publicacao=1921,,ativo,2026-09-06 12:25,2026-07-23 02:14,
Castro Alves,Patrono,Espumas Fluctuantes,1883,190,SIM,https://www.estantevirtual.com.br/busca?nsCat=Natural&q=Castro%20Alves%20Espumas%20Fluctuantes&searchField=titulo-autor&ano-de-publicacao=1883,,ativo,2026-09-06 12:26,2026-07-23 02:14,
Castro Alves,Patrono,Obras Completas de Castro Alves Tomo 2,1938,35,SIM,https://www.estantevirtual.com.br/busca?nsCat=Natural&q=Castro%20Alves%20Obras%20Completas%20de%20Castro%20Alves%20Tomo%202&searchField=titulo-autor&ano-de-publicacao=1938,,ativo,2026-09-06 12:26,2026-07-23 02:14,
Castro Alves,Patrono,Espumas Flutuantes,1919,75,SIM,https://www.estantevirtual.com.br/livro/espumas-flutuantes-e-outros-poemas-0J9-1851-000-BK,,ativo,2026-09-06 12:26,2026-07-23 02:14,
Castro Alves,Patrono,A Cachoeira de Paulo Affonso,1938,35,SIM,https://www.estantevirtual.com.br/busca?nsCat=Natural&q=Castro%20Alves%20A%20Cachoeira%20de%20Paulo%20Affonso&searchField=titulo-autor&ano-de-publicacao=1938,,ativo,2026-09-06 12:26,2026-07-23 02:14,
Castro Alves,Patrono,Espumas Fluctuantes,1913,50,SIM,https://www.estantevirtual.com.br/busca?nsCat=Natural&q=Castro%20Alves%20Espumas%20Fluctuantes&searchField=titulo-autor&ano-de-publicacao=1913,,ativo,2026-09-06 12:26,2026-07-23 02:14,
Castro Alves,Patrono,A Cahoeira de Paulo Affonso. Poema,1910,150,SIM,https://www.estantevirtual.com.br/busca?nsCat=Natural&q=Castro%20Alves%20A%20Cahoeira%20de%20Paulo%20Affonso.%20Poema&searchField=titulo-autor&ano-de-publicacao=1910,,ativo,2026-09-06 12:26,2026-07-23 02:14,
Castro Alves,Patrono,Espumas Fluctuantes. Nova Edição Correcta e Augmentada,1913,70,SIM,https://www.estantevirtual.com.br/busca?nsCat=Natural&q=Castro%20Alves%20Espumas%20Fluctuantes.%20Nova%20Edi%C3%A7%C3%A3o%20Correcta%20e%20Augmentada&searchField=titulo-autor&ano-de-publicacao=1913,,ativo,2026-09-06 12:26,2026-07-23 02:14,
Castro Alves,Patrono,A Cachoeira de Paulo Afonso - 2ª Edição,1882,380,SIM,https://www.estantevirtual.com.br/busca?nsCat=Natural&q=Castro%20Alves%20A%20Cachoeira%20de%20Paulo%20Afonso%20-%202%C2%AA%20Edi%C3%A7%C3%A3o&searchField=titulo-autor&ano-de-publicacao=1882,,ativo,2026-09-06 12:26,2026-07-23 02:14,
Castro Alves,Patrono,A Cachoeira de Paulo Afonso - 1ª Edição,1876,1200,SIM,https://www.estantevirtual.com.br/busca?nsCat=Natural&q=Castro%20Alves%20A%20Cachoeira%20de%20Paulo%20Afonso%20-%201%C2%AA%20Edi%C3%A7%C3%A3o&searchField=titulo-autor&ano-de-publicacao=1876,,ativo,2026-09-06 12:26,2026-07-23 02:14,
Castro Alves,Patrono,A Cachoeira de Paulo Afonso,1884,350,SIM,https://www.estantevirtual.com.br/busca?nsCat=Natural&q=Castro%20Alves%20A%20Cachoeira%20de%20Paulo%20Afonso&searchField=titulo-autor&ano-de-publicacao=1884,,ativo,2026-09-06 12:26,2026-07-23 02:14,
Castro Alves,Patrono,A Cachoeira de Paulo-affonso - 1ª Edição / Livros Raros,1876,650,SIM,https://www.estantevirtual.com.br/busca?nsCat=Natural&q=Castro%20Alves%20A%20Cachoeira%20de%20Paulo-affonso%20-%201%C2%AA%20Edi%C3%A7%C3%A3o%20%2F%20Livros%20Raros&searchField=titulo-autor&ano-de-publicacao=1876,,ativo,2026-09-06 12:26,2026-07-23 02:14,
Castro Alves,Patrono,A Cachoeira de Paulo Afonso,1888,250,SIM,https://www.estantevirtual.com.br/busca?nsCat=Natural&q=Castro%20Alves%20A%20Cachoeira%20de%20Paulo%20Afonso&searchField=titulo-autor&ano-de-publicacao=1888,,ativo,2026-09-06 12:26,2026-07-23 02:14,
Castro Alves,Patrono,A Cacheoria de Paulo Afonso,1906,145,SIM,https://www.estantevirtual.com.br/busca?nsCat=Natural&q=Castro%20Alves%20A%20Cacheoria%20de%20Paulo%20Afonso&searchField=titulo-autor&ano-de-publicacao=1906,,ativo,2026-09-06 12:26,2026-07-23 02:14,
Castro Alves,Patrono,A Cachoeira de Paulo Afonso,1910,75,SIM,https://www.estantevirtual.com.br/busca?nsCat=Natural&q=Castro%20Alves%20A%20Cachoeira%20de%20Paulo%20Afonso&searchField=titulo-autor&ano-de-publicacao=1910,,ativo,2026-09-06 12:26,2026-07-23 02:14,
Castro Alves,Patrono,A Cachoeira de Paulo Afonso,1902,90,SIM,https://www.estantevirtual.com.br/busca?nsCat=Natural&q=Castro%20Alves%20A%20Cachoeira%20de%20Paulo%20Afonso&searchField=titulo-autor&ano-de-publicacao=1902,,ativo,2026-09-06 12:26,2026-07-23 02:14,
Castro Alves,Patrono,A Cachoeira de Paulo Afonso,1906,90,SIM,https://www.estantevirtual.com.br/busca?nsCat=Natural&q=Castro%20Alves%20A%20Cachoeira%20de%20Paulo%20Afonso&searchField=titulo-autor&ano-de-publicacao=1906,,ativo,2026-09-06 12:26,2026-07-23 02:14,
Castro Alves,Patrono,A Cachoeira de Paulo Afonso - 2ª Edição,1882,550,SIM,https://www.estantevirtual.com.br/busca?nsCat=Natural&q=Castro%20Alves%20A%20Cachoeira%20de%20Paulo%20Afonso%20-%202%C2%AA%20Edi%C3%A7%C3%A3o&searchField=titulo-autor&ano-de-publicacao=1882,,ativo,2026-09-06 12:26,2026-07-23 02:14,
Castro Alves,Patrono,Espumas Fluctuantes,1920,150,SIM,https://www.estantevirtual.com.br/busca?nsCat=Natural&q=Castro%20Alves%20Espumas%20Fluctuantes&searchField=titulo-autor&ano-de-publicacao=1920,,ativo,2026-09-06 12:27,2026-07-23 02:14,
Castro Alves,Patrono,Espumas Fluctuantes,1926,30,SIM,https://www.estantevirtual.com.br/busca?nsCat=Natural&q=Castro%20Alves%20Espumas%20Fluctuantes&searchField=titulo-autor&ano-de-publicacao=1926,,ativo,2026-09-06 12:27,2026-07-23 02:14,
Castro Alves,Patrono,Collecção de Autores Célebres - Espumas Fluctuantes,1919,90,SIM,https://www.estantevirtual.com.br/busca?nsCat=Natural&q=Castro%20Alves%20Collec%C3%A7%C3%A3o%20de%20Autores%20C%C3%A9lebres%20-%20Espumas%20Fluctuantes&searchField=titulo-autor&ano-de-publicacao=1919,,ativo,2026-09-06 12:27,2026-07-23 02:14,
Castro Alves,Patrono,A Cachoeira de Paulo Affonso Manuscriptos de Stenio/ Gonzaga Ou A,1910,100,SIM,https://www.estantevirtual.com.br/busca?nsCat=Natural&q=Castro%20Alves%20A%20Cachoeira%20de%20Paulo%20Affonso%20Manuscriptos%20de%20Stenio%2F%20Gonzaga%20Ou%20A&searchField=titulo-autor&ano-de-publicacao=1910,,ativo,2026-09-06 12:27,2026-07-23 02:14,
Castro Alves,Patrono,Espumas Flutuantes - Poezias,1880,265,SIM,https://www.estantevirtual.com.br/busca?nsCat=Natural&q=Castro%20Alves%20Espumas%20Flutuantes%20-%20Poezias&searchField=titulo-autor&ano-de-publicacao=1880,,ativo,2026-09-06 12:27,2026-07-23 02:14,
Castro Alves,Patrono,Espumas Fluctuantes (nova Edição Correcta e Augmentada),1913,70,SIM,https://www.estantevirtual.com.br/busca?nsCat=Natural&q=Castro%20Alves%20Espumas%20Fluctuantes%20(nova%20Edi%C3%A7%C3%A3o%20Correcta%20e%20Augmentada)&searchField=titulo-autor&ano-de-publicacao=1913,,ativo,2026-09-06 12:27,2026-07-23 02:14,
Castro Alves,Patrono,A Cachoeira de Paulo Afonso,1876,945,SIM,https://www.estantevirtual.com.br/busca?nsCat=Natural&q=Castro%20Alves%20A%20Cachoeira%20de%20Paulo%20Afonso&searchField=titulo-autor&ano-de-publicacao=1876,,ativo,2026-09-06 12:27,2026-07-23 02:14,
Castro Alves,Patrono,Obras Completas de Castro Alves Vols 1 e 2,1921,370,SIM,https://www.estantevirtual.com.br/busca?nsCat=Natural&q=Castro%20Alves%20Obras%20Completas%20de%20Castro%20Alves%20Vols%201%20e%202&searchField=titulo-autor&ano-de-publicacao=1921,,ativo,2026-09-06 12:27,2026-07-23 02:14,
Castro Alves,Patrono,Hymnos do Equador ( Obras Completas ),1934,149,SIM,https://www.estantevirtual.com.br/busca?nsCat=Natural&q=Castro%20Alves%20Hymnos%20do%20Equador%20(%20Obras%20Completas%20)&searchField=titulo-autor&ano-de-publicacao=1934,,ativo,2026-09-06 12:27,2026-07-23 02:14,
Castro Alves,Patrono,Obras Completas de Castro Alves - 2 Volumes,1921,289,SIM,https://www.estantevirtual.com.br/busca?nsCat=Natural&q=Castro%20Alves%20Obras%20Completas%20de%20Castro%20Alves%20-%202%20Volumes&searchField=titulo-autor&ano-de-publicacao=1921,,ativo,2026-09-06 12:27,2026-07-23 02:14,
Castro Alves,Patrono,Os Escravos / Gonzaga Ou a Revolução de Minas / Espumas Fluctuantes,1920,58,SIM,https://www.estantevirtual.com.br/livro/os-escravos-gonzaga-ou-a-revolucao-de-minas-espumas-fluctuantes-grp-1SJ-5165-000?_preco=3000-10000000&tipo-de-livro=usado,,ativo,2026-09-06 12:27,2026-07-23 02:14,Bookbom Sebo
Castro Alves,Patrono,Obras Completas de Castro Alves,1921,100,SIM,https://www.estantevirtual.com.br/busca?nsCat=Natural&q=Castro%20Alves%20Obras%20Completas%20de%20Castro%20Alves&searchField=titulo-autor&ano-de-publicacao=1921,,ativo,2026-09-06 12:27,2026-07-23 02:14,
Castro Alves,Patrono,Jornal de Ala II - o Poeta sem Túmulo - 5,1939,68,SIM,https://www.estantevirtual.com.br/busca?nsCat=Natural&q=Castro%20Alves%20Jornal%20de%20Ala%20II%20-%20o%20Poeta%20sem%20T%C3%BAmulo%20-%205&searchField=titulo-autor&ano-de-publicacao=1939,,ativo,2026-09-06 12:27,2026-07-23 02:14,
Castro Alves,Patrono,Espumas Fluctuantes,1904,87.72,SIM,https://www.estantevirtual.com.br/busca?nsCat=Natural&q=Castro%20Alves%20Espumas%20Fluctuantes&searchField=titulo-autor&ano-de-publicacao=1904,,ativo,2026-09-06 12:27,2026-07-23 02:14,
Castro Alves,Patrono,Obras Completas Em 02 Tomos,1938,36,SIM,https://www.estantevirtual.com.br/busca?nsCat=Natural&q=Castro%20Alves%20Obras%20Completas%20Em%2002%20Tomos&searchField=titulo-autor&ano-de-publicacao=1938,,ativo,2026-09-06 12:27,2026-07-23 02:14,
Castro Alves,Patrono,Espumas Fluctuantes e Hymnos do Equador,1940,65.90,SIM,https://www.estantevirtual.com.br/busca?nsCat=Natural&q=Castro%20Alves%20Espumas%20Fluctuantes%20e%20Hymnos%20do%20Equador&searchField=titulo-autor&ano-de-publicacao=1940,,ativo,2026-09-06 12:27,2026-07-23 02:14,
Castro Alves,Patrono,"A Cachoeira de Paulo Affonso, Manuscriptos de Stenio, Gonzaga",1888,221.90,SIM,https://www.estantevirtual.com.br/livro/a-cachoeira-de-paulo-affonso-manuscriptos-de-stenio-gonzaga-grp-1HF-4716-000?_preco=3000-10000000&tipo-de-livro=usado,,ativo,2026-09-06 12:28,2026-07-23 02:14,Letras e Letras
Castro Alves,Patrono,Espumas Fluctuantes,1922,58,SIM,https://www.estantevirtual.com.br/busca?nsCat=Natural&q=Castro%20Alves%20Espumas%20Fluctuantes&searchField=titulo-autor&ano-de-publicacao=1922,,ativo,2026-09-06 12:28,2026-07-23 02:14,
Castro Alves,Patrono,Espumas Fluctuantes,1928,35,SIM,https://www.estantevirtual.com.br/busca?nsCat=Natural&q=Castro%20Alves%20Espumas%20Fluctuantes&searchField=titulo-autor&ano-de-publicacao=1928,,ativo,2026-09-06 12:28,2026-07-23 02:14,
Castro Alves,Patrono,A Cachoeira de Paulo Affonso-1ª Edição,1876,600,SIM,https://www.estantevirtual.com.br/busca?nsCat=Natural&q=Castro%20Alves%20A%20Cachoeira%20de%20Paulo%20Affonso-1%C2%AA%20Edi%C3%A7%C3%A3o&searchField=titulo-autor&ano-de-publicacao=1876,,ativo,2026-09-06 12:28,2026-07-23 02:14,
Castro Alves,Patrono,Espumas Fluctuantes,1875,2500,SIM,https://www.estantevirtual.com.br/busca?nsCat=Natural&q=Castro%20Alves%20Espumas%20Fluctuantes&searchField=titulo-autor&ano-de-publicacao=1875,,ativo,2026-09-06 12:28,2026-07-23 02:14,
Castro Alves,Patrono,Espumas Fluctuantes,1904,150,SIM,https://www.estantevirtual.com.br/busca?nsCat=Natural&q=Castro%20Alves%20Espumas%20Fluctuantes&searchField=titulo-autor&ano-de-publicacao=1904,,ativo,2026-09-06 12:28,2026-07-23 02:14,
Castro Alves,Patrono,A Cachoeira de Paulo-affonso,1876,1500,SIM,https://www.estantevirtual.com.br/busca?nsCat=Natural&q=Castro%20Alves%20A%20Cachoeira%20de%20Paulo-affonso&searchField=titulo-autor&ano-de-publicacao=1876,,ativo,2026-09-06 12:28,2026-07-23 02:14,
Castro Alves,Patrono,A Cachoeira de Paulo Affonso. 1ª Edição,1876,1800,SIM,https://www.estantevirtual.com.br/busca?nsCat=Natural&q=Castro%20Alves%20A%20Cachoeira%20de%20Paulo%20Affonso.%201%C2%AA%20Edi%C3%A7%C3%A3o&searchField=titulo-autor&ano-de-publicacao=1876,,ativo,2026-09-06 12:28,2026-07-23 02:14,
Castro Alves,Patrono,Espumas Flutuantes,1917,40,SIM,https://www.estantevirtual.com.br/livro/espumas-flutuantes-e-outros-poemas-0J9-1851-000-BK,,ativo,2026-09-06 12:28,2026-07-23 02:14,
Castro Alves,Patrono,A Cachoeira de Paulo-affono,1876,1500,SIM,https://www.estantevirtual.com.br/busca?nsCat=Natural&q=Castro%20Alves%20A%20Cachoeira%20de%20Paulo-affono&searchField=titulo-autor&ano-de-publicacao=1876,,ativo,2026-09-06 12:28,2026-07-23 02:14,
Castro Alves,Patrono,A Cachoeira de Paulo Affonso,1902,90,SIM,https://www.estantevirtual.com.br/busca?nsCat=Natural&q=Castro%20Alves%20A%20Cachoeira%20de%20Paulo%20Affonso&searchField=titulo-autor&ano-de-publicacao=1902,,ativo,2026-09-06 12:28,2026-07-23 02:14,
Castro Alves,Patrono,A Cachoeira de Paulo Affonso - os Escravos,1938,35,SIM,https://www.estantevirtual.com.br/busca?nsCat=Natural&q=Castro%20Alves%20A%20Cachoeira%20de%20Paulo%20Affonso%20-%20os%20Escravos&searchField=titulo-autor&ano-de-publicacao=1938,,ativo,2026-09-06 12:28,2026-07-23 02:14,
Castro Alves,Patrono,Obras Completas Castro Alves Segundo Volume,1921,42.99,SIM,https://www.estantevirtual.com.br/busca?nsCat=Natural&q=Castro%20Alves%20Obras%20Completas%20Castro%20Alves%20Segundo%20Volume&searchField=titulo-autor&ano-de-publicacao=1921,,ativo,2026-09-06 12:28,2026-07-23 02:14,
Cláudio Manoel da Costa,Patrono,Obras Poéticas - Coleção Completa Em 2 Tomos.,1903,640,SIM,https://www.estantevirtual.com.br/livro/obras-poeticas-colecao-completa-em-2-tomos-grp-GTX-1105-000?_preco=3000-10000000&tipo-de-livro=usado,,ativo,2026-09-06 12:28,2026-07-23 02:14,Buriti Sebo Literário
Cláudio Manoel da Costa,Patrono,Obras Poeticas.,1903,990,SIM,https://www.estantevirtual.com.br/busca?nsCat=Natural&q=Cl%C3%A1udio%20Manoel%20da%20Costa%20Obras%20Poeticas.&searchField=titulo-autor&ano-de-publicacao=1903,,ativo,2026-09-06 12:28,2026-07-23 02:14,
Evaristo da Veiga,Patrono,Poesias,1915,180,SIM,https://www.estantevirtual.com.br/livro/poesias-grp-17Y-5327-000?_preco=3000-10000000&tipo-de-livro=usado,,ativo,2026-09-06 12:28,2026-07-23 02:14,Livraria Virtual Incunábulo
Fagundes Varela,Patrono,Obras Completas de Fagundes Varela - Edição de Época Capa Dura,1892,3598.90,SIM,https://www.estantevirtual.com.br/busca?nsCat=Natural&q=Fagundes%20Varela%20Obras%20Completas%20de%20Fagundes%20Varela%20-%20Edi%C3%A7%C3%A3o%20de%20%C3%89poca%20Capa%20Dura&searchField=titulo-autor&ano-de-publicacao=1892,,ativo,2026-09-06 12:28,2026-07-23 02:14,
Fagundes Varela,Patrono,Anchieta Ou o Evangelho Nas Selvas - 1ª Edição,1875,850,SIM,https://www.estantevirtual.com.br/busca?nsCat=Natural&q=Fagundes%20Varela%20Anchieta%20Ou%20o%20Evangelho%20Nas%20Selvas%20-%201%C2%AA%20Edi%C3%A7%C3%A3o&searchField=titulo-autor&ano-de-publicacao=1875,,vendido,2026-08-08 11:15,2026-07-23 02:14,
França Júnior,Patrono,Folhetins - Publicados na Gazeta de Notícias,1915,40,SIM,https://www.estantevirtual.com.br/busca?nsCat=Natural&q=Fran%C3%A7a%20J%C3%BAnior%20Folhetins%20-%20Publicados%20na%20Gazeta%20de%20Not%C3%ADcias&searchField=titulo-autor&ano-de-publicacao=1915,,vendido,2026-08-17 10:06,2026-07-23 02:14,
França Júnior,Patrono,Folhetins - Publicados na Gazeta de Notícias,1915,45,SIM,https://www.estantevirtual.com.br/busca?nsCat=Natural&q=Fran%C3%A7a%20J%C3%BAnior%20Folhetins%20-%20Publicados%20na%20Gazeta%20de%20Not%C3%ADcias&searchField=titulo-autor&ano-de-publicacao=1915,,ativo,2026-09-06 12:29,2026-07-23 02:14,
França Júnior,Patrono,Folhetins,1915,80,SIM,https://www.estantevirtual.com.br/busca?nsCat=Natural&q=Fran%C3%A7a%20J%C3%BAnior%20Folhetins&searchField=titulo-autor&ano-de-publicacao=1915,,ativo,2026-09-06 12:29,2026-07-23 02:14,
França Júnior,Patrono,Folhetins,1915,45,SIM,https://www.estantevirtual.com.br/busca?nsCat=Natural&q=Fran%C3%A7a%20J%C3%BAnior%20Folhetins&searchField=titulo-autor&ano-de-publicacao=1915,,ativo,2026-09-06 12:29,2026-07-23 02:14,
França Júnior,Patrono,Folhetins,1915,50,SIM,https://www.estantevirtual.com.br/busca?nsCat=Natural&q=Fran%C3%A7a%20J%C3%BAnior%20Folhetins&searchField=titulo-autor&ano-de-publicacao=1915,,ativo,2026-09-06 12:29,2026-07-23 02:14,
França Júnior,Patrono,FOLHETINS PUBLICADOS NA GAZETA DE NOTÍCIAS,1915,40,SIM,https://www.estantevirtual.com.br/busca?nsCat=Natural&q=Fran%C3%A7a%20J%C3%BAnior%20FOLHETINS%20PUBLICADOS%20NA%20GAZETA%20DE%20NOT%C3%8DCIAS&searchField=titulo-autor&ano-de-publicacao=1915,,ativo,2026-09-06 12:29,2026-07-23 02:14,
França Júnior,Patrono,Folhetins,1915,40,SIM,https://www.estantevirtual.com.br/busca?nsCat=Natural&q=Fran%C3%A7a%20J%C3%BAnior%20Folhetins&searchField=titulo-autor&ano-de-publicacao=1915,,ativo,2026-09-06 12:29,2026-07-23 02:14,
França Júnior,Patrono,Folhetins 1926,1926,50,SIM,https://www.estantevirtual.com.br/busca?nsCat=Natural&q=Fran%C3%A7a%20J%C3%BAnior%20Folhetins%201926&searchField=titulo-autor&ano-de-publicacao=1926,,ativo,2026-09-06 12:29,2026-07-23 02:14,
França Júnior,Patrono,Folhetins,1915,140,SIM,https://www.estantevirtual.com.br/busca?nsCat=Natural&q=Fran%C3%A7a%20J%C3%BAnior%20Folhetins&searchField=titulo-autor&ano-de-publicacao=1915,,ativo,2026-09-06 12:29,2026-07-23 02:14,
França Júnior,Patrono,Folhetins,1926,60,SIM,https://www.estantevirtual.com.br/busca?nsCat=Natural&q=Fran%C3%A7a%20J%C3%BAnior%20Folhetins&searchField=titulo-autor&ano-de-publicacao=1926,,ativo,2026-09-06 12:29,2026-07-23 02:14,
França Júnior,Patrono,Folhetins,1926,62,SIM,https://www.estantevirtual.com.br/busca?nsCat=Natural&q=Fran%C3%A7a%20J%C3%BAnior%20Folhetins&searchField=titulo-autor&ano-de-publicacao=1926,,ativo,2026-09-06 12:29,2026-07-23 02:14,
França Júnior,Patrono,Folhetins,1915,80,SIM,https://www.estantevirtual.com.br/busca?nsCat=Natural&q=Fran%C3%A7a%20J%C3%BAnior%20Folhetins&searchField=titulo-autor&ano-de-publicacao=1915,,ativo,2026-09-06 12:29,2026-07-23 02:14,
França Júnior,Patrono,Folhetins,1926,60,SIM,https://www.estantevirtual.com.br/busca?nsCat=Natural&q=Fran%C3%A7a%20J%C3%BAnior%20Folhetins&searchField=titulo-autor&ano-de-publicacao=1926,,ativo,2026-09-06 12:29,2026-07-23 02:14,
França Júnior,Patrono,Folhetins - Publicados na Gazeta de Notícias,1915,45,SIM,https://www.estantevirtual.com.br/busca?nsCat=Natural&q=Fran%C3%A7a%20J%C3%BAnior%20Folhetins%20-%20Publicados%20na%20Gazeta%20de%20Not%C3%ADcias&searchField=titulo-autor&ano-de-publicacao=1915,,ativo,2026-09-06 12:29,2026-07-23 02:14,
França Júnior,Patrono,Folhetins - 4° Edição Aumentada,1926,100,SIM,https://www.estantevirtual.com.br/livro/folhetins-4-edicao-aumentada-grp-0UJ-9015-000?_preco=3000-10000000&tipo-de-livro=usado,,ativo,2026-09-06 12:29,2026-07-23 02:14,Iluminações Livros e Cds
Francisco Adolfo de Varnhagen,Patrono,História Geral do Brazil - 2 Volumes,1877,2790,SIM,https://www.estantevirtual.com.br/busca?nsCat=Natural&q=Francisco%20Adolfo%20de%20Varnhagen%20Hist%C3%B3ria%20Geral%20do%20Brazil%20-%202%20Volumes&searchField=titulo-autor&ano-de-publicacao=1877,,ativo,2026-09-06 12:29,2026-07-23 02:14,
Francisco Adolfo de Varnhagen,Patrono,História da Independência do Brasil,1938,140,SIM,https://www.estantevirtual.com.br/busca?nsCat=Natural&q=Francisco%20Adolfo%20de%20Varnhagen%20Hist%C3%B3ria%20da%20Independ%C3%AAncia%20do%20Brasil&searchField=titulo-autor&ano-de-publicacao=1938,,ativo,2026-09-06 12:29,2026-07-23 02:14,
Francisco Adolfo de Varnhagen,Patrono,História da Independência do Brasil,1917,190,SIM,https://www.estantevirtual.com.br/busca?nsCat=Natural&q=Francisco%20Adolfo%20de%20Varnhagen%20Hist%C3%B3ria%20da%20Independ%C3%AAncia%20do%20Brasil&searchField=titulo-autor&ano-de-publicacao=1917,,ativo,2026-09-06 12:29,2026-07-23 02:14,
Francisco Adolfo de Varnhagen,Patrono,História da Independência do Brasil,1919,100,SIM,https://www.estantevirtual.com.br/busca?nsCat=Natural&q=Francisco%20Adolfo%20de%20Varnhagen%20Hist%C3%B3ria%20da%20Independ%C3%AAncia%20do%20Brasil&searchField=titulo-autor&ano-de-publicacao=1919,,ativo,2026-09-06 12:29,2026-07-23 02:14,
Francisco Adolfo de Varnhagen,Patrono,História Geral do Brazil - Volumes I e I I,1877,4280,SIM,https://www.estantevirtual.com.br/busca?nsCat=Natural&q=Francisco%20Adolfo%20de%20Varnhagen%20Hist%C3%B3ria%20Geral%20do%20Brazil%20-%20Volumes%20I%20e%20I%20I&searchField=titulo-autor&ano-de-publicacao=1877,,ativo,2026-09-06 12:30,2026-07-23 02:14,
Francisco Adolfo de Varnhagen,Patrono,Historia Geral do Brasil - (tomo V ) - Antes de Sua Separacao e Inde,1940,84.67,SIM,https://www.estantevirtual.com.br/busca?nsCat=Natural&q=Francisco%20Adolfo%20de%20Varnhagen%20Historia%20Geral%20do%20Brasil%20-%20(tomo%20V%20)%20-%20Antes%20de%20Sua%20Separacao%20e%20Inde&searchField=titulo-autor&ano-de-publicacao=1940,,ativo,2026-09-06 12:30,2026-07-23 02:14,
Francisco Adolfo de Varnhagen,Patrono,Historia da Independencia do Brasil,1917,140,SIM,https://www.estantevirtual.com.br/busca?nsCat=Natural&q=Francisco%20Adolfo%20de%20Varnhagen%20Historia%20da%20Independencia%20do%20Brasil&searchField=titulo-autor&ano-de-publicacao=1917,,ativo,2026-09-06 12:30,2026-07-23 02:14,
Francisco Adolfo de Varnhagen,Patrono,História da Independência do Brasil,1938,172.50,SIM,https://www.estantevirtual.com.br/busca?nsCat=Natural&q=Francisco%20Adolfo%20de%20Varnhagen%20Hist%C3%B3ria%20da%20Independ%C3%AAncia%20do%20Brasil&searchField=titulo-autor&ano-de-publicacao=1938,,ativo,2026-09-06 12:30,2026-07-23 02:14,
Franklin Távora,Patrono,O Matuto (1ª Edição),1878,982,SIM,https://www.estantevirtual.com.br/busca?nsCat=Natural&q=Franklin%20T%C3%A1vora%20O%20Matuto%20(1%C2%AA%20Edi%C3%A7%C3%A3o)&searchField=titulo-autor&ano-de-publicacao=1878,,ativo,2026-09-06 12:30,2026-07-23 02:14,
Franklin Távora,Patrono,Lourenço,1902,100,SIM,https://www.estantevirtual.com.br/busca?nsCat=Natural&q=Franklin%20T%C3%A1vora%20Louren%C3%A7o&searchField=titulo-autor&ano-de-publicacao=1902,,ativo,2026-09-06 12:30,2026-07-23 02:14,
Franklin Távora,Patrono,Um Casamento no Arrabalde : Historia do Tempo Em Estylo de Casa,1903,80,SIM,https://www.estantevirtual.com.br/busca?nsCat=Natural&q=Franklin%20T%C3%A1vora%20Um%20Casamento%20no%20Arrabalde%20%3A%20Historia%20do%20Tempo%20Em%20Estylo%20de%20Casa&searchField=titulo-autor&ano-de-publicacao=1903,,ativo,2026-09-06 12:30,2026-07-23 02:14,
Franklin Távora,Patrono,Um Casamento no Arrabalde - 2ª Edição,1903,145,SIM,https://www.estantevirtual.com.br/busca?nsCat=Natural&q=Franklin%20T%C3%A1vora%20Um%20Casamento%20no%20Arrabalde%20-%202%C2%AA%20Edi%C3%A7%C3%A3o&searchField=titulo-autor&ano-de-publicacao=1903,,ativo,2026-09-06 12:30,2026-07-23 02:14,
Franklin Távora,Patrono,O Matuto - 2ª Edição,1902,200,SIM,https://www.estantevirtual.com.br/busca?nsCat=Natural&q=Franklin%20T%C3%A1vora%20O%20Matuto%20-%202%C2%AA%20Edi%C3%A7%C3%A3o&searchField=titulo-autor&ano-de-publicacao=1902,,ativo,2026-09-06 12:30,2026-07-23 02:14,
Franklin Távora,Patrono,Lourenço - 2ª Edição,1902,150,SIM,https://www.estantevirtual.com.br/busca?nsCat=Natural&q=Franklin%20T%C3%A1vora%20Louren%C3%A7o%20-%202%C2%AA%20Edi%C3%A7%C3%A3o&searchField=titulo-autor&ano-de-publicacao=1902,,ativo,2026-09-06 12:30,2026-07-23 02:14,
Franklin Távora,Patrono,Lourenco - Chronica Pernambucana,1929,30,SIM,https://www.estantevirtual.com.br/busca?nsCat=Natural&q=Franklin%20T%C3%A1vora%20Lourenco%20-%20Chronica%20Pernambucana&searchField=titulo-autor&ano-de-publicacao=1929,,ativo,2026-09-06 12:30,2026-07-23 02:14,
Franklin Távora,Patrono,Cartas a Cincinnato,1872,2500,SIM,https://www.estantevirtual.com.br/busca?nsCat=Natural&q=Franklin%20T%C3%A1vora%20Cartas%20a%20Cincinnato&searchField=titulo-autor&ano-de-publicacao=1872,,ativo,2026-09-06 12:30,2026-07-23 02:14,
Franklin Távora,Patrono,Um Casamento no Arrabalde,1903,100,SIM,https://www.estantevirtual.com.br/busca?nsCat=Natural&q=Franklin%20T%C3%A1vora%20Um%20Casamento%20no%20Arrabalde&searchField=titulo-autor&ano-de-publicacao=1903,,ativo,2026-09-06 12:30,2026-07-23 02:14,
Franklin Távora,Patrono,Lourenço - Chronica Pernambucana,1929,150,SIM,https://www.estantevirtual.com.br/busca?nsCat=Natural&q=Franklin%20T%C3%A1vora%20Louren%C3%A7o%20-%20Chronica%20Pernambucana&searchField=titulo-autor&ano-de-publicacao=1929,,ativo,2026-09-06 12:30,2026-07-23 02:14,
Franklin Távora,Patrono,Um Casamento no Arrabalde,1903,150,SIM,https://www.estantevirtual.com.br/busca?nsCat=Natural&q=Franklin%20T%C3%A1vora%20Um%20Casamento%20no%20Arrabalde&searchField=titulo-autor&ano-de-publicacao=1903,,ativo,2026-09-06 12:30,2026-07-23 02:14,
Franklin Távora,Patrono,Um Casamento no Arrabalde,1903,130,SIM,https://www.estantevirtual.com.br/busca?nsCat=Natural&q=Franklin%20T%C3%A1vora%20Um%20Casamento%20no%20Arrabalde&searchField=titulo-autor&ano-de-publicacao=1903,,ativo,2026-09-06 12:30,2026-07-23 02:14,
Franklin Távora,Patrono,Um Casamento no Arrabalde,1903,120,SIM,https://www.estantevirtual.com.br/busca?nsCat=Natural&q=Franklin%20T%C3%A1vora%20Um%20Casamento%20no%20Arrabalde&searchField=titulo-autor&ano-de-publicacao=1903,,ativo,2026-09-06 12:30,2026-07-23 02:14,
Franklin Távora,Patrono,Lourenço,1902,320,SIM,https://www.estantevirtual.com.br/busca?nsCat=Natural&q=Franklin%20T%C3%A1vora%20Louren%C3%A7o&searchField=titulo-autor&ano-de-publicacao=1902,,ativo,2026-09-06 12:31,2026-07-23 02:14,
Franklin Távora,Patrono,O Matuto. Chronica Pernambucana,1902,150,SIM,https://www.estantevirtual.com.br/busca?nsCat=Natural&q=Franklin%20T%C3%A1vora%20O%20Matuto.%20Chronica%20Pernambucana&searchField=titulo-autor&ano-de-publicacao=1902,,ativo,2026-09-06 12:31,2026-07-23 02:14,
Franklin Távora,Patrono,Cartas a Cincinato,1872,3000,SIM,https://www.estantevirtual.com.br/livro/cartas-a-cincinato-grp-17Z-7730-000?_preco=3000-10000000&tipo-de-livro=usado,,ativo,2026-09-06 12:31,2026-07-23 02:14,Livraria Virtual Incunábulo
Franklin Távora,Patrono,Um Casamento no Arrabalde,1903,200,SIM,https://www.estantevirtual.com.br/livro/um-casamento-no-arrabalde-grp-17Z-4291-000?_preco=3000-10000000&tipo-de-livro=usado,,ativo,2026-09-06 12:31,2026-07-23 02:14,Livraria Virtual Incunábulo
Franklin Távora,Patrono,Lourenço Chronica Pernambucana,1929,59,SIM,https://www.estantevirtual.com.br/busca?nsCat=Natural&q=Franklin%20T%C3%A1vora%20Louren%C3%A7o%20Chronica%20Pernambucana&searchField=titulo-autor&ano-de-publicacao=1929,,ativo,2026-09-06 12:31,2026-07-23 02:14,
Gonçalves de Magalhães,Patrono,A Confederação dos Tamoyos - Confederação dos Tamoios,1864,450,SIM,https://www.estantevirtual.com.br/busca?nsCat=Natural&q=Gon%C3%A7alves%20de%20Magalh%C3%A3es%20A%20Confedera%C3%A7%C3%A3o%20dos%20Tamoyos%20-%20Confedera%C3%A7%C3%A3o%20dos%20Tamoios&searchField=titulo-autor&ano-de-publicacao=1864,,ativo,2026-09-06 12:31,2026-07-23 02:14,
Gonçalves de Magalhães,Patrono,Fatos do Espírito Humano - 2ª Edição,1865,250,SIM,https://www.estantevirtual.com.br/busca?nsCat=Natural&q=Gon%C3%A7alves%20de%20Magalh%C3%A3es%20Fatos%20do%20Esp%C3%ADrito%20Humano%20-%202%C2%AA%20Edi%C3%A7%C3%A3o&searchField=titulo-autor&ano-de-publicacao=1865,,ativo,2026-09-06 12:31,2026-07-23 02:14,
Gonçalves Dias,Patrono,Poesias,1934,100,SIM,https://www.estantevirtual.com.br/busca?nsCat=Natural&q=Gon%C3%A7alves%20Dias%20Poesias&searchField=titulo-autor&ano-de-publicacao=1934,,vendido,2026-08-09 11:24,2026-07-23 02:14,
Gonçalves Dias,Patrono,Estante Clássica da Revista de Língua Portuguesa Cinco e VII Vol 2,1921,50,SIM,https://www.estantevirtual.com.br/busca?nsCat=Natural&q=Gon%C3%A7alves%20Dias%20Estante%20Cl%C3%A1ssica%20da%20Revista%20de%20L%C3%ADngua%20Portuguesa%20Cinco%20e%20VII%20Vol%202&searchField=titulo-autor&ano-de-publicacao=1921,,ativo,2026-09-06 12:31,2026-07-23 02:14,
Gonçalves Dias,Patrono,Estante Clássica da Revista de Língua Português,1921,50,SIM,https://www.estantevirtual.com.br/busca?nsCat=Natural&q=Gon%C3%A7alves%20Dias%20Estante%20Cl%C3%A1ssica%20da%20Revista%20de%20L%C3%ADngua%20Portugu%C3%AAs&searchField=titulo-autor&ano-de-publicacao=1921,,ativo,2026-09-06 12:31,2026-07-23 02:14,
Gonçalves Dias,Patrono,Estante Clássica da Revista de Língua Português,1921,50,SIM,https://www.estantevirtual.com.br/busca?nsCat=Natural&q=Gon%C3%A7alves%20Dias%20Estante%20Cl%C3%A1ssica%20da%20Revista%20de%20L%C3%ADngua%20Portugu%C3%AAs&searchField=titulo-autor&ano-de-publicacao=1921,,ativo,2026-09-06 12:31,2026-07-23 02:14,
Gonçalves Dias,Patrono,Os Tymbiras - Timbiras - 1ª Edição,1857,3800,SIM,https://www.estantevirtual.com.br/busca?nsCat=Natural&q=Gon%C3%A7alves%20Dias%20Os%20Tymbiras%20-%20Timbiras%20-%201%C2%AA%20Edi%C3%A7%C3%A3o&searchField=titulo-autor&ano-de-publicacao=1857,,ativo,2026-09-06 12:31,2026-07-23 02:14,
Gonçalves Dias,Patrono,O Brazil e a Oceania,1909,80,SIM,https://www.estantevirtual.com.br/busca?nsCat=Natural&q=Gon%C3%A7alves%20Dias%20O%20Brazil%20e%20a%20Oceania&searchField=titulo-autor&ano-de-publicacao=1909,,vendido,2026-07-30 14:40,2026-07-23 02:14,
Gonçalves Dias,Patrono,Teatro - 1ª Edição,1909,150,SIM,https://www.estantevirtual.com.br/busca?nsCat=Natural&q=Gon%C3%A7alves%20Dias%20Teatro%20-%201%C2%AA%20Edi%C3%A7%C3%A3o&searchField=titulo-autor&ano-de-publicacao=1909,,ativo,2026-09-06 12:31,2026-07-23 02:14,
Gonçalves Dias,Patrono,Poesias Posthumas,1909,67.90,SIM,https://www.estantevirtual.com.br/busca?nsCat=Natural&q=Gon%C3%A7alves%20Dias%20Poesias%20Posthumas&searchField=titulo-autor&ano-de-publicacao=1909,,ativo,2026-09-06 12:31,2026-07-23 02:14,
Gonçalves Dias,Patrono,Poesias Americanas e os Timbiras,1939,30,SIM,https://www.estantevirtual.com.br/busca?nsCat=Natural&q=Gon%C3%A7alves%20Dias%20Poesias%20Americanas%20e%20os%20Timbiras&searchField=titulo-autor&ano-de-publicacao=1939,,ativo,2026-09-06 12:31,2026-07-23 02:14,
Gonçalves Dias,Patrono,Poesias - Tomo 1,1926,79.90,SIM,https://www.estantevirtual.com.br/busca?nsCat=Natural&q=Gon%C3%A7alves%20Dias%20Poesias%20-%20Tomo%201&searchField=titulo-autor&ano-de-publicacao=1926,,ativo,2026-09-06 12:31,2026-07-23 02:14,
Gonçalves Dias,Patrono,Poesias Phostumas - Poesias Póstumas,1909,90,SIM,https://www.estantevirtual.com.br/busca?nsCat=Natural&q=Gon%C3%A7alves%20Dias%20Poesias%20Phostumas%20-%20Poesias%20P%C3%B3stumas&searchField=titulo-autor&ano-de-publicacao=1909,,ativo,2026-09-06 12:31,2026-07-23 02:14,
Gonçalves Dias,Patrono,Poesias - 2 Volumes,1919,110,SIM,https://www.estantevirtual.com.br/busca?nsCat=Natural&q=Gon%C3%A7alves%20Dias%20Poesias%20-%202%20Volumes&searchField=titulo-autor&ano-de-publicacao=1919,,ativo,2026-09-06 12:31,2026-07-23 02:14,
Gonçalves Dias,Patrono,Poesias Americanas e os Timbiras (edição Completa ),1939,30,SIM,https://www.estantevirtual.com.br/busca?nsCat=Natural&q=Gon%C3%A7alves%20Dias%20Poesias%20Americanas%20e%20os%20Timbiras%20(edi%C3%A7%C3%A3o%20Completa%20)&searchField=titulo-autor&ano-de-publicacao=1939,,ativo,2026-09-06 12:32,2026-07-23 02:14,
Gonçalves Dias,Patrono,Poesias de Gonçalves Dias Tomo 2,1910,43.68,SIM,https://www.estantevirtual.com.br/busca?nsCat=Natural&q=Gon%C3%A7alves%20Dias%20Poesias%20de%20Gon%C3%A7alves%20Dias%20Tomo%202&searchField=titulo-autor&ano-de-publicacao=1910,,ativo,2026-09-06 12:32,2026-07-23 02:14,
Gonçalves Dias,Patrono,Poesias - Tomo 2,1904,80,SIM,https://www.estantevirtual.com.br/busca?nsCat=Natural&q=Gon%C3%A7alves%20Dias%20Poesias%20-%20Tomo%202&searchField=titulo-autor&ano-de-publicacao=1904,,ativo,2026-09-06 12:32,2026-07-23 02:14,
João Francisco Lisboa,Patrono,"Série Clássica Brasileiro-portuguesa ""os Mestres da Língua"" 5 - Vida",1863,40,SIM,https://www.estantevirtual.com.br/busca?nsCat=Natural&q=Jo%C3%A3o%20Francisco%20Lisboa%20S%C3%A9rie%20Cl%C3%A1ssica%20Brasileiro-portuguesa%20%22os%20Mestres%20da%20L%C3%ADngua%22%205%20-%20Vida&searchField=titulo-autor&ano-de-publicacao=1863,,vendido,2026-08-08 11:19,2026-07-23 02:14,
João Francisco Lisboa,Patrono,"Obras de João Francisco Lisboa, Natural do Maranhão, Vol. 2",1901,119,SIM,https://www.estantevirtual.com.br/busca?nsCat=Natural&q=Jo%C3%A3o%20Francisco%20Lisboa%20Obras%20de%20Jo%C3%A3o%20Francisco%20Lisboa%2C%20Natural%20do%20Maranh%C3%A3o%2C%20Vol.%202&searchField=titulo-autor&ano-de-publicacao=1901,,ativo,2026-09-06 12:32,2026-07-23 02:14,
João Francisco Lisboa,Patrono,Vida do Padre Antonio Vieira,1891,80,SIM,https://www.estantevirtual.com.br/busca?nsCat=Natural&q=Jo%C3%A3o%20Francisco%20Lisboa%20Vida%20do%20Padre%20Antonio%20Vieira&searchField=titulo-autor&ano-de-publicacao=1891,,ativo,2026-09-06 12:32,2026-07-23 02:14,
João Francisco Lisboa,Patrono,Obras de João Francisco Lisboa - 4 Volumes,1864,600,SIM,https://www.estantevirtual.com.br/busca?nsCat=Natural&q=Jo%C3%A3o%20Francisco%20Lisboa%20Obras%20de%20Jo%C3%A3o%20Francisco%20Lisboa%20-%204%20Volumes&searchField=titulo-autor&ano-de-publicacao=1864,,ativo,2026-09-06 12:32,2026-07-23 02:14,
João Francisco Lisboa,Patrono,Obras - Vol. 4 - Vida do Padre Antonio Vieira - na Europa,1865,36.29,SIM,https://www.estantevirtual.com.br/busca?nsCat=Natural&q=Jo%C3%A3o%20Francisco%20Lisboa%20Obras%20-%20Vol.%204%20-%20Vida%20do%20Padre%20Antonio%20Vieira%20-%20na%20Europa&searchField=titulo-autor&ano-de-publicacao=1865,,ativo,2026-09-06 12:32,2026-07-23 02:14,
João Francisco Lisboa,Patrono,Vida do Padre Vieira (na Europa) Obras de João Francisco Lisboa IV,1865,150,SIM,https://www.estantevirtual.com.br/busca?nsCat=Natural&q=Jo%C3%A3o%20Francisco%20Lisboa%20Vida%20do%20Padre%20Vieira%20(na%20Europa)%20Obras%20de%20Jo%C3%A3o%20Francisco%20Lisboa%20IV&searchField=titulo-autor&ano-de-publicacao=1865,,ativo,2026-09-06 12:32,2026-07-23 02:14,
João Francisco Lisboa,Patrono,Obras de João Francisco Lisboa Vol II,1901,85,SIM,https://www.estantevirtual.com.br/busca?nsCat=Natural&q=Jo%C3%A3o%20Francisco%20Lisboa%20Obras%20de%20Jo%C3%A3o%20Francisco%20Lisboa%20Vol%20II&searchField=titulo-autor&ano-de-publicacao=1901,,ativo,2026-09-06 12:32,2026-07-23 02:14,
João Francisco Lisboa,Patrono,Obras de João Francisco Lisboa Vols I,1901,85,SIM,https://www.estantevirtual.com.br/busca?nsCat=Natural&q=Jo%C3%A3o%20Francisco%20Lisboa%20Obras%20de%20Jo%C3%A3o%20Francisco%20Lisboa%20Vols%20I&searchField=titulo-autor&ano-de-publicacao=1901,,ativo,2026-09-06 12:32,2026-07-23 02:14,
João Francisco Lisboa,Patrono,Obras de João Francisco Lisboa. 2 tomos,1901,220,SIM,https://www.estantevirtual.com.br/busca?nsCat=Natural&q=Jo%C3%A3o%20Francisco%20Lisboa%20Obras%20de%20Jo%C3%A3o%20Francisco%20Lisboa.%202%20tomos&searchField=titulo-autor&ano-de-publicacao=1901,,ativo,2026-09-06 12:32,2026-07-23 02:14,
Joaquim Caetano da Silva,Patrono,"L’oyapoc et L’amazone, Question Brésilienne et Française",1899,900,SIM,https://www.estantevirtual.com.br/livro/loyapoc-et-lamazone-question-bresilienne-et-francaise-grp-QKK-5583-000?_preco=3000-10000000&tipo-de-livro=usado,,ativo,2026-09-06 12:32,2026-07-23 02:14,O Bibliofilo Frances
Joaquim Caetano da Silva,Patrono,Loyapoc et Lamazone,1861,1200,SIM,https://www.estantevirtual.com.br/livro/loyapoc-et-lamazone-grp-NDN-1912-000?_preco=3000-10000000&tipo-de-livro=usado,,ativo,2026-09-06 12:32,2026-07-23 02:14,Livraria Virtual Incunábulo
Joaquim Caetano da Silva,Patrono,Loyapoc et Lamazone (2 Volumes Restaurados),1893,1800,SIM,https://www.estantevirtual.com.br/busca?nsCat=Natural&q=Joaquim%20Caetano%20da%20Silva%20Loyapoc%20et%20Lamazone%20(2%20Volumes%20Restaurados)&searchField=titulo-autor&ano-de-publicacao=1893,,ativo,2026-09-06 12:32,2026-07-23 02:14,
Joaquim Manuel de Macedo,Patrono,Os Dous Amores,1901,130,SIM,https://www.estantevirtual.com.br/livro/os-dous-amores-grp-QSI-5238-000?_preco=3000-10000000&tipo-de-livro=usado,,ativo,2026-09-06 12:32,2026-07-23 02:14,"IP Livros usados, raros e esgotados"
Joaquim Manuel de Macedo,Patrono,Vicentina / tomo I,1910,45.50,SIM,https://www.estantevirtual.com.br/busca?nsCat=Natural&q=Joaquim%20Manuel%20de%20Macedo%20Vicentina%20%2F%20tomo%20I&searchField=titulo-autor&ano-de-publicacao=1910,,ativo,2026-09-06 12:32,2026-07-23 02:14,
Joaquim Manuel de Macedo,Patrono,Vicentina,1910,39.90,SIM,https://www.estantevirtual.com.br/busca?nsCat=Natural&q=Joaquim%20Manuel%20de%20Macedo%20Vicentina&searchField=titulo-autor&ano-de-publicacao=1910,,ativo,2026-09-06 12:33,2026-07-23 02:14,
Joaquim Manuel de Macedo,Patrono,O Moço Loiro,1927,58,SIM,https://www.estantevirtual.com.br/busca?nsCat=Natural&q=Joaquim%20Manuel%20de%20Macedo%20O%20Mo%C3%A7o%20Loiro&searchField=titulo-autor&ano-de-publicacao=1927,,ativo,2026-09-06 12:33,2026-07-23 02:14,
Joaquim Manuel de Macedo,Patrono,Mulheres Celebres,1878,300,SIM,https://www.estantevirtual.com.br/busca?nsCat=Natural&q=Joaquim%20Manuel%20de%20Macedo%20Mulheres%20Celebres&searchField=titulo-autor&ano-de-publicacao=1878,,ativo,2026-09-06 12:33,2026-07-23 02:14,
Joaquim Manuel de Macedo,Patrono,Memórias do Sobrinho de Meu Tio,1904,65,SIM,https://www.estantevirtual.com.br/busca?nsCat=Natural&q=Joaquim%20Manuel%20de%20Macedo%20Mem%C3%B3rias%20do%20Sobrinho%20de%20Meu%20Tio&searchField=titulo-autor&ano-de-publicacao=1904,,ativo,2026-09-06 12:33,2026-07-23 02:14,
Joaquim Manuel de Macedo,Patrono,Rosa - Romance Brasileiro - 2º Vol.,1910,46,SIM,https://www.estantevirtual.com.br/busca?nsCat=Natural&q=Joaquim%20Manuel%20de%20Macedo%20Rosa%20-%20Romance%20Brasileiro%20-%202%C2%BA%20Vol.&searchField=titulo-autor&ano-de-publicacao=1910,,ativo,2026-09-06 12:33,2026-07-23 02:14,
Joaquim Manuel de Macedo,Patrono,Amores de um Medico,1927,200,SIM,https://www.estantevirtual.com.br/busca?nsCat=Natural&q=Joaquim%20Manuel%20de%20Macedo%20Amores%20de%20um%20Medico&searchField=titulo-autor&ano-de-publicacao=1927,,ativo,2026-09-06 12:33,2026-07-23 02:14,
Joaquim Manuel de Macedo,Patrono,O Rio do Quarto Romance,1880,300,SIM,https://www.estantevirtual.com.br/busca?nsCat=Natural&q=Joaquim%20Manuel%20de%20Macedo%20O%20Rio%20do%20Quarto%20Romance&searchField=titulo-autor&ano-de-publicacao=1880,,ativo,2026-09-06 12:33,2026-07-23 02:14,
Joaquim Serra,Patrono,O Livro do Dentista: Collectanea Odontologica (1a Ed. Bem Desgastado),1929,112.11,SIM,https://www.estantevirtual.com.br/livro/o-livro-do-dentista-collectanea-odontologica-1a-ed-bem-desgastado-grp-1MA-7135-000?_preco=3000-10000000&tipo-de-livro=usado,,vendido,2026-07-28 15:22,2026-07-23 02:14,
Joaquim Serra,Patrono,O Livro do Dentista,1932,46.75,SIM,https://www.estantevirtual.com.br/livro/o-livro-do-dentista-grp-15W-2153-000?_preco=3000-10000000&tipo-de-livro=usado,,ativo,2026-09-06 12:33,2026-07-23 02:14,A Livraria Horizonte
Joaquim Serra,Patrono,O Livro do Dentista e Coletanea Odontologica - Ii Edição,1932,53.99,SIM,https://www.estantevirtual.com.br/busca?nsCat=Natural&q=Joaquim%20Serra%20O%20Livro%20do%20Dentista%20e%20Coletanea%20Odontologica%20-%20Ii%20Edi%C3%A7%C3%A3o&searchField=titulo-autor&ano-de-publicacao=1932,,ativo,2026-09-06 12:33,2026-07-23 02:14,
Joaquim Serra,Patrono,O Livro do Dentista,1929,154.79,SIM,https://www.estantevirtual.com.br/busca?nsCat=Natural&q=Joaquim%20Serra%20O%20Livro%20do%20Dentista&searchField=titulo-autor&ano-de-publicacao=1929,,ativo,2026-09-06 12:33,2026-07-23 02:14,
José Bonifácio,Patrono,José Bonifácio ( O Velho e O Moço ),1920,57,SIM,https://www.estantevirtual.com.br/livro/jose-bonifacio-o-velho-e-o-moco-grp-QZS-5030-000?_preco=3000-10000000&tipo-de-livro=usado,,vendido,2026-08-11 10:35,2026-07-23 02:14,Verso e Prosa
José Bonifácio,Patrono,Publicação Comemorativa do Primeiro Centenário da Independência 1822-,1922,220,SIM,https://www.estantevirtual.com.br/livro/publicacao-comemorativa-do-primeiro-centenario-da-independencia-1822-grp-PPJ-5950-000?_preco=3000-10000000&tipo-de-livro=usado,,ativo,2026-09-06 12:33,2026-07-23 02:14,Livraria Martins
José Bonifácio,Patrono,A Bahia - E Alguns de Seus Grandes Filhos - Autografado,1916,150,SIM,https://www.estantevirtual.com.br/busca?nsCat=Natural&q=Jos%C3%A9%20Bonif%C3%A1cio%20A%20Bahia%20-%20E%20Alguns%20de%20Seus%20Grandes%20Filhos%20-%20Autografado&searchField=titulo-autor&ano-de-publicacao=1916,,ativo,2026-09-06 12:33,2026-07-23 02:14,
José Bonifácio,Patrono,ANTOLOGIA BRASILEIRA,1920,57,SIM,https://www.estantevirtual.com.br/busca?nsCat=Natural&q=Jos%C3%A9%20Bonif%C3%A1cio%20ANTOLOGIA%20BRASILEIRA&searchField=titulo-autor&ano-de-publicacao=1920,,ativo,2026-09-06 12:33,2026-07-23 02:14,
José Bonifácio,Patrono,José Bonifácio - Primeiro Centenário da Independencia -1822-1922,1922,600,SIM,https://www.estantevirtual.com.br/busca?nsCat=Natural&q=Jos%C3%A9%20Bonif%C3%A1cio%20Jos%C3%A9%20Bonif%C3%A1cio%20-%20Primeiro%20Centen%C3%A1rio%20da%20Independencia%20-1822-1922&searchField=titulo-autor&ano-de-publicacao=1922,,ativo,2026-09-06 12:33,2026-07-23 02:14,
José Bonifácio,Patrono,Antologia Brasileira,1920,111,SIM,https://www.estantevirtual.com.br/busca?nsCat=Natural&q=Jos%C3%A9%20Bonif%C3%A1cio%20Antologia%20Brasileira&searchField=titulo-autor&ano-de-publicacao=1920,,ativo,2026-09-06 12:33,2026-07-23 02:14,
José de Alencar,Patrono,Iracema,1927,30,SIM,https://www.estantevirtual.com.br/livro/iracema-grp-RLI-8863-000?_preco=3000-10000000&tipo-de-livro=usado,,ativo,2026-09-06 12:33,2026-07-23 02:14,Casa Sebo da Cris
José de Alencar,Patrono,O Guarany,1916,89.90,SIM,https://www.estantevirtual.com.br/busca?nsCat=Natural&q=Jos%C3%A9%20de%20Alencar%20O%20Guarany&searchField=titulo-autor&ano-de-publicacao=1916,,ativo,2026-09-06 12:34,2026-07-23 02:14,
José de Alencar,Patrono,O GUARANI,1900,40,SIM,https://www.estantevirtual.com.br/livro/o-guarani-grp-QYW-1520-000?_preco=3000-10000000&tipo-de-livro=usado,,vendido,2026-08-11 10:35,2026-07-23 02:14,Santana Sebo
José de Alencar,Patrono,O Gaúcho - 2 Volumes,1903,350,SIM,https://www.estantevirtual.com.br/busca?nsCat=Natural&q=Jos%C3%A9%20de%20Alencar%20O%20Ga%C3%BAcho%20-%202%20Volumes&searchField=titulo-autor&ano-de-publicacao=1903,,ativo,2026-09-06 12:34,2026-07-23 02:14,
José de Alencar,Patrono,Alfarrábios - 2 Volumes,1895,350,SIM,https://www.estantevirtual.com.br/busca?nsCat=Natural&q=Jos%C3%A9%20de%20Alencar%20Alfarr%C3%A1bios%20-%202%20Volumes&searchField=titulo-autor&ano-de-publicacao=1895,,ativo,2026-09-06 12:34,2026-07-23 02:14,
José de Alencar,Patrono,Senhora: Perfil de mulher,1922,65.50,SIM,https://www.estantevirtual.com.br/busca?nsCat=Natural&q=Jos%C3%A9%20de%20Alencar%20Senhora%3A%20Perfil%20de%20mulher&searchField=titulo-autor&ano-de-publicacao=1922,,ativo,2026-09-06 12:34,2026-07-23 02:14,
José de Alencar,Patrono,Sonhos de ouro - 2 Volumes,1938,33,SIM,https://www.estantevirtual.com.br/busca?nsCat=Natural&q=Jos%C3%A9%20de%20Alencar%20Sonhos%20de%20ouro%20-%202%20Volumes&searchField=titulo-autor&ano-de-publicacao=1938,,ativo,2026-09-06 12:34,2026-07-23 02:14,
José de Alencar,Patrono,Encarnação - 2a edição,1908,45.50,SIM,https://www.estantevirtual.com.br/busca?nsCat=Natural&q=Jos%C3%A9%20de%20Alencar%20Encarna%C3%A7%C3%A3o%20-%202a%20edi%C3%A7%C3%A3o&searchField=titulo-autor&ano-de-publicacao=1908,,ativo,2026-09-06 12:34,2026-07-23 02:14,
José de Alencar,Patrono,Iracema,1936,33,SIM,https://www.estantevirtual.com.br/busca?nsCat=Natural&q=Jos%C3%A9%20de%20Alencar%20Iracema&searchField=titulo-autor&ano-de-publicacao=1936,,ativo,2026-09-06 12:34,2026-07-23 02:14,
José de Alencar,Patrono,Encarnação,1909,61.38,SIM,https://www.estantevirtual.com.br/busca?nsCat=Natural&q=Jos%C3%A9%20de%20Alencar%20Encarna%C3%A7%C3%A3o&searchField=titulo-autor&ano-de-publicacao=1909,,ativo,2026-09-06 12:34,2026-07-23 02:14,
José de Alencar,Patrono,Encarnação,1909,61.38,SIM,https://www.estantevirtual.com.br/busca?nsCat=Natural&q=Jos%C3%A9%20de%20Alencar%20Encarna%C3%A7%C3%A3o&searchField=titulo-autor&ano-de-publicacao=1909,,ativo,2026-09-06 12:34,2026-07-23 02:14,
José de Alencar,Patrono,O Guarany Edição Ilustrada,1928,122,SIM,https://www.estantevirtual.com.br/busca?nsCat=Natural&q=Jos%C3%A9%20de%20Alencar%20O%20Guarany%20Edi%C3%A7%C3%A3o%20Ilustrada&searchField=titulo-autor&ano-de-publicacao=1928,,ativo,2026-09-06 12:34,2026-07-23 02:14,
José de Alencar,Patrono,O Tronco do Ipê,1938,105,SIM,https://www.estantevirtual.com.br/busca?nsCat=Natural&q=Jos%C3%A9%20de%20Alencar%20O%20Tronco%20do%20Ip%C3%AA&searchField=titulo-autor&ano-de-publicacao=1938,,ativo,2026-09-06 12:34,2026-07-23 02:14,
José de Alencar,Patrono,O Sertanejo 2 Volumes,1924,50,SIM,https://www.estantevirtual.com.br/busca?nsCat=Natural&q=Jos%C3%A9%20de%20Alencar%20O%20Sertanejo%202%20Volumes&searchField=titulo-autor&ano-de-publicacao=1924,,ativo,2026-09-06 12:34,2026-07-23 02:14,
José de Alencar,Patrono,O Systema Representativo,1868,300,SIM,https://www.estantevirtual.com.br/busca?nsCat=Natural&q=Jos%C3%A9%20de%20Alencar%20O%20Systema%20Representativo&searchField=titulo-autor&ano-de-publicacao=1868,,ativo,2026-09-06 12:34,2026-07-23 02:14,
José de Alencar,Patrono,As Minas de Pratra,1926,49.90,SIM,https://www.estantevirtual.com.br/busca?nsCat=Natural&q=Jos%C3%A9%20de%20Alencar%20As%20Minas%20de%20Pratra&searchField=titulo-autor&ano-de-publicacao=1926,,ativo,2026-09-06 12:34,2026-07-23 02:14,
José de Alencar,Patrono,Guerra dos Mascates - 1ª Edição,1871,3200,SIM,https://www.estantevirtual.com.br/busca?nsCat=Natural&q=Jos%C3%A9%20de%20Alencar%20Guerra%20dos%20Mascates%20-%201%C2%AA%20Edi%C3%A7%C3%A3o&searchField=titulo-autor&ano-de-publicacao=1871,,ativo,2026-09-06 12:34,2026-07-23 02:14,
José de Alencar,Patrono,O Gaúcho - Segundo Tomo,1870,410,SIM,https://www.estantevirtual.com.br/busca?nsCat=Natural&q=Jos%C3%A9%20de%20Alencar%20O%20Ga%C3%BAcho%20-%20Segundo%20Tomo&searchField=titulo-autor&ano-de-publicacao=1870,,ativo,2026-09-06 12:34,2026-07-23 02:14,
José de Alencar,Patrono,O Garatuja,1899,109,SIM,https://www.estantevirtual.com.br/busca?nsCat=Natural&q=Jos%C3%A9%20de%20Alencar%20O%20Garatuja&searchField=titulo-autor&ano-de-publicacao=1899,,ativo,2026-09-06 12:35,2026-07-23 02:14,
José de Alencar,Patrono,O Guarany,1916,49,SIM,https://www.estantevirtual.com.br/busca?nsCat=Natural&q=Jos%C3%A9%20de%20Alencar%20O%20Guarany&searchField=titulo-autor&ano-de-publicacao=1916,,ativo,2026-09-06 12:35,2026-07-23 02:14,
José de Alencar,Patrono,Ubirajara: Lenda Tupy,1899,1000,SIM,https://www.estantevirtual.com.br/busca?nsCat=Natural&q=Jos%C3%A9%20de%20Alencar%20Ubirajara%3A%20Lenda%20Tupy&searchField=titulo-autor&ano-de-publicacao=1899,,ativo,2026-09-06 12:35,2026-07-23 02:14,
José de Alencar,Patrono,Iracema Lenda do Ceará,1910,300,SIM,https://www.estantevirtual.com.br/busca?nsCat=Natural&q=Jos%C3%A9%20de%20Alencar%20Iracema%20Lenda%20do%20Cear%C3%A1&searchField=titulo-autor&ano-de-publicacao=1910,,ativo,2026-09-06 12:35,2026-07-23 02:14,
José de Alencar,Patrono,O Guarany - Rencadernado,1915,48.75,SIM,https://www.estantevirtual.com.br/busca?nsCat=Natural&q=Jos%C3%A9%20de%20Alencar%20O%20Guarany%20-%20Rencadernado&searchField=titulo-autor&ano-de-publicacao=1915,,ativo,2026-09-06 12:35,2026-07-23 02:14,
José de Alencar,Patrono,O Guarany,1916,45,SIM,https://www.estantevirtual.com.br/busca?nsCat=Natural&q=Jos%C3%A9%20de%20Alencar%20O%20Guarany&searchField=titulo-autor&ano-de-publicacao=1916,,ativo,2026-09-06 12:35,2026-07-23 02:14,
José de Alencar,Patrono,Página Escolhidas,1922,30,SIM,https://www.estantevirtual.com.br/busca?nsCat=Natural&q=Jos%C3%A9%20de%20Alencar%20P%C3%A1gina%20Escolhidas&searchField=titulo-autor&ano-de-publicacao=1922,,ativo,2026-09-06 12:35,2026-07-23 02:14,
José de Alencar,Patrono,Correr da Penna,1899,100,SIM,https://www.estantevirtual.com.br/busca?nsCat=Natural&q=Jos%C3%A9%20de%20Alencar%20Correr%20da%20Penna&searchField=titulo-autor&ano-de-publicacao=1899,,ativo,2026-09-06 12:35,2026-07-23 02:14,
José de Alencar,Patrono,O Garatuja - 7326,1899,44,SIM,https://www.estantevirtual.com.br/busca?nsCat=Natural&q=Jos%C3%A9%20de%20Alencar%20O%20Garatuja%20-%207326&searchField=titulo-autor&ano-de-publicacao=1899,,ativo,2026-09-06 12:35,2026-07-23 02:14,
José de Alencar,Patrono,Correr da Penna (revistas Hebdomadarias) - 1809,1888,200,SIM,https://www.estantevirtual.com.br/busca?nsCat=Natural&q=Jos%C3%A9%20de%20Alencar%20Correr%20da%20Penna%20(revistas%20Hebdomadarias)%20-%201809&searchField=titulo-autor&ano-de-publicacao=1888,,ativo,2026-09-06 12:35,2026-07-23 02:14,
José de Alencar,Patrono,Diva Perfil de Mulher e Lucíola um Perfil de Mulher,1915,400,SIM,https://www.estantevirtual.com.br/busca?nsCat=Natural&q=Jos%C3%A9%20de%20Alencar%20Diva%20Perfil%20de%20Mulher%20e%20Luc%C3%ADola%20um%20Perfil%20de%20Mulher&searchField=titulo-autor&ano-de-publicacao=1915,,ativo,2026-09-06 12:35,2026-07-23 02:14,
José de Alencar,Patrono,Sonhos D Ouro - 2.º Volume / Supplemento Romantico do Jornal do Brasil,1930,100,SIM,https://www.estantevirtual.com.br/busca?nsCat=Natural&q=Jos%C3%A9%20de%20Alencar%20Sonhos%20D%20Ouro%20-%202.%C2%BA%20Volume%20%2F%20Supplemento%20Romantico%20do%20Jornal%20do%20Brasil&searchField=titulo-autor&ano-de-publicacao=1930,,ativo,2026-09-06 12:35,2026-07-23 02:14,
José de Alencar,Patrono,Til - Tombo 1 - Mcmxxxviii = 1938,1938,30.58,SIM,https://www.estantevirtual.com.br/busca?nsCat=Natural&q=Jos%C3%A9%20de%20Alencar%20Til%20-%20Tombo%201%20-%20Mcmxxxviii%20%3D%201938&searchField=titulo-autor&ano-de-publicacao=1938,,ativo,2026-09-06 12:35,2026-07-23 02:14,
José de Alencar,Patrono,Iracema 1ª Edição,1927,130,SIM,https://www.estantevirtual.com.br/busca?nsCat=Natural&q=Jos%C3%A9%20de%20Alencar%20Iracema%201%C2%AA%20Edi%C3%A7%C3%A3o&searchField=titulo-autor&ano-de-publicacao=1927,,ativo,2026-09-06 12:35,2026-07-23 02:14,
José de Alencar,Patrono,Guerra dos Mascates - 2ª Edição,1896,450,SIM,https://www.estantevirtual.com.br/busca?nsCat=Natural&q=Jos%C3%A9%20de%20Alencar%20Guerra%20dos%20Mascates%20-%202%C2%AA%20Edi%C3%A7%C3%A3o&searchField=titulo-autor&ano-de-publicacao=1896,,ativo,2026-09-06 12:35,2026-07-23 02:14,
José de Alencar,Patrono,O Guarany - 2 Tomos,1915,60,SIM,https://www.estantevirtual.com.br/busca?nsCat=Natural&q=Jos%C3%A9%20de%20Alencar%20O%20Guarany%20-%202%20Tomos&searchField=titulo-autor&ano-de-publicacao=1915,,ativo,2026-09-06 12:35,2026-07-23 02:14,
José de Alencar,Patrono,Ao Correr da Pena - 2ª Edição,1888,220,SIM,https://www.estantevirtual.com.br/busca?nsCat=Natural&q=Jos%C3%A9%20de%20Alencar%20Ao%20Correr%20da%20Pena%20-%202%C2%AA%20Edi%C3%A7%C3%A3o&searchField=titulo-autor&ano-de-publicacao=1888,,ativo,2026-09-06 12:35,2026-07-23 02:14,
José de Alencar,Patrono,Ubirajara,1926,75,SIM,https://www.estantevirtual.com.br/busca?nsCat=Natural&q=Jos%C3%A9%20de%20Alencar%20Ubirajara&searchField=titulo-autor&ano-de-publicacao=1926,,ativo,2026-09-06 12:36,2026-07-23 02:14,
José de Alencar,Patrono,José de Alencar - Collecção Aurea,1922,40,SIM,https://www.estantevirtual.com.br/busca?nsCat=Natural&q=Jos%C3%A9%20de%20Alencar%20Jos%C3%A9%20de%20Alencar%20-%20Collec%C3%A7%C3%A3o%20Aurea&searchField=titulo-autor&ano-de-publicacao=1922,,ativo,2026-09-06 12:36,2026-07-23 02:14,
José de Alencar,Patrono,Til - 2 Volumes,1924,90,SIM,https://www.estantevirtual.com.br/busca?nsCat=Natural&q=Jos%C3%A9%20de%20Alencar%20Til%20-%202%20Volumes&searchField=titulo-autor&ano-de-publicacao=1924,,ativo,2026-09-06 12:36,2026-07-23 02:14,
José de Alencar,Patrono,O Garatuja,1899,125,SIM,https://www.estantevirtual.com.br/busca?nsCat=Natural&q=Jos%C3%A9%20de%20Alencar%20O%20Garatuja&searchField=titulo-autor&ano-de-publicacao=1899,,ativo,2026-09-06 12:36,2026-07-23 02:14,
José de Alencar,Patrono,O Ermitão da Glória,1895,125,SIM,https://www.estantevirtual.com.br/busca?nsCat=Natural&q=Jos%C3%A9%20de%20Alencar%20O%20Ermit%C3%A3o%20da%20Gl%C3%B3ria&searchField=titulo-autor&ano-de-publicacao=1895,,ativo,2026-09-06 12:36,2026-07-23 02:14,
José de Alencar,Patrono,Ao Correr da Pena,1899,125,SIM,https://www.estantevirtual.com.br/busca?nsCat=Natural&q=Jos%C3%A9%20de%20Alencar%20Ao%20Correr%20da%20Pena&searchField=titulo-autor&ano-de-publicacao=1899,,ativo,2026-09-06 12:36,2026-07-23 02:14,
José de Alencar,Patrono,O Tronco do Ipê,1920,69,SIM,https://www.estantevirtual.com.br/livro/o-tronco-do-ipe-grp-21O-7894-000?_preco=3000-10000000&tipo-de-livro=usado,,ativo,2026-09-06 12:36,2026-07-23 02:14,Quarup Livraria Antiquária
José de Alencar,Patrono,As Minas de Prata,1930,55,SIM,https://www.estantevirtual.com.br/busca?nsCat=Natural&q=Jos%C3%A9%20de%20Alencar%20As%20Minas%20de%20Prata&searchField=titulo-autor&ano-de-publicacao=1930,,ativo,2026-09-06 12:36,2026-07-23 02:14,
José de Alencar,Patrono,O Guarany,1928,400,SIM,https://www.estantevirtual.com.br/busca?nsCat=Natural&q=Jos%C3%A9%20de%20Alencar%20O%20Guarany&searchField=titulo-autor&ano-de-publicacao=1928,,ativo,2026-09-06 12:36,2026-07-23 02:14,
José de Alencar,Patrono,Iracema,1910,250,SIM,https://www.estantevirtual.com.br/busca?nsCat=Natural&q=Jos%C3%A9%20de%20Alencar%20Iracema&searchField=titulo-autor&ano-de-publicacao=1910,,ativo,2026-09-06 12:36,2026-07-23 02:14,
José de Alencar,Patrono,Colecção dos Autores Célebres - o Guarany 2 Volumes,1923,130,SIM,https://www.estantevirtual.com.br/busca?nsCat=Natural&q=Jos%C3%A9%20de%20Alencar%20Colec%C3%A7%C3%A3o%20dos%20Autores%20C%C3%A9lebres%20-%20o%20Guarany%202%20Volumes&searchField=titulo-autor&ano-de-publicacao=1923,,ativo,2026-09-06 12:36,2026-07-23 02:14,
José de Alencar,Patrono,O Guarany (edição Illustrada do Jornal do Brasil),1928,100,SIM,https://www.estantevirtual.com.br/busca?nsCat=Natural&q=Jos%C3%A9%20de%20Alencar%20O%20Guarany%20(edi%C3%A7%C3%A3o%20Illustrada%20do%20Jornal%20do%20Brasil)&searchField=titulo-autor&ano-de-publicacao=1928,,ativo,2026-09-06 12:36,2026-07-23 02:14,
José de Alencar,Patrono,O Guarany Tomo Primeiro,1915,45,SIM,https://www.estantevirtual.com.br/busca?nsCat=Natural&q=Jos%C3%A9%20de%20Alencar%20O%20Guarany%20Tomo%20Primeiro&searchField=titulo-autor&ano-de-publicacao=1915,,ativo,2026-09-06 12:36,2026-07-23 02:14,
José de Alencar,Patrono,O Garatuja Chronica dos Tempos Coloniais e Alfarrabios,1899,1000,SIM,https://www.estantevirtual.com.br/busca?nsCat=Natural&q=Jos%C3%A9%20de%20Alencar%20O%20Garatuja%20Chronica%20dos%20Tempos%20Coloniais%20e%20Alfarrabios&searchField=titulo-autor&ano-de-publicacao=1899,,ativo,2026-09-06 12:36,2026-07-23 02:14,
José de Alencar,Patrono,Cronica dos Tempos Coloniaes - 2 Volumes - 1ª Edição,1938,39,SIM,https://www.estantevirtual.com.br/busca?nsCat=Natural&q=Jos%C3%A9%20de%20Alencar%20Cronica%20dos%20Tempos%20Coloniaes%20-%202%20Volumes%20-%201%C2%AA%20Edi%C3%A7%C3%A3o&searchField=titulo-autor&ano-de-publicacao=1938,,ativo,2026-09-06 12:36,2026-07-23 02:14,
José de Alencar,Patrono,Iracema,1935,30,SIM,https://www.estantevirtual.com.br/busca?nsCat=Natural&q=Jos%C3%A9%20de%20Alencar%20Iracema&searchField=titulo-autor&ano-de-publicacao=1935,,ativo,2026-09-06 12:37,2026-07-23 02:14,
José de Alencar,Patrono,Iracema Lenda do Ceará,1910,45,SIM,https://www.estantevirtual.com.br/busca?nsCat=Natural&q=Jos%C3%A9%20de%20Alencar%20Iracema%20Lenda%20do%20Cear%C3%A1&searchField=titulo-autor&ano-de-publicacao=1910,,ativo,2026-09-06 12:37,2026-07-23 02:14,
José de Alencar,Patrono,Sonhos Douro 2 Volumes,1920,70,SIM,https://www.estantevirtual.com.br/busca?nsCat=Natural&q=Jos%C3%A9%20de%20Alencar%20Sonhos%20Douro%202%20Volumes&searchField=titulo-autor&ano-de-publicacao=1920,,ativo,2026-09-06 12:37,2026-07-23 02:14,
José de Alencar,Patrono,Alfarrábios Chronicas dos Tempos Coloniaes 2 Volumes,1920,70,SIM,https://www.estantevirtual.com.br/busca?nsCat=Natural&q=Jos%C3%A9%20de%20Alencar%20Alfarr%C3%A1bios%20Chronicas%20dos%20Tempos%20Coloniaes%202%20Volumes&searchField=titulo-autor&ano-de-publicacao=1920,,ativo,2026-09-06 12:37,2026-07-23 02:14,
José de Alencar,Patrono,Minas de Prata 3 Volumes,1926,60,SIM,https://www.estantevirtual.com.br/busca?nsCat=Natural&q=Jos%C3%A9%20de%20Alencar%20Minas%20de%20Prata%203%20Volumes&searchField=titulo-autor&ano-de-publicacao=1926,,ativo,2026-09-06 12:37,2026-07-23 02:14,
José de Alencar,Patrono,Senhora Perfil de Mulher,1926,30,SIM,https://www.estantevirtual.com.br/busca?nsCat=Natural&q=Jos%C3%A9%20de%20Alencar%20Senhora%20Perfil%20de%20Mulher&searchField=titulo-autor&ano-de-publicacao=1926,,ativo,2026-09-06 12:37,2026-07-23 02:14,
José de Alencar,Patrono,A Patada Gazella,1924,32,SIM,https://www.estantevirtual.com.br/busca?nsCat=Natural&q=Jos%C3%A9%20de%20Alencar%20A%20Patada%20Gazella&searchField=titulo-autor&ano-de-publicacao=1924,,ativo,2026-09-06 12:37,2026-07-23 02:14,
José de Alencar,Patrono,O Guarani,1928,230,SIM,https://www.estantevirtual.com.br/livro/o-guarani-0IH-0977-000-BK,,ativo,2026-09-06 12:37,2026-07-23 02:14,
José de Alencar,Patrono,O Garatuja - Chronica dos Tempos Coloniaes,1899,59,SIM,https://www.estantevirtual.com.br/busca?nsCat=Natural&q=Jos%C3%A9%20de%20Alencar%20O%20Garatuja%20-%20Chronica%20dos%20Tempos%20Coloniaes&searchField=titulo-autor&ano-de-publicacao=1899,,ativo,2026-09-06 12:37,2026-07-23 02:14,
José de Alencar,Patrono,As Minas de Prata 3 Vols,1926,126,SIM,https://www.estantevirtual.com.br/busca?nsCat=Natural&q=Jos%C3%A9%20de%20Alencar%20As%20Minas%20de%20Prata%203%20Vols&searchField=titulo-autor&ano-de-publicacao=1926,,ativo,2026-09-06 12:37,2026-07-23 02:14,
José de Alencar,Patrono,O Tronco do Ipê Coleção Econômica Sip,1934,30,SIM,https://www.estantevirtual.com.br/busca?nsCat=Natural&q=Jos%C3%A9%20de%20Alencar%20O%20Tronco%20do%20Ip%C3%AA%20Cole%C3%A7%C3%A3o%20Econ%C3%B4mica%20Sip&searchField=titulo-autor&ano-de-publicacao=1934,,ativo,2026-09-06 12:37,2026-07-23 02:14,
José de Alencar,Patrono,Iracema Lenda do Ceará,1924,49.59,SIM,https://www.estantevirtual.com.br/busca?nsCat=Natural&q=Jos%C3%A9%20de%20Alencar%20Iracema%20Lenda%20do%20Cear%C3%A1&searchField=titulo-autor&ano-de-publicacao=1924,,ativo,2026-09-06 12:37,2026-07-23 02:14,
José de Alencar,Patrono,"O Guarany, Vols 1 e 2 Em um Mesmo Livro Gravuras de B. Mursa 1904",1904,500,SIM,https://www.estantevirtual.com.br/busca?nsCat=Natural&q=Jos%C3%A9%20de%20Alencar%20O%20Guarany%2C%20Vols%201%20e%202%20Em%20um%20Mesmo%20Livro%20Gravuras%20de%20B.%20Mursa%201904&searchField=titulo-autor&ano-de-publicacao=1904,,ativo,2026-09-06 12:37,2026-07-23 02:14,
José de Alencar,Patrono,"As Minas de Prata, Volume II 1906",1906,200,SIM,https://www.estantevirtual.com.br/busca?nsCat=Natural&q=Jos%C3%A9%20de%20Alencar%20As%20Minas%20de%20Prata%2C%20Volume%20II%201906&searchField=titulo-autor&ano-de-publicacao=1906,,ativo,2026-09-06 12:37,2026-07-23 02:14,
José de Alencar,Patrono,"Azas de um Anjo, Comédia 4 Atos e um Epílogo, 2 Volumes",1931,40,SIM,https://www.estantevirtual.com.br/busca?nsCat=Natural&q=Jos%C3%A9%20de%20Alencar%20Azas%20de%20um%20Anjo%2C%20Com%C3%A9dia%204%20Atos%20e%20um%20Ep%C3%ADlogo%2C%202%20Volumes&searchField=titulo-autor&ano-de-publicacao=1931,,ativo,2026-09-06 12:37,2026-07-23 02:14,
José de Alencar,Patrono,Romances Ilustrados,1937,33.88,SIM,https://www.estantevirtual.com.br/busca?nsCat=Natural&q=Jos%C3%A9%20de%20Alencar%20Romances%20Ilustrados&searchField=titulo-autor&ano-de-publicacao=1937,,ativo,2026-09-06 12:37,2026-07-23 02:14,
José de Alencar,Patrono,Diva : Supplemento Romantico do Jornal do Brasil N 1,1927,115,SIM,https://www.estantevirtual.com.br/busca?nsCat=Natural&q=Jos%C3%A9%20de%20Alencar%20Diva%20%3A%20Supplemento%20Romantico%20do%20Jornal%20do%20Brasil%20N%201&searchField=titulo-autor&ano-de-publicacao=1927,,ativo,2026-09-06 12:37,2026-07-23 02:14,
José de Alencar,Patrono,Iracema - Colecção Alves,1923,80,SIM,https://www.estantevirtual.com.br/busca?nsCat=Natural&q=Jos%C3%A9%20de%20Alencar%20Iracema%20-%20Colec%C3%A7%C3%A3o%20Alves&searchField=titulo-autor&ano-de-publicacao=1923,,ativo,2026-09-06 12:38,2026-07-23 02:14,
José de Alencar,Patrono,O Guarany,1928,49.99,SIM,https://www.estantevirtual.com.br/busca?nsCat=Natural&q=Jos%C3%A9%20de%20Alencar%20O%20Guarany&searchField=titulo-autor&ano-de-publicacao=1928,,ativo,2026-09-06 12:38,2026-07-23 02:14,
José de Alencar,Patrono,O Demonio Familiar : Edição de 1938 - - Capa Dura,1938,35,SIM,https://www.estantevirtual.com.br/livro/o-demonio-familiar-edicao-de-1938-capa-dura-grp-1HG-6194-000?_preco=3000-10000000&tipo-de-livro=usado,,ativo,2026-09-06 12:38,2026-07-23 02:14,Livraria Jmaoski
José de Alencar,Patrono,Ubirajara: Lenda Tupy,1926,350,SIM,https://www.estantevirtual.com.br/busca?nsCat=Natural&q=Jos%C3%A9%20de%20Alencar%20Ubirajara%3A%20Lenda%20Tupy&searchField=titulo-autor&ano-de-publicacao=1926,,ativo,2026-09-06 12:38,2026-07-23 02:14,
José de Alencar,Patrono,O Sertanejo - Romance Brasileiro,1875,150,SIM,https://www.estantevirtual.com.br/busca?nsCat=Natural&q=Jos%C3%A9%20de%20Alencar%20O%20Sertanejo%20-%20Romance%20Brasileiro&searchField=titulo-autor&ano-de-publicacao=1875,,ativo,2026-09-06 12:38,2026-07-23 02:14,
José de Alencar,Patrono,Iracema,1936,80,SIM,https://www.estantevirtual.com.br/busca?nsCat=Natural&q=Jos%C3%A9%20de%20Alencar%20Iracema&searchField=titulo-autor&ano-de-publicacao=1936,,ativo,2026-09-06 12:38,2026-07-23 02:14,
José de Alencar,Patrono,Iracema - Lenda do Ceará. 8. Edição.,1870,350,SIM,https://www.estantevirtual.com.br/busca?nsCat=Natural&q=Jos%C3%A9%20de%20Alencar%20Iracema%20-%20Lenda%20do%20Cear%C3%A1.%208.%20Edi%C3%A7%C3%A3o.&searchField=titulo-autor&ano-de-publicacao=1870,,ativo,2026-09-06 12:38,2026-07-23 02:14,
José de Alencar,Patrono,Ubirajara,1913,70,SIM,https://www.estantevirtual.com.br/busca?nsCat=Natural&q=Jos%C3%A9%20de%20Alencar%20Ubirajara&searchField=titulo-autor&ano-de-publicacao=1913,,ativo,2026-09-06 12:38,2026-07-23 02:14,
José de Alencar,Patrono,A Pata da Gazela,1938,50,SIM,https://www.estantevirtual.com.br/livro/a-pata-da-gazela-FU8-4486-000-BK,,ativo,2026-09-06 12:38,2026-07-23 02:14,
José de Alencar,Patrono,Ubirajara - Lenda Tupy,1913,350,SIM,https://www.estantevirtual.com.br/busca?nsCat=Natural&q=Jos%C3%A9%20de%20Alencar%20Ubirajara%20-%20Lenda%20Tupy&searchField=titulo-autor&ano-de-publicacao=1913,,ativo,2026-09-06 12:38,2026-07-23 02:14,
José de Alencar,Patrono,Senhora: Perfil de Mulher,1928,130,SIM,https://www.estantevirtual.com.br/busca?nsCat=Natural&q=Jos%C3%A9%20de%20Alencar%20Senhora%3A%20Perfil%20de%20Mulher&searchField=titulo-autor&ano-de-publicacao=1928,,ativo,2026-09-06 12:38,2026-07-23 02:14,
José de Alencar,Patrono,O Garatuja - Chronica dos Tempos Coloniaes,1899,100.01,SIM,https://www.estantevirtual.com.br/busca?nsCat=Natural&q=Jos%C3%A9%20de%20Alencar%20O%20Garatuja%20-%20Chronica%20dos%20Tempos%20Coloniaes&searchField=titulo-autor&ano-de-publicacao=1899,,ativo,2026-09-06 12:38,2026-07-23 02:14,
José de Alencar,Patrono,Chronicas dos Tempos Coloniaes Tomo 2,1938,38,SIM,https://www.estantevirtual.com.br/busca?nsCat=Natural&q=Jos%C3%A9%20de%20Alencar%20Chronicas%20dos%20Tempos%20Coloniaes%20Tomo%202&searchField=titulo-autor&ano-de-publicacao=1938,,ativo,2026-09-06 12:38,2026-07-23 02:14,
José de Alencar,Patrono,Cronica dos Tempos Coloniaes Tomo Ii,1938,30,SIM,https://www.estantevirtual.com.br/busca?nsCat=Natural&q=Jos%C3%A9%20de%20Alencar%20Cronica%20dos%20Tempos%20Coloniaes%20Tomo%20Ii&searchField=titulo-autor&ano-de-publicacao=1938,,ativo,2026-09-06 12:38,2026-07-23 02:14,
José de Alencar,Patrono,O Sertanejo Romance Brazileiro 2 Tomos,1899,800,SIM,https://www.estantevirtual.com.br/busca?nsCat=Natural&q=Jos%C3%A9%20de%20Alencar%20O%20Sertanejo%20Romance%20Brazileiro%202%20Tomos&searchField=titulo-autor&ano-de-publicacao=1899,,ativo,2026-09-06 12:38,2026-07-23 02:14,
José de Alencar,Patrono,Chronicas dos Tempos Coloniaes,1938,38,SIM,https://www.estantevirtual.com.br/busca?nsCat=Natural&q=Jos%C3%A9%20de%20Alencar%20Chronicas%20dos%20Tempos%20Coloniaes&searchField=titulo-autor&ano-de-publicacao=1938,,ativo,2026-09-06 12:38,2026-07-23 02:14,
José de Alencar,Patrono,Sonho Douro 2 Vols,1920,60,SIM,https://www.estantevirtual.com.br/busca?nsCat=Natural&q=Jos%C3%A9%20de%20Alencar%20Sonho%20Douro%202%20Vols&searchField=titulo-autor&ano-de-publicacao=1920,,ativo,2026-09-06 12:38,2026-07-23 02:14,
José de Alencar,Patrono,Ubirajara Lenda Tupy,1919,150,SIM,https://www.estantevirtual.com.br/busca?nsCat=Natural&q=Jos%C3%A9%20de%20Alencar%20Ubirajara%20Lenda%20Tupy&searchField=titulo-autor&ano-de-publicacao=1919,,ativo,2026-09-06 12:39,2026-07-23 02:14,
José de Alencar,Patrono,Ubirajara Lenda Tupy,1926,170,SIM,https://www.estantevirtual.com.br/busca?nsCat=Natural&q=Jos%C3%A9%20de%20Alencar%20Ubirajara%20Lenda%20Tupy&searchField=titulo-autor&ano-de-publicacao=1926,,ativo,2026-09-06 12:39,2026-07-23 02:14,
José de Alencar,Patrono,Cinco Minutos,1913,90,SIM,https://www.estantevirtual.com.br/busca?nsCat=Natural&q=Jos%C3%A9%20de%20Alencar%20Cinco%20Minutos&searchField=titulo-autor&ano-de-publicacao=1913,,ativo,2026-09-06 12:39,2026-07-23 02:14,
José de Alencar,Patrono,Iracema,1920,90,SIM,https://www.estantevirtual.com.br/busca?nsCat=Natural&q=Jos%C3%A9%20de%20Alencar%20Iracema&searchField=titulo-autor&ano-de-publicacao=1920,,ativo,2026-09-06 12:39,2026-07-23 02:14,
José de Alencar,Patrono,Como e porque sou romancista,1893,350,SIM,https://www.estantevirtual.com.br/busca?nsCat=Natural&q=Jos%C3%A9%20de%20Alencar%20Como%20e%20porque%20sou%20romancista&searchField=titulo-autor&ano-de-publicacao=1893,,ativo,2026-09-06 12:39,2026-07-23 02:14,
José de Alencar,Patrono,Correr da Penna,1888,350,SIM,https://www.estantevirtual.com.br/busca?nsCat=Natural&q=Jos%C3%A9%20de%20Alencar%20Correr%20da%20Penna&searchField=titulo-autor&ano-de-publicacao=1888,,ativo,2026-09-06 12:39,2026-07-23 02:14,
José de Alencar,Patrono,O Ermitão da Gloria a Alma do Lazaro,1899,1250,SIM,https://www.estantevirtual.com.br/busca?nsCat=Natural&q=Jos%C3%A9%20de%20Alencar%20O%20Ermit%C3%A3o%20da%20Gloria%20a%20Alma%20do%20Lazaro&searchField=titulo-autor&ano-de-publicacao=1899,,ativo,2026-09-06 12:39,2026-07-23 02:14,
José de Alencar,Patrono,Demonio Familiar.,1938,48,SIM,https://www.estantevirtual.com.br/livro/demonio-familiar-grp-17U-0296-000?_preco=3000-10000000&tipo-de-livro=usado,,ativo,2026-09-06 12:39,2026-07-23 02:14,Livraria Virtual Incunábulo
José de Alencar,Patrono,Senhora,1875,50,SIM,https://www.estantevirtual.com.br/livro/senhora-grp-17S-7719-000?_preco=3000-10000000&tipo-de-livro=usado,,ativo,2026-09-06 12:39,2026-07-23 02:14,Mata Livros
José de Alencar,Patrono,O Tronco do Ipê,1934,39.54,SIM,https://www.estantevirtual.com.br/busca?nsCat=Natural&q=Jos%C3%A9%20de%20Alencar%20O%20Tronco%20do%20Ip%C3%AA&searchField=titulo-autor&ano-de-publicacao=1934,,ativo,2026-09-06 12:39,2026-07-23 02:14,
José de Alencar,Patrono,Ubirajara,1934,39.54,SIM,https://www.estantevirtual.com.br/busca?nsCat=Natural&q=Jos%C3%A9%20de%20Alencar%20Ubirajara&searchField=titulo-autor&ano-de-publicacao=1934,,ativo,2026-09-06 12:39,2026-07-23 02:14,
José de Alencar,Patrono,O Sertanejo 2 Volumes (atenção a Descrição) - 11356,1920,60,SIM,https://www.estantevirtual.com.br/busca?nsCat=Natural&q=Jos%C3%A9%20de%20Alencar%20O%20Sertanejo%202%20Volumes%20(aten%C3%A7%C3%A3o%20a%20Descri%C3%A7%C3%A3o)%20-%2011356&searchField=titulo-autor&ano-de-publicacao=1920,,ativo,2026-09-06 12:39,2026-07-23 02:14,
José de Alencar,Patrono,Alfarrábios: Cronicas dos Tempos Coloniaes Vol. 2,1873,850,SIM,https://www.estantevirtual.com.br/busca?nsCat=Natural&q=Jos%C3%A9%20de%20Alencar%20Alfarr%C3%A1bios%3A%20Cronicas%20dos%20Tempos%20Coloniaes%20Vol.%202&searchField=titulo-autor&ano-de-publicacao=1873,,ativo,2026-09-06 12:39,2026-07-23 02:14,
José de Alencar,Patrono,Ubirajara Lenda Tupi,1912,40,SIM,https://www.estantevirtual.com.br/busca?nsCat=Natural&q=Jos%C3%A9%20de%20Alencar%20Ubirajara%20Lenda%20Tupi&searchField=titulo-autor&ano-de-publicacao=1912,,ativo,2026-09-06 12:39,2026-07-23 02:14,
José de Alencar,Patrono,Iracema,1938,30,SIM,https://www.estantevirtual.com.br/busca?nsCat=Natural&q=Jos%C3%A9%20de%20Alencar%20Iracema&searchField=titulo-autor&ano-de-publicacao=1938,,ativo,2026-09-06 12:39,2026-07-23 02:14,
José de Alencar,Patrono,Azas de um Anjo - Comedia - segundo volume,1931,200,SIM,https://www.estantevirtual.com.br/busca?nsCat=Natural&q=Jos%C3%A9%20de%20Alencar%20Azas%20de%20um%20Anjo%20-%20Comedia%20-%20segundo%20volume&searchField=titulo-autor&ano-de-publicacao=1931,,ativo,2026-09-06 12:39,2026-07-23 02:14,
José de Alencar,Patrono,Alfarrabios,1938,40,SIM,https://www.estantevirtual.com.br/busca?nsCat=Natural&q=Jos%C3%A9%20de%20Alencar%20Alfarrabios&searchField=titulo-autor&ano-de-publicacao=1938,,ativo,2026-09-06 12:40,2026-07-23 02:14,
José de Alencar,Patrono,Sonhos de Ouro / 2 Vls,1938,40,SIM,https://www.estantevirtual.com.br/busca?nsCat=Natural&q=Jos%C3%A9%20de%20Alencar%20Sonhos%20de%20Ouro%20%2F%202%20Vls&searchField=titulo-autor&ano-de-publicacao=1938,,ativo,2026-09-06 12:40,2026-07-23 02:14,
José de Alencar,Patrono,O Tronco do Ipe,1938,40,SIM,https://www.estantevirtual.com.br/busca?nsCat=Natural&q=Jos%C3%A9%20de%20Alencar%20O%20Tronco%20do%20Ipe&searchField=titulo-autor&ano-de-publicacao=1938,,ativo,2026-09-06 12:40,2026-07-23 02:14,
José de Alencar,Patrono,Senhora / Vls 2,1938,40,SIM,https://www.estantevirtual.com.br/busca?nsCat=Natural&q=Jos%C3%A9%20de%20Alencar%20Senhora%20%2F%20Vls%202&searchField=titulo-autor&ano-de-publicacao=1938,,ativo,2026-09-06 12:40,2026-07-23 02:14,
José de Alencar,Patrono,O Gaucho / 2 Vls,1938,40,SIM,https://www.estantevirtual.com.br/busca?nsCat=Natural&q=Jos%C3%A9%20de%20Alencar%20O%20Gaucho%20%2F%202%20Vls&searchField=titulo-autor&ano-de-publicacao=1938,,ativo,2026-09-06 12:40,2026-07-23 02:14,
José de Alencar,Patrono,As Minas de Prata / 4 Vls,1938,60,SIM,https://www.estantevirtual.com.br/busca?nsCat=Natural&q=Jos%C3%A9%20de%20Alencar%20As%20Minas%20de%20Prata%20%2F%204%20Vls&searchField=titulo-autor&ano-de-publicacao=1938,,ativo,2026-09-06 12:40,2026-07-23 02:14,
José de Alencar,Patrono,Cronica dos Tempos Coloniais / 2 Vls,1938,40,SIM,https://www.estantevirtual.com.br/busca?nsCat=Natural&q=Jos%C3%A9%20de%20Alencar%20Cronica%20dos%20Tempos%20Coloniais%20%2F%202%20Vls&searchField=titulo-autor&ano-de-publicacao=1938,,ativo,2026-09-06 12:40,2026-07-23 02:14,
José de Alencar,Patrono,O Sertanejo / 2 Vls,1938,40,SIM,https://www.estantevirtual.com.br/busca?nsCat=Natural&q=Jos%C3%A9%20de%20Alencar%20O%20Sertanejo%20%2F%202%20Vls&searchField=titulo-autor&ano-de-publicacao=1938,,ativo,2026-09-06 12:40,2026-07-23 02:14,
José de Alencar,Patrono,Ubirajara Lenda Tupy,1919,35.72,SIM,https://www.estantevirtual.com.br/busca?nsCat=Natural&q=Jos%C3%A9%20de%20Alencar%20Ubirajara%20Lenda%20Tupy&searchField=titulo-autor&ano-de-publicacao=1919,,ativo,2026-09-06 12:40,2026-07-23 02:14,
José de Alencar,Patrono,"Kit 2 Livros o Tronco do Ipê 11ª Edição, as Minas de Prata 8ª Edição v",1871,34.77,SIM,https://www.estantevirtual.com.br/busca?nsCat=Natural&q=Jos%C3%A9%20de%20Alencar%20Kit%202%20Livros%20o%20Tronco%20do%20Ip%C3%AA%2011%C2%AA%20Edi%C3%A7%C3%A3o%2C%20as%20Minas%20de%20Prata%208%C2%AA%20Edi%C3%A7%C3%A3o%20v&searchField=titulo-autor&ano-de-publicacao=1871,,ativo,2026-09-06 12:40,2026-07-23 02:14,
Júlio Ribeiro,Patrono,A Carne - Obra Encadernada,1923,106,SIM,https://www.estantevirtual.com.br/busca?nsCat=Natural&q=J%C3%BAlio%20Ribeiro%20A%20Carne%20-%20Obra%20Encadernada&searchField=titulo-autor&ano-de-publicacao=1923,,vendido,2026-08-07 12:32,2026-07-23 02:14,
Júlio Ribeiro,Patrono,Cartas Sertanejas - 1ª Edição,1885,350,SIM,https://www.estantevirtual.com.br/busca?nsCat=Natural&q=J%C3%BAlio%20Ribeiro%20Cartas%20Sertanejas%20-%201%C2%AA%20Edi%C3%A7%C3%A3o&searchField=titulo-autor&ano-de-publicacao=1885,,ativo,2026-09-06 12:40,2026-07-23 02:14,
Júlio Ribeiro,Patrono,Grammatica Portugueza,1914,300,SIM,https://www.estantevirtual.com.br/busca?nsCat=Natural&q=J%C3%BAlio%20Ribeiro%20Grammatica%20Portugueza&searchField=titulo-autor&ano-de-publicacao=1914,,ativo,2026-09-06 12:40,2026-07-23 02:14,
Júlio Ribeiro,Patrono,A Carne - 8ª. Edição - 1922,1922,98.99,SIM,https://www.estantevirtual.com.br/busca?nsCat=Natural&q=J%C3%BAlio%20Ribeiro%20A%20Carne%20-%208%C2%AA.%20Edi%C3%A7%C3%A3o%20-%201922&searchField=titulo-autor&ano-de-publicacao=1922,,ativo,2026-09-06 12:40,2026-07-23 02:14,
Júlio Ribeiro,Patrono,Grammatica Portugueza,1881,1000,SIM,https://www.estantevirtual.com.br/livro/grammatica-portugueza-grp-NNB-7269-000?_preco=3000-10000000&tipo-de-livro=usado,,ativo,2026-09-06 12:40,2026-07-23 02:14,Livraria Virtual Incunábulo
Júlio Ribeiro,Patrono,Cartas Sertanejas,1885,450,SIM,https://www.estantevirtual.com.br/busca?nsCat=Natural&q=J%C3%BAlio%20Ribeiro%20Cartas%20Sertanejas&searchField=titulo-autor&ano-de-publicacao=1885,,ativo,2026-09-06 12:40,2026-07-23 02:14,
Júlio Ribeiro,Patrono,Grammatica Portugueza 13ª Edição,1919,345,SIM,https://www.estantevirtual.com.br/busca?nsCat=Natural&q=J%C3%BAlio%20Ribeiro%20Grammatica%20Portugueza%2013%C2%AA%20Edi%C3%A7%C3%A3o&searchField=titulo-autor&ano-de-publicacao=1919,,ativo,2026-09-06 12:40,2026-07-23 02:14,
Júlio Ribeiro,Patrono,Padre Belchior de Pontes - Romance Histórico Original,1904,30,SIM,https://www.estantevirtual.com.br/busca?nsCat=Natural&q=J%C3%BAlio%20Ribeiro%20Padre%20Belchior%20de%20Pontes%20-%20Romance%20Hist%C3%B3rico%20Original&searchField=titulo-autor&ano-de-publicacao=1904,,ativo,2026-09-06 12:40,2026-07-23 02:14,
Júlio Ribeiro,Patrono,Grammatica Portugueza,1900,1200,SIM,https://www.estantevirtual.com.br/busca?nsCat=Natural&q=J%C3%BAlio%20Ribeiro%20Grammatica%20Portugueza&searchField=titulo-autor&ano-de-publicacao=1900,,ativo,2026-09-06 12:40,2026-07-23 02:14,
Júlio Ribeiro,Patrono,Grammatica Portugueza,1914,340,SIM,https://www.estantevirtual.com.br/busca?nsCat=Natural&q=J%C3%BAlio%20Ribeiro%20Grammatica%20Portugueza&searchField=titulo-autor&ano-de-publicacao=1914,,ativo,2026-09-06 12:41,2026-07-23 02:14,
Júlio Ribeiro,Patrono,A Carne,1888,1500,SIM,https://www.estantevirtual.com.br/busca?nsCat=Natural&q=J%C3%BAlio%20Ribeiro%20A%20Carne&searchField=titulo-autor&ano-de-publicacao=1888,,ativo,2026-09-06 12:41,2026-07-23 02:14,
Júlio Ribeiro,Patrono,A Carne,1935,50,SIM,https://www.estantevirtual.com.br/busca?nsCat=Natural&q=J%C3%BAlio%20Ribeiro%20A%20Carne&searchField=titulo-autor&ano-de-publicacao=1935,,ativo,2026-09-06 12:41,2026-07-23 02:14,
Júlio Ribeiro,Patrono,Cartas Sertanejas,1908,150,SIM,https://www.estantevirtual.com.br/busca?nsCat=Natural&q=J%C3%BAlio%20Ribeiro%20Cartas%20Sertanejas&searchField=titulo-autor&ano-de-publicacao=1908,,ativo,2026-09-06 12:41,2026-07-23 02:14,
Júlio Ribeiro,Patrono,Cartas Sertanejas - 2ª Edição,1908,120,SIM,https://www.estantevirtual.com.br/busca?nsCat=Natural&q=J%C3%BAlio%20Ribeiro%20Cartas%20Sertanejas%20-%202%C2%AA%20Edi%C3%A7%C3%A3o&searchField=titulo-autor&ano-de-publicacao=1908,,ativo,2026-09-06 12:41,2026-07-23 02:14,
Júlio Ribeiro,Patrono,Cartas Sertanejas,1908,50,SIM,https://www.estantevirtual.com.br/busca?nsCat=Natural&q=J%C3%BAlio%20Ribeiro%20Cartas%20Sertanejas&searchField=titulo-autor&ano-de-publicacao=1908,,ativo,2026-09-06 12:41,2026-07-23 02:14,
Júlio Ribeiro,Patrono,Padre Belchior de Pontes,1933,100,SIM,https://www.estantevirtual.com.br/busca?nsCat=Natural&q=J%C3%BAlio%20Ribeiro%20Padre%20Belchior%20de%20Pontes&searchField=titulo-autor&ano-de-publicacao=1933,,ativo,2026-09-06 12:41,2026-07-23 02:14,
Júlio Ribeiro,Patrono,Padre Belchior de Pontes Edição de 1904,1904,39,SIM,https://www.estantevirtual.com.br/busca?nsCat=Natural&q=J%C3%BAlio%20Ribeiro%20Padre%20Belchior%20de%20Pontes%20Edi%C3%A7%C3%A3o%20de%201904&searchField=titulo-autor&ano-de-publicacao=1904,,ativo,2026-09-06 12:41,2026-07-23 02:14,
Júlio Ribeiro,Patrono,A Carne,1888,150,SIM,https://www.estantevirtual.com.br/busca?nsCat=Natural&q=J%C3%BAlio%20Ribeiro%20A%20Carne&searchField=titulo-autor&ano-de-publicacao=1888,,ativo,2026-09-06 12:41,2026-07-23 02:14,
Júlio Ribeiro,Patrono,A Carne,1902,168,SIM,https://www.estantevirtual.com.br/busca?nsCat=Natural&q=J%C3%BAlio%20Ribeiro%20A%20Carne&searchField=titulo-autor&ano-de-publicacao=1902,,ativo,2026-09-06 12:41,2026-07-23 02:14,
Júlio Ribeiro,Patrono,A Carne,1938,40,SIM,https://www.estantevirtual.com.br/busca?nsCat=Natural&q=J%C3%BAlio%20Ribeiro%20A%20Carne&searchField=titulo-autor&ano-de-publicacao=1938,,ativo,2026-09-06 12:41,2026-07-23 02:14,
Júlio Ribeiro,Patrono,Cartas Sertanejas - 2 Edição,1908,160,SIM,https://www.estantevirtual.com.br/busca?nsCat=Natural&q=J%C3%BAlio%20Ribeiro%20Cartas%20Sertanejas%20-%202%20Edi%C3%A7%C3%A3o&searchField=titulo-autor&ano-de-publicacao=1908,,ativo,2026-09-06 12:41,2026-07-23 02:14,
Júlio Ribeiro,Patrono,Cartas Sertanejas 2ª Edição,1908,100,SIM,https://www.estantevirtual.com.br/busca?nsCat=Natural&q=J%C3%BAlio%20Ribeiro%20Cartas%20Sertanejas%202%C2%AA%20Edi%C3%A7%C3%A3o&searchField=titulo-autor&ano-de-publicacao=1908,,ativo,2026-09-06 12:41,2026-07-23 02:14,
Júlio Ribeiro,Patrono,Cartas Sertanejas. 2ª edição,1908,130,SIM,https://www.estantevirtual.com.br/busca?nsCat=Natural&q=J%C3%BAlio%20Ribeiro%20Cartas%20Sertanejas.%202%C2%AA%20edi%C3%A7%C3%A3o&searchField=titulo-autor&ano-de-publicacao=1908,,ativo,2026-09-06 12:41,2026-07-23 02:14,
Júlio Ribeiro,Patrono,A Carne. 1ª Edição,1888,800,SIM,https://www.estantevirtual.com.br/busca?nsCat=Natural&q=J%C3%BAlio%20Ribeiro%20A%20Carne.%201%C2%AA%20Edi%C3%A7%C3%A3o&searchField=titulo-autor&ano-de-publicacao=1888,,ativo,2026-09-06 12:41,2026-07-23 02:14,
Júlio Ribeiro,Patrono,Cartas Sertanejas,1885,400,SIM,https://www.estantevirtual.com.br/busca?nsCat=Natural&q=J%C3%BAlio%20Ribeiro%20Cartas%20Sertanejas&searchField=titulo-autor&ano-de-publicacao=1885,,ativo,2026-09-06 12:41,2026-07-23 02:14,
Júlio Ribeiro,Patrono,A carne,1938,40,SIM,https://www.estantevirtual.com.br/busca?nsCat=Natural&q=J%C3%BAlio%20Ribeiro%20A%20carne&searchField=titulo-autor&ano-de-publicacao=1938,,ativo,2026-09-06 12:41,2026-07-23 02:14,
Júlio Ribeiro,Patrono,Cartas Sertanejas - 2ªed.,1908,60,SIM,https://www.estantevirtual.com.br/busca?nsCat=Natural&q=J%C3%BAlio%20Ribeiro%20Cartas%20Sertanejas%20-%202%C2%AAed.&searchField=titulo-autor&ano-de-publicacao=1908,,ativo,2026-09-06 12:42,2026-07-23 02:14,
Júlio Ribeiro,Patrono,Padre Belchior de Pontes,1925,63.25,SIM,https://www.estantevirtual.com.br/busca?nsCat=Natural&q=J%C3%BAlio%20Ribeiro%20Padre%20Belchior%20de%20Pontes&searchField=titulo-autor&ano-de-publicacao=1925,,ativo,2026-09-06 12:42,2026-07-23 02:14,
Júlio Ribeiro,Patrono,Cartas Sertanejas,1908,81.25,SIM,https://www.estantevirtual.com.br/busca?nsCat=Natural&q=J%C3%BAlio%20Ribeiro%20Cartas%20Sertanejas&searchField=titulo-autor&ano-de-publicacao=1908,,ativo,2026-09-06 12:42,2026-07-23 02:14,
Maciel Monteiro,Patrono,Poesias - 1ª Edição,1905,250,SIM,https://www.estantevirtual.com.br/livro/poesias-1-edicao-grp-K4D-2521-000?_preco=3000-10000000&tipo-de-livro=usado,,ativo,2026-09-06 12:42,2026-07-23 02:14,O Buquineiro
Maciel Monteiro,Patrono,Poesias Maciel Monteiro Encadernado,1905,57.34,SIM,https://www.estantevirtual.com.br/busca?nsCat=Natural&q=Maciel%20Monteiro%20Poesias%20Maciel%20Monteiro%20Encadernado&searchField=titulo-autor&ano-de-publicacao=1905,,ativo,2026-09-06 12:42,2026-07-23 02:14,
Pedro Luís,Patrono,Dispersos,1934,130,SIM,https://www.estantevirtual.com.br/busca?nsCat=Natural&q=Pedro%20Lu%C3%ADs%20Dispersos&searchField=titulo-autor&ano-de-publicacao=1934,,ativo,2026-09-06 12:42,2026-07-23 02:14,
Raul Pompeia,Patrono,O Atheneu - Ilustrado,1906,200,SIM,https://www.estantevirtual.com.br/livro/o-atheneu-ilustrado-grp-RH4-3685-000?_preco=3000-10000000&tipo-de-livro=usado,,ativo,2026-09-06 12:42,2026-07-23 02:14,O Livreiro Special Books
Raul Pompeia,Patrono,O Atheneu - Chronica de Saudades,1888,75,SIM,https://www.estantevirtual.com.br/busca?nsCat=Natural&q=Raul%20Pompeia%20O%20Atheneu%20-%20Chronica%20de%20Saudades&searchField=titulo-autor&ano-de-publicacao=1888,,ativo,2026-09-06 12:42,2026-07-23 02:14,
Raul Pompeia,Patrono,O Ateneu,1863,30,SIM,https://www.estantevirtual.com.br/busca?nsCat=Natural&q=Raul%20Pompeia%20O%20Ateneu&searchField=titulo-autor&ano-de-publicacao=1863,,ativo,2026-09-06 12:42,2026-07-23 02:14,
Raul Pompeia,Patrono,O Atheneu - Chronica de Saudades,1888,150,SIM,https://www.estantevirtual.com.br/busca?nsCat=Natural&q=Raul%20Pompeia%20O%20Atheneu%20-%20Chronica%20de%20Saudades&searchField=titulo-autor&ano-de-publicacao=1888,,ativo,2026-09-06 12:42,2026-07-23 02:14,
Raul Pompeia,Patrono,Atheneu Chronica de Saudades,1888,165,SIM,https://www.estantevirtual.com.br/busca?nsCat=Natural&q=Raul%20Pompeia%20Atheneu%20Chronica%20de%20Saudades&searchField=titulo-autor&ano-de-publicacao=1888,,ativo,2026-09-06 12:42,2026-07-23 02:14,
Raul Pompeia,Patrono,O Ateneu- Capa Dura,1888,49,SIM,https://www.estantevirtual.com.br/busca?nsCat=Natural&q=Raul%20Pompeia%20O%20Ateneu-%20Capa%20Dura&searchField=titulo-autor&ano-de-publicacao=1888,,ativo,2026-09-06 12:42,2026-07-23 02:14,
Raul Pompeia,Patrono,O Atheneu,1907,180,SIM,https://www.estantevirtual.com.br/busca?nsCat=Natural&q=Raul%20Pompeia%20O%20Atheneu&searchField=titulo-autor&ano-de-publicacao=1907,,ativo,2026-09-06 12:42,2026-07-23 02:14,
Raul Pompeia,Patrono,O Atheneu - 2 Edição Definitiva,1905,174.80,SIM,https://www.estantevirtual.com.br/livro/o-atheneu-2-edicao-definitiva-grp-1IN-2634-000?_preco=3000-10000000&tipo-de-livro=usado,,ativo,2026-09-06 12:42,2026-07-23 02:14,O Xango de Xangai
Raul Pompeia,Patrono,O Atheneu,1906,90,SIM,https://www.estantevirtual.com.br/busca?nsCat=Natural&q=Raul%20Pompeia%20O%20Atheneu&searchField=titulo-autor&ano-de-publicacao=1906,,ativo,2026-09-06 12:42,2026-07-23 02:14,
Raul Pompeia,Patrono,O Atheneu 2ª Edição Definitiva Conforme os Originaes,1905,170,SIM,https://www.estantevirtual.com.br/busca?nsCat=Natural&q=Raul%20Pompeia%20O%20Atheneu%202%C2%AA%20Edi%C3%A7%C3%A3o%20Definitiva%20Conforme%20os%20Originaes&searchField=titulo-autor&ano-de-publicacao=1905,,ativo,2026-09-06 12:42,2026-07-23 02:14,
Raul Pompeia,Patrono,(01) - O Atheneu 2ª Edição Definitiva Conforme os Originaes,1905,170,SIM,https://www.estantevirtual.com.br/busca?nsCat=Natural&q=Raul%20Pompeia%20(01)%20-%20O%20Atheneu%202%C2%AA%20Edi%C3%A7%C3%A3o%20Definitiva%20Conforme%20os%20Originaes&searchField=titulo-autor&ano-de-publicacao=1905,,ativo,2026-09-06 12:42,2026-07-23 02:14,
Raul Pompeia,Patrono,O Atheneu Chronica de Saudade 7ª Ed Definitiva Conforme os Originae...,1888,71.72,SIM,https://www.estantevirtual.com.br/busca?nsCat=Natural&q=Raul%20Pompeia%20O%20Atheneu%20Chronica%20de%20Saudade%207%C2%AA%20Ed%20Definitiva%20Conforme%20os%20Originae...&searchField=titulo-autor&ano-de-publicacao=1888,,ativo,2026-09-06 12:43,2026-07-23 02:14,
Raul Pompeia,Patrono,O Atheneu 4ª Edição Definitiva.,1888,230,SIM,https://www.estantevirtual.com.br/busca?nsCat=Natural&q=Raul%20Pompeia%20O%20Atheneu%204%C2%AA%20Edi%C3%A7%C3%A3o%20Definitiva.&searchField=titulo-autor&ano-de-publicacao=1888,,ativo,2026-09-06 12:43,2026-07-23 02:14,
Raul Pompeia,Patrono,O Atheneu Chronica de Saudades 2 Edição - Definitiva Conforme os Or...,1900,366.09,SIM,https://www.estantevirtual.com.br/busca?nsCat=Natural&q=Raul%20Pompeia%20O%20Atheneu%20Chronica%20de%20Saudades%202%20Edi%C3%A7%C3%A3o%20-%20Definitiva%20Conforme%20os%20Or...&searchField=titulo-autor&ano-de-publicacao=1900,,ativo,2026-09-06 12:43,2026-07-23 02:14,
Tavares Bastos,Patrono,A Provincia (encadernado),1937,60,SIM,https://www.estantevirtual.com.br/livro/a-provincia-encadernado-grp-R1M-0873-000?_preco=3000-10000000&tipo-de-livro=usado,,vendido,2026-08-01 13:31,2026-07-23 02:14,
Tavares Bastos,Patrono,O Valle do Amazonas,1937,82,SIM,https://www.estantevirtual.com.br/livro/o-valle-do-amazonas-grp-NUY-1098-000?_preco=3000-10000000&tipo-de-livro=usado,,ativo,2026-09-06 12:43,2026-07-23 02:14,Julian Livros
Tavares Bastos,Patrono,A Província,1937,52,SIM,https://www.estantevirtual.com.br/livro/a-provincia-grp-NUV-1376-000?_preco=3000-10000000&tipo-de-livro=usado,,ativo,2026-09-06 12:43,2026-07-23 02:14,Julian Livros
Tavares Bastos,Patrono,O Vale do Amazonas - 2ª Edição,1937,42.50,SIM,https://www.estantevirtual.com.br/busca?nsCat=Natural&q=Tavares%20Bastos%20O%20Vale%20do%20Amazonas%20-%202%C2%AA%20Edi%C3%A7%C3%A3o&searchField=titulo-autor&ano-de-publicacao=1937,,ativo,2026-09-06 12:43,2026-07-23 02:14,
Tavares Bastos,Patrono,A Provincia,1937,85,SIM,https://www.estantevirtual.com.br/busca?nsCat=Natural&q=Tavares%20Bastos%20A%20Provincia&searchField=titulo-autor&ano-de-publicacao=1937,,ativo,2026-09-06 12:43,2026-07-23 02:14,
Tavares Bastos,Patrono,Organisação Judiciaria Federal,1913,300,SIM,https://www.estantevirtual.com.br/busca?nsCat=Natural&q=Tavares%20Bastos%20Organisa%C3%A7%C3%A3o%20Judiciaria%20Federal&searchField=titulo-autor&ano-de-publicacao=1913,,ativo,2026-09-06 12:43,2026-07-23 02:14,
Tavares Bastos,Patrono,A Província - 1ª Edição,1870,650,SIM,https://www.estantevirtual.com.br/busca?nsCat=Natural&q=Tavares%20Bastos%20A%20Prov%C3%ADncia%20-%201%C2%AA%20Edi%C3%A7%C3%A3o&searchField=titulo-autor&ano-de-publicacao=1870,,ativo,2026-09-06 12:43,2026-07-23 02:14,
Tavares Bastos,Patrono,A Provincia,1937,100,SIM,https://www.estantevirtual.com.br/busca?nsCat=Natural&q=Tavares%20Bastos%20A%20Provincia&searchField=titulo-autor&ano-de-publicacao=1937,,ativo,2026-09-06 12:43,2026-07-23 02:14,
Tavares Bastos,Patrono,A Provincia,1937,100,SIM,https://www.estantevirtual.com.br/busca?nsCat=Natural&q=Tavares%20Bastos%20A%20Provincia&searchField=titulo-autor&ano-de-publicacao=1937,,ativo,2026-09-06 12:43,2026-07-23 02:14,
Tavares Bastos,Patrono,105 A Província. Brasiliana,1937,50,SIM,https://www.estantevirtual.com.br/busca?nsCat=Natural&q=Tavares%20Bastos%20105%20A%20Prov%C3%ADncia.%20Brasiliana&searchField=titulo-autor&ano-de-publicacao=1937,,ativo,2026-09-06 12:43,2026-07-23 02:14,
Tavares Bastos,Patrono,A Provincia: Estudo Sobre a Descentralisação do Brasil,1937,85,SIM,https://www.estantevirtual.com.br/busca?nsCat=Natural&q=Tavares%20Bastos%20A%20Provincia%3A%20Estudo%20Sobre%20a%20Descentralisa%C3%A7%C3%A3o%20do%20Brasil&searchField=titulo-autor&ano-de-publicacao=1937,,ativo,2026-09-06 12:43,2026-07-23 02:14,
Tobias Barreto,Patrono,Estudos Allemães - Obras Completas Volume VIII,1926,99.90,SIM,https://www.estantevirtual.com.br/livro/estudos-allemaes-obras-completas-volume-viii-grp-R4G-9973-000?_preco=3000-10000000&tipo-de-livro=usado,,ativo,2026-09-06 12:43,2026-07-23 02:14,A Central Livros
Tobias Barreto,Patrono,Menores e Loucos - Fundamentos do Direito de Punir - Obras Completas,1926,150,SIM,https://www.estantevirtual.com.br/livro/menores-e-loucos-fundamentos-do-direito-de-punir-obras-completas-grp-R1L-9984-000?_preco=3000-10000000&tipo-de-livro=usado,,vendido,2026-08-01 13:32,2026-07-23 02:14,
Tobias Barreto,Patrono,Varios Escriptos Obras Completas X,1926,150,SIM,https://www.estantevirtual.com.br/busca?nsCat=Natural&q=Tobias%20Barreto%20Varios%20Escriptos%20Obras%20Completas%20X&searchField=titulo-autor&ano-de-publicacao=1926,,vendido,2026-08-08 11:31,2026-07-23 02:14,
Tobias Barreto,Patrono,Estudos Allemaes,1926,150,SIM,https://www.estantevirtual.com.br/busca?nsCat=Natural&q=Tobias%20Barreto%20Estudos%20Allemaes&searchField=titulo-autor&ano-de-publicacao=1926,,ativo,2026-09-06 12:43,2026-07-23 02:14,
Tobias Barreto,Patrono,Dias e Noites,1925,120,SIM,https://www.estantevirtual.com.br/busca?nsCat=Natural&q=Tobias%20Barreto%20Dias%20e%20Noites&searchField=titulo-autor&ano-de-publicacao=1925,,ativo,2026-09-06 12:43,2026-07-23 02:14,
Tobias Barreto,Patrono,Philosophia e Critica,1926,200,SIM,https://www.estantevirtual.com.br/busca?nsCat=Natural&q=Tobias%20Barreto%20Philosophia%20e%20Critica&searchField=titulo-autor&ano-de-publicacao=1926,,ativo,2026-09-06 12:43,2026-07-23 02:14,
Tobias Barreto,Patrono,Estudos Alemães,1926,140,SIM,https://www.estantevirtual.com.br/busca?nsCat=Natural&q=Tobias%20Barreto%20Estudos%20Alem%C3%A3es&searchField=titulo-autor&ano-de-publicacao=1926,,ativo,2026-09-06 12:44,2026-07-23 02:14,
Tobias Barreto,Patrono,"Discursos, Tobias Barreto, Com Assinatura Bento Munhoz da Rocha Neto",1926,7000,SIM,https://www.estantevirtual.com.br/busca?nsCat=Natural&q=Tobias%20Barreto%20Discursos%2C%20Tobias%20Barreto%2C%20Com%20Assinatura%20Bento%20Munhoz%20da%20Rocha%20Neto&searchField=titulo-autor&ano-de-publicacao=1926,,ativo,2026-09-06 12:44,2026-07-23 02:14,
Tobias Barreto,Patrono,Dias e Noites,1925,49,SIM,https://www.estantevirtual.com.br/busca?nsCat=Natural&q=Tobias%20Barreto%20Dias%20e%20Noites&searchField=titulo-autor&ano-de-publicacao=1925,,ativo,2026-09-06 12:44,2026-07-23 02:14,
Tobias Barreto,Patrono,Varios Escriptos,1926,30,SIM,https://www.estantevirtual.com.br/busca?nsCat=Natural&q=Tobias%20Barreto%20Varios%20Escriptos&searchField=titulo-autor&ano-de-publicacao=1926,,ativo,2026-09-06 12:44,2026-07-23 02:14,
Tobias Barreto,Patrono,Estudos Allemães - Barreto,1892,198,SIM,https://www.estantevirtual.com.br/busca?nsCat=Natural&q=Tobias%20Barreto%20Estudos%20Allem%C3%A3es%20-%20Barreto&searchField=titulo-autor&ano-de-publicacao=1892,,ativo,2026-09-06 12:44,2026-07-23 02:14,
Tobias Barreto,Patrono,Estudos Allemães,1892,149,SIM,https://www.estantevirtual.com.br/busca?nsCat=Natural&q=Tobias%20Barreto%20Estudos%20Allem%C3%A3es&searchField=titulo-autor&ano-de-publicacao=1892,,ativo,2026-09-06 12:44,2026-07-23 02:14,
Tobias Barreto,Patrono,Menores e Loucos Em Direito Criminal,1886,160,SIM,https://www.estantevirtual.com.br/busca?nsCat=Natural&q=Tobias%20Barreto%20Menores%20e%20Loucos%20Em%20Direito%20Criminal&searchField=titulo-autor&ano-de-publicacao=1886,,ativo,2026-09-06 12:44,2026-07-23 02:14,
Tobias Barreto,Patrono,Varios Escriptos,1900,101,SIM,https://www.estantevirtual.com.br/busca?nsCat=Natural&q=Tobias%20Barreto%20Varios%20Escriptos&searchField=titulo-autor&ano-de-publicacao=1900,,ativo,2026-09-06 12:44,2026-07-23 02:14,
Tobias Barreto,Patrono,Estudos de Direito,1892,300,SIM,https://www.estantevirtual.com.br/busca?nsCat=Natural&q=Tobias%20Barreto%20Estudos%20de%20Direito&searchField=titulo-autor&ano-de-publicacao=1892,,ativo,2026-09-06 12:44,2026-07-23 02:14,
Tobias Barreto,Patrono,Questões Vigentes e Discursos,1926,200,SIM,https://www.estantevirtual.com.br/busca?nsCat=Natural&q=Tobias%20Barreto%20Quest%C3%B5es%20Vigentes%20e%20Discursos&searchField=titulo-autor&ano-de-publicacao=1926,,ativo,2026-09-06 12:44,2026-07-23 02:14,
Tobias Barreto,Patrono,Dias e Noites - Obras Completas Poesias,1925,61.90,SIM,https://www.estantevirtual.com.br/busca?nsCat=Natural&q=Tobias%20Barreto%20Dias%20e%20Noites%20-%20Obras%20Completas%20Poesias&searchField=titulo-autor&ano-de-publicacao=1925,,ativo,2026-09-06 12:44,2026-07-23 02:14,
Tobias Barreto,Patrono,Dias e Noites - Publicação Pósthuma - (encadernado ),1893,1000,SIM,https://www.estantevirtual.com.br/busca?nsCat=Natural&q=Tobias%20Barreto%20Dias%20e%20Noites%20-%20Publica%C3%A7%C3%A3o%20P%C3%B3sthuma%20-%20(encadernado%20)&searchField=titulo-autor&ano-de-publicacao=1893,,ativo,2026-09-06 12:44,2026-07-23 02:14,
Tobias Barreto,Patrono,Estudos de Direito. 2 Vols,1926,50,SIM,https://www.estantevirtual.com.br/busca?nsCat=Natural&q=Tobias%20Barreto%20Estudos%20de%20Direito.%202%20Vols&searchField=titulo-autor&ano-de-publicacao=1926,,ativo,2026-09-06 12:44,2026-07-23 02:14,
Tobias Barreto,Patrono,Menores e Loucos Em Direito Criminal,1886,300,SIM,https://www.estantevirtual.com.br/busca?nsCat=Natural&q=Tobias%20Barreto%20Menores%20e%20Loucos%20Em%20Direito%20Criminal&searchField=titulo-autor&ano-de-publicacao=1886,,ativo,2026-09-06 12:44,2026-07-23 02:14,
Tobias Barreto,Patrono,Obras Completas - Vol VI Estudos de Direito Vol 1,1926,69,SIM,https://www.estantevirtual.com.br/busca?nsCat=Natural&q=Tobias%20Barreto%20Obras%20Completas%20-%20Vol%20VI%20Estudos%20de%20Direito%20Vol%201&searchField=titulo-autor&ano-de-publicacao=1926,,ativo,2026-09-06 12:44,2026-07-23 02:14,
Tobias Barreto,Patrono,Dias e Noites - 2 Edição,1903,160,SIM,https://www.estantevirtual.com.br/busca?nsCat=Natural&q=Tobias%20Barreto%20Dias%20e%20Noites%20-%202%20Edi%C3%A7%C3%A3o&searchField=titulo-autor&ano-de-publicacao=1903,,ativo,2026-09-06 12:44,2026-07-23 02:14,
Tobias Barreto,Patrono,Polemicas,1901,100,SIM,https://www.estantevirtual.com.br/busca?nsCat=Natural&q=Tobias%20Barreto%20Polemicas&searchField=titulo-autor&ano-de-publicacao=1901,,ativo,2026-09-06 12:44,2026-07-23 02:14,
Tobias Barreto,Patrono,Dias e Noites,1903,150,SIM,https://www.estantevirtual.com.br/busca?nsCat=Natural&q=Tobias%20Barreto%20Dias%20e%20Noites&searchField=titulo-autor&ano-de-publicacao=1903,,ativo,2026-09-06 12:45,2026-07-23 02:14,
Tobias Barreto,Patrono,Questões Vigentes,1926,70,SIM,https://www.estantevirtual.com.br/busca?nsCat=Natural&q=Tobias%20Barreto%20Quest%C3%B5es%20Vigentes&searchField=titulo-autor&ano-de-publicacao=1926,,ativo,2026-09-06 12:45,2026-07-23 02:14,
Tobias Barreto,Patrono,Estudos de Direito,1892,350,SIM,https://www.estantevirtual.com.br/busca?nsCat=Natural&q=Tobias%20Barreto%20Estudos%20de%20Direito&searchField=titulo-autor&ano-de-publicacao=1892,,ativo,2026-09-06 12:45,2026-07-23 02:14,
Tobias Barreto,Patrono,Polêmicas (obra Completa Volume Ii),1926,83.09,SIM,https://www.estantevirtual.com.br/busca?nsCat=Natural&q=Tobias%20Barreto%20Pol%C3%AAmicas%20(obra%20Completa%20Volume%20Ii)&searchField=titulo-autor&ano-de-publicacao=1926,,ativo,2026-09-06 12:45,2026-07-23 02:14,
Tomás Antônio Gonzaga,Patrono,Marília de Dirceo,1910,650,SIM,https://www.estantevirtual.com.br/busca?nsCat=Natural&q=Tom%C3%A1s%20Ant%C3%B4nio%20Gonzaga%20Mar%C3%ADlia%20de%20Dirceo&searchField=titulo-autor&ano-de-publicacao=1910,,ativo,2026-09-06 12:45,2026-07-23 02:14,
Visconde do Rio Branco,Patrono,Elogio Histórico,1884,100,SIM,https://www.estantevirtual.com.br/livro/elogio-historico-grp-O3Q-0628-000?_preco=3000-10000000&tipo-de-livro=usado,,ativo,2026-09-06 12:45,2026-07-23 02:14,Sebo Rebouças
Afonso Celso,Fundador,Poesias Escolhidas,1904,78,SIM,https://www.estantevirtual.com.br/livro/poesias-escolhidas-grp-MU7-8801-000?_preco=3000-10000000&tipo-de-livro=usado,,ativo,2026-09-06 12:45,2026-07-23 02:14,Livraria Virtual Incunábulo
Afonso Celso,Fundador,Marcas Industriaes e Nome Commercial - Afonso Celso,1888,630,SIM,https://www.estantevirtual.com.br/livro/marcas-industriaes-e-nome-commercial-afonso-celso-grp-JKA-1818-000?_preco=3000-10000000&tipo-de-livro=usado,,ativo,2026-09-06 12:45,2026-07-23 02:14,Livraria Sebo Liberdade
Afonso Celso,Fundador,Porque Me Ufano do Meu Paiz,1923,85,SIM,https://www.estantevirtual.com.br/busca?nsCat=Natural&q=Afonso%20Celso%20Porque%20Me%20Ufano%20do%20Meu%20Paiz&searchField=titulo-autor&ano-de-publicacao=1923,,ativo,2026-09-06 12:45,2026-07-23 02:14,
Alberto de Oliveira,Fundador,POESIAS EDIÇAO MELHORADA 1892 1903 VOL2,1912,100,SIM,https://www.estantevirtual.com.br/livro/poesias-edicao-melhorada-1892-1903-vol2-grp-RIO-8653-000?_preco=3000-10000000&tipo-de-livro=usado,,vendido,2026-08-07 12:37,2026-07-23 02:14,
Alberto de Oliveira,Fundador,Páginas de Ouro da Poesia Brasileira,1911,60,SIM,https://www.estantevirtual.com.br/livro/paginas-de-ouro-da-poesia-brasileira-grp-RHY-7906-000?_preco=3000-10000000&tipo-de-livro=usado,,ativo,2026-09-06 12:45,2026-07-23 02:14,Veredas Livros Usados
Alberto de Oliveira,Fundador,Paginas de Ouro da Poesia Brasileira,1911,72,SIM,https://www.estantevirtual.com.br/busca?nsCat=Natural&q=Alberto%20de%20Oliveira%20Paginas%20de%20Ouro%20da%20Poesia%20Brasileira&searchField=titulo-autor&ano-de-publicacao=1911,,ativo,2026-09-06 12:45,2026-07-23 02:14,
Alberto de Oliveira,Fundador,Poesias - Edição Melhorada 1892-1903,1912,100,SIM,https://www.estantevirtual.com.br/busca?nsCat=Natural&q=Alberto%20de%20Oliveira%20Poesias%20-%20Edi%C3%A7%C3%A3o%20Melhorada%201892-1903&searchField=titulo-autor&ano-de-publicacao=1912,,ativo,2026-09-06 12:45,2026-07-23 02:14,
Alberto de Oliveira,Fundador,Poesias - 2a. Série,1912,100,SIM,https://www.estantevirtual.com.br/busca?nsCat=Natural&q=Alberto%20de%20Oliveira%20Poesias%20-%202a.%20S%C3%A9rie&searchField=titulo-autor&ano-de-publicacao=1912,,ativo,2026-09-06 12:45,2026-07-23 02:14,
Alberto de Oliveira,Fundador,Ramo de árvore,1922,553.22,SIM,https://www.estantevirtual.com.br/busca?nsCat=Natural&q=Alberto%20de%20Oliveira%20Ramo%20de%20%C3%A1rvore&searchField=titulo-autor&ano-de-publicacao=1922,,ativo,2026-09-06 12:45,2026-07-23 02:14,
Alberto de Oliveira,Fundador,Poesias - Segunda Serie,1912,45,SIM,https://www.estantevirtual.com.br/busca?nsCat=Natural&q=Alberto%20de%20Oliveira%20Poesias%20-%20Segunda%20Serie&searchField=titulo-autor&ano-de-publicacao=1912,,ativo,2026-09-06 12:45,2026-07-23 02:14,
Alberto de Oliveira,Fundador,Ceo Terra e Mar - Prosa e Verso Por Ordem de Assumptos,1920,98.99,SIM,https://www.estantevirtual.com.br/busca?nsCat=Natural&q=Alberto%20de%20Oliveira%20Ceo%20Terra%20e%20Mar%20-%20Prosa%20e%20Verso%20Por%20Ordem%20de%20Assumptos&searchField=titulo-autor&ano-de-publicacao=1920,,ativo,2026-09-06 12:45,2026-07-23 02:14,
Alberto de Oliveira,Fundador,Poesias - Primeira Série 1877-1895,1912,36,SIM,https://www.estantevirtual.com.br/busca?nsCat=Natural&q=Alberto%20de%20Oliveira%20Poesias%20-%20Primeira%20S%C3%A9rie%201877-1895&searchField=titulo-autor&ano-de-publicacao=1912,,ativo,2026-09-06 12:46,2026-07-23 02:14,
Alberto de Oliveira,Fundador,Cartão Manuscrito,1932,450,SIM,https://www.estantevirtual.com.br/busca?nsCat=Natural&q=Alberto%20de%20Oliveira%20Cart%C3%A3o%20Manuscrito&searchField=titulo-autor&ano-de-publicacao=1932,,ativo,2026-09-06 12:46,2026-07-23 02:14,
Alberto de Oliveira,Fundador,Páginas de Ouro da Poesia Brasileira - 13753,1911,58,SIM,https://www.estantevirtual.com.br/busca?nsCat=Natural&q=Alberto%20de%20Oliveira%20P%C3%A1ginas%20de%20Ouro%20da%20Poesia%20Brasileira%20-%2013753&searchField=titulo-autor&ano-de-publicacao=1911,,ativo,2026-09-06 12:46,2026-07-23 02:14,
Alberto de Oliveira,Fundador,Poesias Edição Melhora (1892 - 1903) - 15865,1912,35,SIM,https://www.estantevirtual.com.br/busca?nsCat=Natural&q=Alberto%20de%20Oliveira%20Poesias%20Edi%C3%A7%C3%A3o%20Melhora%20(1892%20-%201903)%20-%2015865&searchField=titulo-autor&ano-de-publicacao=1912,,ativo,2026-09-06 12:46,2026-07-23 02:14,
Alberto de Oliveira,Fundador,Os Cem Melhores Sonetos Brasileiros - 2a. Edição,1933,40,SIM,https://www.estantevirtual.com.br/busca?nsCat=Natural&q=Alberto%20de%20Oliveira%20Os%20Cem%20Melhores%20Sonetos%20Brasileiros%20-%202a.%20Edi%C3%A7%C3%A3o&searchField=titulo-autor&ano-de-publicacao=1933,,ativo,2026-09-06 12:46,2026-07-23 02:14,
Alberto de Oliveira,Fundador,Poesias Escolhidas,1933,70,SIM,https://www.estantevirtual.com.br/busca?nsCat=Natural&q=Alberto%20de%20Oliveira%20Poesias%20Escolhidas&searchField=titulo-autor&ano-de-publicacao=1933,,ativo,2026-09-06 12:46,2026-07-23 02:14,
Alberto de Oliveira,Fundador,Poesias (1877-1895) - 6701,1912,37,SIM,https://www.estantevirtual.com.br/busca?nsCat=Natural&q=Alberto%20de%20Oliveira%20Poesias%20(1877-1895)%20-%206701&searchField=titulo-autor&ano-de-publicacao=1912,,ativo,2026-09-06 12:46,2026-07-23 02:14,
Alberto de Oliveira,Fundador,Poesias - 2 Volumes,1912,120,SIM,https://www.estantevirtual.com.br/busca?nsCat=Natural&q=Alberto%20de%20Oliveira%20Poesias%20-%202%20Volumes&searchField=titulo-autor&ano-de-publicacao=1912,,ativo,2026-09-06 12:46,2026-07-23 02:14,
Alberto de Oliveira,Fundador,Machado de Assis - Collecção Aurea,1921,35,SIM,https://www.estantevirtual.com.br/busca?nsCat=Natural&q=Alberto%20de%20Oliveira%20Machado%20de%20Assis%20-%20Collec%C3%A7%C3%A3o%20Aurea&searchField=titulo-autor&ano-de-publicacao=1921,,ativo,2026-09-06 12:46,2026-07-23 02:14,
Alberto de Oliveira,Fundador,Poesias 2 Vol. - 1ª Serie e 2ª Serie 1877-1903,1912,160.50,SIM,https://www.estantevirtual.com.br/busca?nsCat=Natural&q=Alberto%20de%20Oliveira%20Poesias%202%20Vol.%20-%201%C2%AA%20Serie%20e%202%C2%AA%20Serie%201877-1903&searchField=titulo-autor&ano-de-publicacao=1912,,ativo,2026-09-06 12:46,2026-07-23 02:14,
Alberto de Oliveira,Fundador,Poesias - 1892/1903 - Segunda Série,1912,750,SIM,https://www.estantevirtual.com.br/livro/poesias-18921903-segunda-serie-grp-22R-5965-000?_preco=3000-10000000&tipo-de-livro=usado,,ativo,2026-09-06 12:46,2026-07-23 02:14,Biblioviva
Alberto de Oliveira,Fundador,Sonetos e Poemas,1886,550,SIM,https://www.estantevirtual.com.br/livro/sonetos-e-poemas-grp-22O-4573-000?_preco=3000-10000000&tipo-de-livro=usado,,ativo,2026-09-06 12:46,2026-07-23 02:14,O Buquineiro
Alberto de Oliveira,Fundador,Poesias - Quarta Série,1928,45,SIM,https://www.estantevirtual.com.br/livro/poesias-quarta-serie-grp-22M-1869-000?_preco=3000-10000000&tipo-de-livro=usado,,ativo,2026-09-06 12:46,2026-07-23 02:14,O Buquineiro
Alberto de Oliveira,Fundador,Livro de Emma,1912,60,SIM,https://www.estantevirtual.com.br/busca?nsCat=Natural&q=Alberto%20de%20Oliveira%20Livro%20de%20Emma&searchField=titulo-autor&ano-de-publicacao=1912,,ativo,2026-09-06 12:46,2026-07-23 02:14,
Alberto de Oliveira,Fundador,Os Cem Melhores Sonetos Brasileiros; 2º Edição,1933,45,SIM,https://www.estantevirtual.com.br/busca?nsCat=Natural&q=Alberto%20de%20Oliveira%20Os%20Cem%20Melhores%20Sonetos%20Brasileiros%3B%202%C2%BA%20Edi%C3%A7%C3%A3o&searchField=titulo-autor&ano-de-publicacao=1933,,ativo,2026-09-06 12:46,2026-07-23 02:14,
Alberto de Oliveira,Fundador,Poesias - 1ª Serie,1912,80,SIM,https://www.estantevirtual.com.br/busca?nsCat=Natural&q=Alberto%20de%20Oliveira%20Poesias%20-%201%C2%AA%20Serie&searchField=titulo-autor&ano-de-publicacao=1912,,ativo,2026-09-06 12:46,2026-07-23 02:14,
Alberto de Oliveira,Fundador,Os Cem Melhores Sonetos Brasileiros - Primeira Edição,1932,200,SIM,https://www.estantevirtual.com.br/busca?nsCat=Natural&q=Alberto%20de%20Oliveira%20Os%20Cem%20Melhores%20Sonetos%20Brasileiros%20-%20Primeira%20Edi%C3%A7%C3%A3o&searchField=titulo-autor&ano-de-publicacao=1932,,ativo,2026-09-06 12:47,2026-07-23 02:14,
Alberto de Oliveira,Fundador,Poesias - Terceira Serie (1904-1911),1923,122.30,SIM,https://www.estantevirtual.com.br/busca?nsCat=Natural&q=Alberto%20de%20Oliveira%20Poesias%20-%20Terceira%20Serie%20(1904-1911)&searchField=titulo-autor&ano-de-publicacao=1923,,ativo,2026-09-06 12:47,2026-07-23 02:14,
Alberto de Oliveira,Fundador,Poesias Quarta Série (1912-1925),1927,53.13,SIM,https://www.estantevirtual.com.br/busca?nsCat=Natural&q=Alberto%20de%20Oliveira%20Poesias%20Quarta%20S%C3%A9rie%20(1912-1925)&searchField=titulo-autor&ano-de-publicacao=1927,,ativo,2026-09-06 12:47,2026-07-23 02:14,
Alberto de Oliveira,Fundador,Páginas de Ouro da Poesia Brasileira.,1911,30,SIM,https://www.estantevirtual.com.br/busca?nsCat=Natural&q=Alberto%20de%20Oliveira%20P%C3%A1ginas%20de%20Ouro%20da%20Poesia%20Brasileira.&searchField=titulo-autor&ano-de-publicacao=1911,,ativo,2026-09-06 12:47,2026-07-23 02:14,
Alberto de Oliveira,Fundador,Poesias,1913,30,SIM,https://www.estantevirtual.com.br/busca?nsCat=Natural&q=Alberto%20de%20Oliveira%20Poesias&searchField=titulo-autor&ano-de-publicacao=1913,,ativo,2026-09-06 12:47,2026-07-23 02:14,
Alberto de Oliveira,Fundador,Poesias - Edição Melhorada Segunda Serie (1892 - 1903),1912,30,SIM,https://www.estantevirtual.com.br/busca?nsCat=Natural&q=Alberto%20de%20Oliveira%20Poesias%20-%20Edi%C3%A7%C3%A3o%20Melhorada%20Segunda%20Serie%20(1892%20-%201903)&searchField=titulo-autor&ano-de-publicacao=1912,,ativo,2026-09-06 12:47,2026-07-23 02:14,
Alberto de Oliveira,Fundador,Paginas de Ouro da Poesia Brasileira,1911,67.66,SIM,https://www.estantevirtual.com.br/busca?nsCat=Natural&q=Alberto%20de%20Oliveira%20Paginas%20de%20Ouro%20da%20Poesia%20Brasileira&searchField=titulo-autor&ano-de-publicacao=1911,,ativo,2026-09-06 12:47,2026-07-23 02:14,
Alberto de Oliveira,Fundador,Poesias Escolhidas (leia a Descrição),1933,70,SIM,https://www.estantevirtual.com.br/busca?nsCat=Natural&q=Alberto%20de%20Oliveira%20Poesias%20Escolhidas%20(leia%20a%20Descri%C3%A7%C3%A3o)&searchField=titulo-autor&ano-de-publicacao=1933,,ativo,2026-09-06 12:47,2026-07-23 02:14,
Alberto de Oliveira,Fundador,Poesias Escolhidas,1933,100,SIM,https://www.estantevirtual.com.br/busca?nsCat=Natural&q=Alberto%20de%20Oliveira%20Poesias%20Escolhidas&searchField=titulo-autor&ano-de-publicacao=1933,,ativo,2026-09-06 12:47,2026-07-23 02:14,
Alberto de Oliveira,Fundador,Os Cem Melhores Sonetos Brasileiros,1933,50,SIM,https://www.estantevirtual.com.br/busca?nsCat=Natural&q=Alberto%20de%20Oliveira%20Os%20Cem%20Melhores%20Sonetos%20Brasileiros&searchField=titulo-autor&ano-de-publicacao=1933,,ativo,2026-09-06 12:47,2026-07-23 02:14,
Alberto de Oliveira,Fundador,Poesias - 1 Edição,1900,390,SIM,https://www.estantevirtual.com.br/busca?nsCat=Natural&q=Alberto%20de%20Oliveira%20Poesias%20-%201%20Edi%C3%A7%C3%A3o&searchField=titulo-autor&ano-de-publicacao=1900,,ativo,2026-09-06 12:47,2026-07-23 02:14,
Alberto de Oliveira,Fundador,Poesias Escolhidas - 1 Edição,1933,200,SIM,https://www.estantevirtual.com.br/busca?nsCat=Natural&q=Alberto%20de%20Oliveira%20Poesias%20Escolhidas%20-%201%20Edi%C3%A7%C3%A3o&searchField=titulo-autor&ano-de-publicacao=1933,,ativo,2026-09-06 12:47,2026-07-23 02:14,
Alberto de Oliveira,Fundador,Poesias,1912,440,SIM,https://www.estantevirtual.com.br/busca?nsCat=Natural&q=Alberto%20de%20Oliveira%20Poesias&searchField=titulo-autor&ano-de-publicacao=1912,,ativo,2026-09-06 12:47,2026-07-23 02:14,
Alberto de Oliveira,Fundador,Poesias,1900,120,SIM,https://www.estantevirtual.com.br/busca?nsCat=Natural&q=Alberto%20de%20Oliveira%20Poesias&searchField=titulo-autor&ano-de-publicacao=1900,,ativo,2026-09-06 12:47,2026-07-23 02:14,
Alberto de Oliveira,Fundador,Paginas de Ouro da Poesia Brasileira,1911,77,SIM,https://www.estantevirtual.com.br/busca?nsCat=Natural&q=Alberto%20de%20Oliveira%20Paginas%20de%20Ouro%20da%20Poesia%20Brasileira&searchField=titulo-autor&ano-de-publicacao=1911,,ativo,2026-09-06 12:47,2026-07-23 02:14,
Alberto de Oliveira,Fundador,Na Outra Banda de Portugal Quatro Annos no Rio de Janeiro,1919,47,SIM,https://www.estantevirtual.com.br/busca?nsCat=Natural&q=Alberto%20de%20Oliveira%20Na%20Outra%20Banda%20de%20Portugal%20Quatro%20Annos%20no%20Rio%20de%20Janeiro&searchField=titulo-autor&ano-de-publicacao=1919,,ativo,2026-09-06 12:47,2026-07-23 02:14,
Alberto de Oliveira,Fundador,Poesias,1900,350,SIM,https://www.estantevirtual.com.br/busca?nsCat=Natural&q=Alberto%20de%20Oliveira%20Poesias&searchField=titulo-autor&ano-de-publicacao=1900,,ativo,2026-09-06 12:47,2026-07-23 02:14,
Alberto de Oliveira,Fundador,Páginas de Ouro da Poesia Brasileira,1911,50,SIM,https://www.estantevirtual.com.br/busca?nsCat=Natural&q=Alberto%20de%20Oliveira%20P%C3%A1ginas%20de%20Ouro%20da%20Poesia%20Brasileira&searchField=titulo-autor&ano-de-publicacao=1911,,ativo,2026-09-06 12:48,2026-07-23 02:14,
Alberto de Oliveira,Fundador,Poesias. Terceira Série1904-1911,1913,100,SIM,https://www.estantevirtual.com.br/busca?nsCat=Natural&q=Alberto%20de%20Oliveira%20Poesias.%20Terceira%20S%C3%A9rie1904-1911&searchField=titulo-autor&ano-de-publicacao=1913,,ativo,2026-09-06 12:48,2026-07-23 02:14,
Alberto de Oliveira,Fundador,"Poesias 1892-1925. 1ª, 2ª, 3ª e 4ª Série",1912,400,SIM,https://www.estantevirtual.com.br/busca?nsCat=Natural&q=Alberto%20de%20Oliveira%20Poesias%201892-1925.%201%C2%AA%2C%202%C2%AA%2C%203%C2%AA%20e%204%C2%AA%20S%C3%A9rie&searchField=titulo-autor&ano-de-publicacao=1912,,ativo,2026-09-06 12:48,2026-07-23 02:14,
Alberto de Oliveira,Fundador,"Céo, Terra e Mar. Prosa e Verso",1916,150,SIM,https://www.estantevirtual.com.br/busca?nsCat=Natural&q=Alberto%20de%20Oliveira%20C%C3%A9o%2C%20Terra%20e%20Mar.%20Prosa%20e%20Verso&searchField=titulo-autor&ano-de-publicacao=1916,,ativo,2026-09-06 12:48,2026-07-23 02:14,
Alberto de Oliveira,Fundador,Poesias terceira serie 1904-1911,1928,50,SIM,https://www.estantevirtual.com.br/busca?nsCat=Natural&q=Alberto%20de%20Oliveira%20Poesias%20terceira%20serie%201904-1911&searchField=titulo-autor&ano-de-publicacao=1928,,ativo,2026-09-06 12:48,2026-07-23 02:14,
Alberto de Oliveira,Fundador,Poesias.,1912,200,SIM,https://www.estantevirtual.com.br/busca?nsCat=Natural&q=Alberto%20de%20Oliveira%20Poesias.&searchField=titulo-autor&ano-de-publicacao=1912,,ativo,2026-09-06 12:48,2026-07-23 02:14,
Alberto de Oliveira,Fundador,Poesias.,1912,200,SIM,https://www.estantevirtual.com.br/busca?nsCat=Natural&q=Alberto%20de%20Oliveira%20Poesias.&searchField=titulo-autor&ano-de-publicacao=1912,,ativo,2026-09-06 12:48,2026-07-23 02:14,
Alberto de Oliveira,Fundador,Poesias,1900,70,SIM,https://www.estantevirtual.com.br/busca?nsCat=Natural&q=Alberto%20de%20Oliveira%20Poesias&searchField=titulo-autor&ano-de-publicacao=1900,,ativo,2026-09-06 12:48,2026-07-23 02:14,
Alberto de Oliveira,Fundador,Poesias - Segunda Série - ( 1898 - 1903) - 7862,1906,35,SIM,https://www.estantevirtual.com.br/livro/poesias-segunda-serie-1898-1903-7862-grp-13Z-2857-000?_preco=3000-10000000&tipo-de-livro=usado,,ativo,2026-09-06 12:48,2026-07-23 02:14,Sebo Paulistano
Alberto de Oliveira,Fundador,Poesias - Edição Melhorada (1877-1895),1912,80,SIM,https://www.estantevirtual.com.br/livro/poesias-edicao-melhorada-18771895-grp-138-1526-000?_preco=3000-10000000&tipo-de-livro=usado,,ativo,2026-09-06 12:48,2026-07-23 02:14,Livraria Rosaes
Alberto de Oliveira,Fundador,"Ceo, Terra e Mar",1916,30,SIM,https://www.estantevirtual.com.br/busca?nsCat=Natural&q=Alberto%20de%20Oliveira%20Ceo%2C%20Terra%20e%20Mar&searchField=titulo-autor&ano-de-publicacao=1916,,ativo,2026-09-06 12:48,2026-07-23 02:14,
Alcindo Guanabara,Fundador,A Presidencia Campos Salles (politica e Finanças),1902,80,SIM,https://www.estantevirtual.com.br/busca?nsCat=Natural&q=Alcindo%20Guanabara%20A%20Presidencia%20Campos%20Salles%20(politica%20e%20Finan%C3%A7as)&searchField=titulo-autor&ano-de-publicacao=1902,,ativo,2026-09-06 12:48,2026-07-23 02:14,
Alcindo Guanabara,Fundador,A Presidência Campos Salles - Política e Finanças,1902,120,SIM,https://www.estantevirtual.com.br/busca?nsCat=Natural&q=Alcindo%20Guanabara%20A%20Presid%C3%AAncia%20Campos%20Salles%20-%20Pol%C3%ADtica%20e%20Finan%C3%A7as&searchField=titulo-autor&ano-de-publicacao=1902,,ativo,2026-09-06 12:48,2026-07-23 02:14,
Alcindo Guanabara,Fundador,A PRESIDENCIA CAMPOS SALLES - POLITICA E FINAÇAS (1898 - 1902),1902,60,SIM,https://www.estantevirtual.com.br/busca?nsCat=Natural&q=Alcindo%20Guanabara%20A%20PRESIDENCIA%20CAMPOS%20SALLES%20-%20POLITICA%20E%20FINA%C3%87AS%20(1898%20-%201902)&searchField=titulo-autor&ano-de-publicacao=1902,,ativo,2026-09-06 12:48,2026-07-23 02:14,
Alcindo Guanabara,Fundador,Discursos Fora da Camara - 1 Edição,1911,190,SIM,https://www.estantevirtual.com.br/busca?nsCat=Natural&q=Alcindo%20Guanabara%20Discursos%20Fora%20da%20Camara%20-%201%20Edi%C3%A7%C3%A3o&searchField=titulo-autor&ano-de-publicacao=1911,,ativo,2026-09-06 12:48,2026-07-23 02:14,
Alcindo Guanabara,Fundador,Discursos Fora da Camara,1911,45,SIM,https://www.estantevirtual.com.br/busca?nsCat=Natural&q=Alcindo%20Guanabara%20Discursos%20Fora%20da%20Camara&searchField=titulo-autor&ano-de-publicacao=1911,,ativo,2026-09-06 12:48,2026-07-23 02:14,
Alcindo Guanabara,Fundador,Discursos Fora da Camara,1911,60,SIM,https://www.estantevirtual.com.br/busca?nsCat=Natural&q=Alcindo%20Guanabara%20Discursos%20Fora%20da%20Camara&searchField=titulo-autor&ano-de-publicacao=1911,,ativo,2026-09-06 12:48,2026-07-23 02:14,
Aluísio Azevedo,Fundador,O Coruja,1940,90,SIM,https://www.estantevirtual.com.br/busca?nsCat=Natural&q=Alu%C3%ADsio%20Azevedo%20O%20Coruja&searchField=titulo-autor&ano-de-publicacao=1940,,ativo,2026-09-06 12:48,2026-07-23 02:14,
Aluísio Azevedo,Fundador,Livro de Uma Sogra,1940,48.90,SIM,https://www.estantevirtual.com.br/busca?nsCat=Natural&q=Alu%C3%ADsio%20Azevedo%20Livro%20de%20Uma%20Sogra&searchField=titulo-autor&ano-de-publicacao=1940,,ativo,2026-09-06 12:49,2026-07-23 02:14,
Aluísio Azevedo,Fundador,O Mulato,1881,34,SIM,https://www.estantevirtual.com.br/livro/o-mulato-069-8099-000-BK,,ativo,2026-09-06 12:49,2026-07-23 02:14,
Araripe Júnior,Fundador,Movimento de 1893 - o Crepúsculo dos Povos,1896,399,SIM,https://www.estantevirtual.com.br/busca?nsCat=Natural&q=Araripe%20J%C3%BAnior%20Movimento%20de%201893%20-%20o%20Crep%C3%BAsculo%20dos%20Povos&searchField=titulo-autor&ano-de-publicacao=1896,,ativo,2026-09-06 12:49,2026-07-23 02:14,
Araripe Júnior,Fundador,Ibsen,1911,120,SIM,https://www.estantevirtual.com.br/busca?nsCat=Natural&q=Araripe%20J%C3%BAnior%20Ibsen&searchField=titulo-autor&ano-de-publicacao=1911,,ativo,2026-09-06 12:49,2026-07-23 02:14,
Araripe Júnior,Fundador,Gregório de Mattos,1894,40,SIM,https://www.estantevirtual.com.br/busca?nsCat=Natural&q=Araripe%20J%C3%BAnior%20Greg%C3%B3rio%20de%20Mattos&searchField=titulo-autor&ano-de-publicacao=1894,,ativo,2026-09-06 12:49,2026-07-23 02:14,
Araripe Júnior,Fundador,Litteratura Brazileira Movimento de 1893 - O Crepusculo dos Povos,1896,150,SIM,https://www.estantevirtual.com.br/busca?nsCat=Natural&q=Araripe%20J%C3%BAnior%20Litteratura%20Brazileira%20Movimento%20de%201893%20-%20O%20Crepusculo%20dos%20Povos&searchField=titulo-autor&ano-de-publicacao=1896,,ativo,2026-09-06 12:49,2026-07-23 02:14,
Araripe Júnior,Fundador,Movimento de 1893 - Crespúsculo dos Povos,1896,150,SIM,https://www.estantevirtual.com.br/busca?nsCat=Natural&q=Araripe%20J%C3%BAnior%20Movimento%20de%201893%20-%20Cresp%C3%BAsculo%20dos%20Povos&searchField=titulo-autor&ano-de-publicacao=1896,,ativo,2026-09-06 12:49,2026-07-23 02:14,
Araripe Júnior,Fundador,Dirceu,1890,175,SIM,https://www.estantevirtual.com.br/busca?nsCat=Natural&q=Araripe%20J%C3%BAnior%20Dirceu&searchField=titulo-autor&ano-de-publicacao=1890,,ativo,2026-09-06 12:49,2026-07-23 02:14,
Araripe Júnior,Fundador,Funcção Normal do Terror nas Sociedades Cultas,1891,400,SIM,https://www.estantevirtual.com.br/busca?nsCat=Natural&q=Araripe%20J%C3%BAnior%20Func%C3%A7%C3%A3o%20Normal%20do%20Terror%20nas%20Sociedades%20Cultas&searchField=titulo-autor&ano-de-publicacao=1891,,ativo,2026-09-06 12:49,2026-07-23 02:14,
Araripe Júnior,Fundador,Pareceres Vol. 3,1914,80,SIM,https://www.estantevirtual.com.br/busca?nsCat=Natural&q=Araripe%20J%C3%BAnior%20Pareceres%20Vol.%203&searchField=titulo-autor&ano-de-publicacao=1914,,ativo,2026-09-06 12:49,2026-07-23 02:14,
Araripe Júnior,Fundador,Movimento de 1893,1896,150,SIM,https://www.estantevirtual.com.br/busca?nsCat=Natural&q=Araripe%20J%C3%BAnior%20Movimento%20de%201893&searchField=titulo-autor&ano-de-publicacao=1896,,ativo,2026-09-06 12:49,2026-07-23 02:14,
Artur Azevedo,Fundador,Contos Em Verso,1910,300,SIM,https://www.estantevirtual.com.br/busca?nsCat=Natural&q=Artur%20Azevedo%20Contos%20Em%20Verso&searchField=titulo-autor&ano-de-publicacao=1910,,ativo,2026-09-06 12:49,2026-07-23 02:14,
Carlos de Laet,Fundador,"Em Minas - Viagens, Litteratyra e Philosophia - Reencadernado",1895,199,SIM,https://www.estantevirtual.com.br/livro/em-minas-viagens-litteratyra-e-philosophia-reencadernado-grp-QAS-9839-000?_preco=3000-10000000&tipo-de-livro=usado,,ativo,2026-09-06 12:49,2026-07-23 02:14,A ACADEMIA DO SABER 7
Carlos de Laet,Fundador,Em Minas,1895,300,SIM,https://www.estantevirtual.com.br/busca?nsCat=Natural&q=Carlos%20de%20Laet%20Em%20Minas&searchField=titulo-autor&ano-de-publicacao=1895,,ativo,2026-09-06 12:49,2026-07-23 02:14,
Carlos de Laet,Fundador,"Em Minas. Viagens, litteratura, philosophia",1894,450,SIM,https://www.estantevirtual.com.br/busca?nsCat=Natural&q=Carlos%20de%20Laet%20Em%20Minas.%20Viagens%2C%20litteratura%2C%20philosophia&searchField=titulo-autor&ano-de-publicacao=1894,,ativo,2026-09-06 12:49,2026-07-23 02:14,
Carlos de Laet,Fundador,Em Minas,1894,450,SIM,https://www.estantevirtual.com.br/busca?nsCat=Natural&q=Carlos%20de%20Laet%20Em%20Minas&searchField=titulo-autor&ano-de-publicacao=1894,,ativo,2026-09-06 12:49,2026-07-23 02:14,
Carlos de Laet,Fundador,Em Minas. Viagens Litteratura Philosophia,1894,450,SIM,https://www.estantevirtual.com.br/busca?nsCat=Natural&q=Carlos%20de%20Laet%20Em%20Minas.%20Viagens%20Litteratura%20Philosophia&searchField=titulo-autor&ano-de-publicacao=1894,,ativo,2026-09-06 12:50,2026-07-23 02:14,
Carlos Magalhães de Azeredo,Fundador,Homens e Livros,1902,200,SIM,https://www.estantevirtual.com.br/livro/homens-e-livros-grp-NNJ-9786-000?_preco=3000-10000000&tipo-de-livro=usado,,ativo,2026-09-06 12:50,2026-07-23 02:14,Sebo Rebouças
Carlos Magalhães de Azeredo,Fundador,Homens e Livros,1902,999.99,SIM,https://www.estantevirtual.com.br/livro/homens-e-livros-grp-HR5-6400-000?_preco=3000-10000000&tipo-de-livro=usado,,ativo,2026-09-06 12:50,2026-07-23 02:14,Sebo Eddye Boiteux
Carlos Magalhães de Azeredo,Fundador,Homens e Livros,1902,450,SIM,https://www.estantevirtual.com.br/busca?nsCat=Natural&q=Carlos%20Magalh%C3%A3es%20de%20Azeredo%20Homens%20e%20Livros&searchField=titulo-autor&ano-de-publicacao=1902,,ativo,2026-09-06 12:50,2026-07-23 02:14,
Clóvis Beviláqua,Fundador,Direito da Familia - ( Capa Dura ),1905,100,SIM,https://www.estantevirtual.com.br/busca?nsCat=Natural&q=Cl%C3%B3vis%20Bevil%C3%A1qua%20Direito%20da%20Familia%20-%20(%20Capa%20Dura%20)&searchField=titulo-autor&ano-de-publicacao=1905,,ativo,2026-09-06 12:50,2026-07-23 02:14,
Clóvis Beviláqua,Fundador,Codigo Civil dos Estados Unidos do Brasil Comentado Iv,1938,60,SIM,https://www.estantevirtual.com.br/busca?nsCat=Natural&q=Cl%C3%B3vis%20Bevil%C3%A1qua%20Codigo%20Civil%20dos%20Estados%20Unidos%20do%20Brasil%20Comentado%20Iv&searchField=titulo-autor&ano-de-publicacao=1938,,ativo,2026-09-06 12:50,2026-07-23 02:14,
Clóvis Beviláqua,Fundador,Direito das Obrigações,1936,41,SIM,https://www.estantevirtual.com.br/busca?nsCat=Natural&q=Cl%C3%B3vis%20Bevil%C3%A1qua%20Direito%20das%20Obriga%C3%A7%C3%B5es&searchField=titulo-autor&ano-de-publicacao=1936,,ativo,2026-09-06 12:50,2026-07-23 02:14,
Clóvis Beviláqua,Fundador,Soluções Praticas de Direito ( Pareceres ) - Volume I,1923,73,SIM,https://www.estantevirtual.com.br/busca?nsCat=Natural&q=Cl%C3%B3vis%20Bevil%C3%A1qua%20Solu%C3%A7%C3%B5es%20Praticas%20de%20Direito%20(%20Pareceres%20)%20-%20Volume%20I&searchField=titulo-autor&ano-de-publicacao=1923,,ativo,2026-09-06 12:50,2026-07-23 02:14,
Clóvis Beviláqua,Fundador,Historia da Faculdade de Direito do Recife - 2 Volumes,1927,250,SIM,https://www.estantevirtual.com.br/busca?nsCat=Natural&q=Cl%C3%B3vis%20Bevil%C3%A1qua%20Historia%20da%20Faculdade%20de%20Direito%20do%20Recife%20-%202%20Volumes&searchField=titulo-autor&ano-de-publicacao=1927,,ativo,2026-09-06 12:50,2026-07-23 02:14,
Clóvis Beviláqua,Fundador,Direito internacional privado,1938,50.50,SIM,https://www.estantevirtual.com.br/busca?nsCat=Natural&q=Cl%C3%B3vis%20Bevil%C3%A1qua%20Direito%20internacional%20privado&searchField=titulo-autor&ano-de-publicacao=1938,,ativo,2026-09-06 12:50,2026-07-23 02:14,
Clóvis Beviláqua,Fundador,Codigo Civil dos Estados Unidos do Brasil Vol. IV,1938,98.89,SIM,https://www.estantevirtual.com.br/busca?nsCat=Natural&q=Cl%C3%B3vis%20Bevil%C3%A1qua%20Codigo%20Civil%20dos%20Estados%20Unidos%20do%20Brasil%20Vol.%20IV&searchField=titulo-autor&ano-de-publicacao=1938,,ativo,2026-09-06 12:50,2026-07-23 02:14,
Clóvis Beviláqua,Fundador,Codigo Civil dos Estados do Brasil Volume 6,1919,338.80,SIM,https://www.estantevirtual.com.br/busca?nsCat=Natural&q=Cl%C3%B3vis%20Bevil%C3%A1qua%20Codigo%20Civil%20dos%20Estados%20do%20Brasil%20Volume%206&searchField=titulo-autor&ano-de-publicacao=1919,,ativo,2026-09-06 12:50,2026-07-23 02:14,
Clóvis Beviláqua,Fundador,Codigo Civil dos Estado Unidos do Brasil Vol. 1,1936,99,SIM,https://www.estantevirtual.com.br/busca?nsCat=Natural&q=Cl%C3%B3vis%20Bevil%C3%A1qua%20Codigo%20Civil%20dos%20Estado%20Unidos%20do%20Brasil%20Vol.%201&searchField=titulo-autor&ano-de-publicacao=1936,,ativo,2026-09-06 12:50,2026-07-23 02:14,
Clóvis Beviláqua,Fundador,Direito das Sucessoes (cp Dura ou Encadernado),1938,100,SIM,https://www.estantevirtual.com.br/busca?nsCat=Natural&q=Cl%C3%B3vis%20Bevil%C3%A1qua%20Direito%20das%20Sucessoes%20(cp%20Dura%20ou%20Encadernado)&searchField=titulo-autor&ano-de-publicacao=1938,,ativo,2026-09-06 12:50,2026-07-23 02:14,
Clóvis Beviláqua,Fundador,Código Civil dos Estados Unidos do Brazil,1940,345,SIM,https://www.estantevirtual.com.br/busca?nsCat=Natural&q=Cl%C3%B3vis%20Bevil%C3%A1qua%20C%C3%B3digo%20Civil%20dos%20Estados%20Unidos%20do%20Brazil&searchField=titulo-autor&ano-de-publicacao=1940,,ativo,2026-09-06 12:50,2026-07-23 02:14,
Clóvis Beviláqua,Fundador,Direito Publico Internacional-a Synthese dos Principios e a Contribuiç,1910,125,SIM,https://www.estantevirtual.com.br/busca?nsCat=Natural&q=Cl%C3%B3vis%20Bevil%C3%A1qua%20Direito%20Publico%20Internacional-a%20Synthese%20dos%20Principios%20e%20a%20Contribui%C3%A7&searchField=titulo-autor&ano-de-publicacao=1910,,ativo,2026-09-06 12:50,2026-07-23 02:14,
Clóvis Beviláqua,Fundador,Codigo Civil dos Estados Unidos do Brasil - Comentado - 06 Volumes,1931,750,SIM,https://www.estantevirtual.com.br/busca?nsCat=Natural&q=Cl%C3%B3vis%20Bevil%C3%A1qua%20Codigo%20Civil%20dos%20Estados%20Unidos%20do%20Brasil%20-%20Comentado%20-%2006%20Volumes&searchField=titulo-autor&ano-de-publicacao=1931,,ativo,2026-09-06 12:50,2026-07-23 02:14,
Clóvis Beviláqua,Fundador,Direito da Familia,1938,59,SIM,https://www.estantevirtual.com.br/busca?nsCat=Natural&q=Cl%C3%B3vis%20Bevil%C3%A1qua%20Direito%20da%20Familia&searchField=titulo-autor&ano-de-publicacao=1938,,ativo,2026-09-06 12:51,2026-07-23 02:14,
Clóvis Beviláqua,Fundador,Unidade do Direito Processual,1905,150,SIM,https://www.estantevirtual.com.br/busca?nsCat=Natural&q=Cl%C3%B3vis%20Bevil%C3%A1qua%20Unidade%20do%20Direito%20Processual&searchField=titulo-autor&ano-de-publicacao=1905,,ativo,2026-09-06 12:51,2026-07-23 02:14,
Clóvis Beviláqua,Fundador,Código Civil dos Estados Unidos do Brazil,1940,345,SIM,https://www.estantevirtual.com.br/busca?nsCat=Natural&q=Cl%C3%B3vis%20Bevil%C3%A1qua%20C%C3%B3digo%20Civil%20dos%20Estados%20Unidos%20do%20Brazil&searchField=titulo-autor&ano-de-publicacao=1940,,ativo,2026-09-06 12:51,2026-07-23 02:14,
Clóvis Beviláqua,Fundador,Código Civil dos Estados Unidos do Brasil Vol Vi,1939,39.90,SIM,https://www.estantevirtual.com.br/busca?nsCat=Natural&q=Cl%C3%B3vis%20Bevil%C3%A1qua%20C%C3%B3digo%20Civil%20dos%20Estados%20Unidos%20do%20Brasil%20Vol%20Vi&searchField=titulo-autor&ano-de-publicacao=1939,,ativo,2026-09-06 12:51,2026-07-23 02:14,
Clóvis Beviláqua,Fundador,Soluções Práticas de Direito: Vol 2,1929,79.92,SIM,https://www.estantevirtual.com.br/livro/solucoes-praticas-de-direito-vol-2-grp-NOP-2614-000?_preco=3000-10000000&tipo-de-livro=usado,,ativo,2026-09-06 12:51,2026-07-23 02:14,Amantes Leituras
Clóvis Beviláqua,Fundador,Linhas e Perfis Juridicos,1930,350,SIM,https://www.estantevirtual.com.br/busca?nsCat=Natural&q=Cl%C3%B3vis%20Bevil%C3%A1qua%20Linhas%20e%20Perfis%20Juridicos&searchField=titulo-autor&ano-de-publicacao=1930,,ativo,2026-09-06 12:51,2026-07-23 02:14,
Clóvis Beviláqua,Fundador,Codigo Civil dos Estados Unidos do Brasil - Comentado - 06 Volumes,1940,700,SIM,https://www.estantevirtual.com.br/busca?nsCat=Natural&q=Cl%C3%B3vis%20Bevil%C3%A1qua%20Codigo%20Civil%20dos%20Estados%20Unidos%20do%20Brasil%20-%20Comentado%20-%2006%20Volumes&searchField=titulo-autor&ano-de-publicacao=1940,,ativo,2026-09-06 12:51,2026-07-23 02:14,
Clóvis Beviláqua,Fundador,Direito das Obrigações,1936,80,SIM,https://www.estantevirtual.com.br/busca?nsCat=Natural&q=Cl%C3%B3vis%20Bevil%C3%A1qua%20Direito%20das%20Obriga%C3%A7%C3%B5es&searchField=titulo-autor&ano-de-publicacao=1936,,ativo,2026-09-06 12:51,2026-07-23 02:14,
Clóvis Beviláqua,Fundador,Direito de Familia,1910,200,SIM,https://www.estantevirtual.com.br/busca?nsCat=Natural&q=Cl%C3%B3vis%20Bevil%C3%A1qua%20Direito%20de%20Familia&searchField=titulo-autor&ano-de-publicacao=1910,,ativo,2026-09-06 12:51,2026-07-23 02:14,
Clóvis Beviláqua,Fundador,Manual do Codigo Civil Brasileiro - Direito das Obrigações,1929,159,SIM,https://www.estantevirtual.com.br/busca?nsCat=Natural&q=Cl%C3%B3vis%20Bevil%C3%A1qua%20Manual%20do%20Codigo%20Civil%20Brasileiro%20-%20Direito%20das%20Obriga%C3%A7%C3%B5es&searchField=titulo-autor&ano-de-publicacao=1929,,ativo,2026-09-06 12:51,2026-07-23 02:14,
Clóvis Beviláqua,Fundador,Codigo Civil dos Estados Unidos do Brasil. Vol. 2,1933,70,SIM,https://www.estantevirtual.com.br/busca?nsCat=Natural&q=Cl%C3%B3vis%20Bevil%C3%A1qua%20Codigo%20Civil%20dos%20Estados%20Unidos%20do%20Brasil.%20Vol.%202&searchField=titulo-autor&ano-de-publicacao=1933,,ativo,2026-09-06 12:51,2026-07-23 02:14,
Clóvis Beviláqua,Fundador,Codigo Civil dos Estados Unidos do Brasil. Vol. 5,1934,70,SIM,https://www.estantevirtual.com.br/busca?nsCat=Natural&q=Cl%C3%B3vis%20Bevil%C3%A1qua%20Codigo%20Civil%20dos%20Estados%20Unidos%20do%20Brasil.%20Vol.%205&searchField=titulo-autor&ano-de-publicacao=1934,,ativo,2026-09-06 12:51,2026-07-23 02:14,
Clóvis Beviláqua,Fundador,Código Civil dos Estados Unidos do Brasil Comentado - 6 Volumes,1927,590,SIM,https://www.estantevirtual.com.br/busca?nsCat=Natural&q=Cl%C3%B3vis%20Bevil%C3%A1qua%20C%C3%B3digo%20Civil%20dos%20Estados%20Unidos%20do%20Brasil%20Comentado%20-%206%20Volumes&searchField=titulo-autor&ano-de-publicacao=1927,,ativo,2026-09-06 12:51,2026-07-23 02:14,
Clóvis Beviláqua,Fundador,Codigo Civil dos Estados Unidos do Brasil - Comentado - 06 Volumes,1931,700,SIM,https://www.estantevirtual.com.br/busca?nsCat=Natural&q=Cl%C3%B3vis%20Bevil%C3%A1qua%20Codigo%20Civil%20dos%20Estados%20Unidos%20do%20Brasil%20-%20Comentado%20-%2006%20Volumes&searchField=titulo-autor&ano-de-publicacao=1931,,ativo,2026-09-06 12:51,2026-07-23 02:14,
Clóvis Beviláqua,Fundador,Direito das Successões - 16403,1938,65,SIM,https://www.estantevirtual.com.br/busca?nsCat=Natural&q=Cl%C3%B3vis%20Bevil%C3%A1qua%20Direito%20das%20Success%C3%B5es%20-%2016403&searchField=titulo-autor&ano-de-publicacao=1938,,ativo,2026-09-06 12:51,2026-07-23 02:14,
Clóvis Beviláqua,Fundador,Criminologia e Direito,1896,120,SIM,https://www.estantevirtual.com.br/busca?nsCat=Natural&q=Cl%C3%B3vis%20Bevil%C3%A1qua%20Criminologia%20e%20Direito&searchField=titulo-autor&ano-de-publicacao=1896,,ativo,2026-09-06 12:51,2026-07-23 02:14,
Clóvis Beviláqua,Fundador,Juristas Phylosophos,1897,800,SIM,https://www.estantevirtual.com.br/livro/juristas-phylosophos-grp-HP3-1169-000?_preco=3000-10000000&tipo-de-livro=usado,,ativo,2026-09-06 12:51,2026-07-23 02:14,Sebo Vagão Literário Taubaté
Clóvis Beviláqua,Fundador,Estudos Juridicos - Historia Philosophia e Critica,1916,109.90,SIM,https://www.estantevirtual.com.br/busca?nsCat=Natural&q=Cl%C3%B3vis%20Bevil%C3%A1qua%20Estudos%20Juridicos%20-%20Historia%20Philosophia%20e%20Critica&searchField=titulo-autor&ano-de-publicacao=1916,,ativo,2026-09-06 12:52,2026-07-23 02:14,
Clóvis Beviláqua,Fundador,Direito das Successões - 1ª Edição,1899,249,SIM,https://www.estantevirtual.com.br/busca?nsCat=Natural&q=Cl%C3%B3vis%20Bevil%C3%A1qua%20Direito%20das%20Success%C3%B5es%20-%201%C2%AA%20Edi%C3%A7%C3%A3o&searchField=titulo-autor&ano-de-publicacao=1899,,ativo,2026-09-06 12:52,2026-07-23 02:14,
Clóvis Beviláqua,Fundador,Direito das Successões,1899,220,SIM,https://www.estantevirtual.com.br/busca?nsCat=Natural&q=Cl%C3%B3vis%20Bevil%C3%A1qua%20Direito%20das%20Success%C3%B5es&searchField=titulo-autor&ano-de-publicacao=1899,,ativo,2026-09-06 12:52,2026-07-23 02:14,
Clóvis Beviláqua,Fundador,Direito das Obrigações,1910,150,SIM,https://www.estantevirtual.com.br/busca?nsCat=Natural&q=Cl%C3%B3vis%20Bevil%C3%A1qua%20Direito%20das%20Obriga%C3%A7%C3%B5es&searchField=titulo-autor&ano-de-publicacao=1910,,ativo,2026-09-06 12:52,2026-07-23 02:14,
Clóvis Beviláqua,Fundador,Direito Publico Internacional - Tomo I,1939,50,SIM,https://www.estantevirtual.com.br/busca?nsCat=Natural&q=Cl%C3%B3vis%20Bevil%C3%A1qua%20Direito%20Publico%20Internacional%20-%20Tomo%20I&searchField=titulo-autor&ano-de-publicacao=1939,,ativo,2026-09-06 12:52,2026-07-23 02:14,
Clóvis Beviláqua,Fundador,Código Civil dos Estados Unidos do Brasil - Vol. V - Tomo 2°,1919,80,SIM,https://www.estantevirtual.com.br/busca?nsCat=Natural&q=Cl%C3%B3vis%20Bevil%C3%A1qua%20C%C3%B3digo%20Civil%20dos%20Estados%20Unidos%20do%20Brasil%20-%20Vol.%20V%20-%20Tomo%202%C2%B0&searchField=titulo-autor&ano-de-publicacao=1919,,ativo,2026-09-06 12:52,2026-07-23 02:14,
Clóvis Beviláqua,Fundador,Código Civil dos Estados Unidos do Brasil - Vol. IV,1917,70,SIM,https://www.estantevirtual.com.br/busca?nsCat=Natural&q=Cl%C3%B3vis%20Bevil%C3%A1qua%20C%C3%B3digo%20Civil%20dos%20Estados%20Unidos%20do%20Brasil%20-%20Vol.%20IV&searchField=titulo-autor&ano-de-publicacao=1917,,ativo,2026-09-06 12:52,2026-07-23 02:14,
Clóvis Beviláqua,Fundador,Código Civil dos Estados Unidos do Brasil - Vol. III,1917,70,SIM,https://www.estantevirtual.com.br/busca?nsCat=Natural&q=Cl%C3%B3vis%20Bevil%C3%A1qua%20C%C3%B3digo%20Civil%20dos%20Estados%20Unidos%20do%20Brasil%20-%20Vol.%20III&searchField=titulo-autor&ano-de-publicacao=1917,,ativo,2026-09-06 12:52,2026-07-23 02:14,
Clóvis Beviláqua,Fundador,Theoria Geral do Direito Civil,1929,100,SIM,https://www.estantevirtual.com.br/busca?nsCat=Natural&q=Cl%C3%B3vis%20Bevil%C3%A1qua%20Theoria%20Geral%20do%20Direito%20Civil&searchField=titulo-autor&ano-de-publicacao=1929,,ativo,2026-09-06 12:52,2026-07-23 02:14,
Clóvis Beviláqua,Fundador,Theoria Geral do Direito Civil,1929,100,SIM,https://www.estantevirtual.com.br/busca?nsCat=Natural&q=Cl%C3%B3vis%20Bevil%C3%A1qua%20Theoria%20Geral%20do%20Direito%20Civil&searchField=titulo-autor&ano-de-publicacao=1929,,ativo,2026-09-06 12:52,2026-07-23 02:14,
Clóvis Beviláqua,Fundador,Codigo Civil dos Estados Unidos do Brasil Comentado (6v.),1928,150,SIM,https://www.estantevirtual.com.br/busca?nsCat=Natural&q=Cl%C3%B3vis%20Bevil%C3%A1qua%20Codigo%20Civil%20dos%20Estados%20Unidos%20do%20Brasil%20Comentado%20(6v.)&searchField=titulo-autor&ano-de-publicacao=1928,,ativo,2026-09-06 12:52,2026-07-23 02:14,
Clóvis Beviláqua,Fundador,Theoria Geral do Direito Civil,1929,30,SIM,https://www.estantevirtual.com.br/busca?nsCat=Natural&q=Cl%C3%B3vis%20Bevil%C3%A1qua%20Theoria%20Geral%20do%20Direito%20Civil&searchField=titulo-autor&ano-de-publicacao=1929,,ativo,2026-09-06 12:52,2026-07-23 02:14,
Clóvis Beviláqua,Fundador,Direito das Obrigações ( Encadernado Em Couro ),1931,100,SIM,https://www.estantevirtual.com.br/busca?nsCat=Natural&q=Cl%C3%B3vis%20Bevil%C3%A1qua%20Direito%20das%20Obriga%C3%A7%C3%B5es%20(%20Encadernado%20Em%20Couro%20)&searchField=titulo-autor&ano-de-publicacao=1931,,ativo,2026-09-06 12:52,2026-07-23 02:14,
Clóvis Beviláqua,Fundador,Codigo Civil dos Estados do Brasil Volume 6,1935,31.36,SIM,https://www.estantevirtual.com.br/livro/codigo-civil-dos-estados-do-brasil-volume-6-grp-E3M-3024-000?_preco=3000-10000000&tipo-de-livro=usado,,ativo,2026-09-06 12:52,2026-07-23 02:14,Sebo Pereira
Clóvis Beviláqua,Fundador,Codigo Civil dos Estados Unidos do Brasil - Volume 5,1934,31.90,SIM,https://www.estantevirtual.com.br/busca?nsCat=Natural&q=Cl%C3%B3vis%20Bevil%C3%A1qua%20Codigo%20Civil%20dos%20Estados%20Unidos%20do%20Brasil%20-%20Volume%205&searchField=titulo-autor&ano-de-publicacao=1934,,ativo,2026-09-06 12:52,2026-07-23 02:14,
Clóvis Beviláqua,Fundador,Direito da Família ( Capa Dura ),1910,100,SIM,https://www.estantevirtual.com.br/busca?nsCat=Natural&q=Cl%C3%B3vis%20Bevil%C3%A1qua%20Direito%20da%20Fam%C3%ADlia%20(%20Capa%20Dura%20)&searchField=titulo-autor&ano-de-publicacao=1910,,ativo,2026-09-06 12:52,2026-07-23 02:14,
Clóvis Beviláqua,Fundador,Direito da Família ( Capa Dura ),1908,100,SIM,https://www.estantevirtual.com.br/busca?nsCat=Natural&q=Cl%C3%B3vis%20Bevil%C3%A1qua%20Direito%20da%20Fam%C3%ADlia%20(%20Capa%20Dura%20)&searchField=titulo-autor&ano-de-publicacao=1908,,ativo,2026-09-06 12:53,2026-07-23 02:14,
Clóvis Beviláqua,Fundador,Direito da Família ( Capa Dura ),1933,100,SIM,https://www.estantevirtual.com.br/busca?nsCat=Natural&q=Cl%C3%B3vis%20Bevil%C3%A1qua%20Direito%20da%20Fam%C3%ADlia%20(%20Capa%20Dura%20)&searchField=titulo-autor&ano-de-publicacao=1933,,ativo,2026-09-06 12:53,2026-07-23 02:14,
Clóvis Beviláqua,Fundador,Direito das Successões - Terceira Edição,1938,100,SIM,https://www.estantevirtual.com.br/busca?nsCat=Natural&q=Cl%C3%B3vis%20Bevil%C3%A1qua%20Direito%20das%20Success%C3%B5es%20-%20Terceira%20Edi%C3%A7%C3%A3o&searchField=titulo-autor&ano-de-publicacao=1938,,ativo,2026-09-06 12:53,2026-07-23 02:14,
Clóvis Beviláqua,Fundador,Linhas e Perfis Jurídicos,1930,400,SIM,https://www.estantevirtual.com.br/busca?nsCat=Natural&q=Cl%C3%B3vis%20Bevil%C3%A1qua%20Linhas%20e%20Perfis%20Jur%C3%ADdicos&searchField=titulo-autor&ano-de-publicacao=1930,,ativo,2026-09-06 12:53,2026-07-23 02:14,
Clóvis Beviláqua,Fundador,Codigo Civil dos Estados do Brasil Volume 4,1934,31.90,SIM,https://www.estantevirtual.com.br/busca?nsCat=Natural&q=Cl%C3%B3vis%20Bevil%C3%A1qua%20Codigo%20Civil%20dos%20Estados%20do%20Brasil%20Volume%204&searchField=titulo-autor&ano-de-publicacao=1934,,ativo,2026-09-06 12:53,2026-07-23 02:14,
Clóvis Beviláqua,Fundador,Direito de Familia,1910,188,SIM,https://www.estantevirtual.com.br/busca?nsCat=Natural&q=Cl%C3%B3vis%20Bevil%C3%A1qua%20Direito%20de%20Familia&searchField=titulo-autor&ano-de-publicacao=1910,,ativo,2026-09-06 12:53,2026-07-23 02:14,
Clóvis Beviláqua,Fundador,Revivendo o Passado I Figuras e Datas,1937,81,SIM,https://www.estantevirtual.com.br/busca?nsCat=Natural&q=Cl%C3%B3vis%20Bevil%C3%A1qua%20Revivendo%20o%20Passado%20I%20Figuras%20e%20Datas&searchField=titulo-autor&ano-de-publicacao=1937,,ativo,2026-09-06 12:53,2026-07-23 02:14,
Clóvis Beviláqua,Fundador,Direito das Obrigações,1936,30,SIM,https://www.estantevirtual.com.br/busca?nsCat=Natural&q=Cl%C3%B3vis%20Bevil%C3%A1qua%20Direito%20das%20Obriga%C3%A7%C3%B5es&searchField=titulo-autor&ano-de-publicacao=1936,,ativo,2026-09-06 12:53,2026-07-23 02:14,
Clóvis Beviláqua,Fundador,Código Civil dos Estados Unidos do Brasil,1930,35,SIM,https://www.estantevirtual.com.br/busca?nsCat=Natural&q=Cl%C3%B3vis%20Bevil%C3%A1qua%20C%C3%B3digo%20Civil%20dos%20Estados%20Unidos%20do%20Brasil&searchField=titulo-autor&ano-de-publicacao=1930,,ativo,2026-09-06 12:53,2026-07-23 02:14,
Clóvis Beviláqua,Fundador,Código Civil dos Estados Unidos do Brasil,1926,35,SIM,https://www.estantevirtual.com.br/busca?nsCat=Natural&q=Cl%C3%B3vis%20Bevil%C3%A1qua%20C%C3%B3digo%20Civil%20dos%20Estados%20Unidos%20do%20Brasil&searchField=titulo-autor&ano-de-publicacao=1926,,ativo,2026-09-06 12:53,2026-07-23 02:14,
Clóvis Beviláqua,Fundador,Criminologia e Direito,1896,70,SIM,https://www.estantevirtual.com.br/livro/criminologia-e-direito-grp-1YA-7731-000?_preco=3000-10000000&tipo-de-livro=usado,,ativo,2026-09-06 12:53,2026-07-23 02:14,Sebo Esperança J&M
Clóvis Beviláqua,Fundador,Esboços e Fragmentos,1899,400,SIM,https://www.estantevirtual.com.br/livro/esbocos-e-fragmentos-grp-1W8-7087-000?_preco=3000-10000000&tipo-de-livro=usado,,ativo,2026-09-06 12:53,2026-07-23 02:14,Estrela Livros Portugueses
Clóvis Beviláqua,Fundador,Soluções Praticas de Direito Volume 1,1929,349.90,SIM,https://www.estantevirtual.com.br/busca?nsCat=Natural&q=Cl%C3%B3vis%20Bevil%C3%A1qua%20Solu%C3%A7%C3%B5es%20Praticas%20de%20Direito%20Volume%201&searchField=titulo-autor&ano-de-publicacao=1929,,ativo,2026-09-06 12:53,2026-07-23 02:14,
Clóvis Beviláqua,Fundador,Direito da Família,1910,700,SIM,https://www.estantevirtual.com.br/busca?nsCat=Natural&q=Cl%C3%B3vis%20Bevil%C3%A1qua%20Direito%20da%20Fam%C3%ADlia&searchField=titulo-autor&ano-de-publicacao=1910,,ativo,2026-09-06 12:53,2026-07-23 02:14,
Clóvis Beviláqua,Fundador,"Estudos Jurídicos (história, Philosophia e Crítica) - 1ª Edição",1916,900,SIM,https://www.estantevirtual.com.br/busca?nsCat=Natural&q=Cl%C3%B3vis%20Bevil%C3%A1qua%20Estudos%20Jur%C3%ADdicos%20(hist%C3%B3ria%2C%20Philosophia%20e%20Cr%C3%ADtica)%20-%201%C2%AA%20Edi%C3%A7%C3%A3o&searchField=titulo-autor&ano-de-publicacao=1916,,ativo,2026-09-06 12:53,2026-07-23 02:14,
Clóvis Beviláqua,Fundador,Epochas e Individualidades (Épocas e Individualidades),1899,800,SIM,https://www.estantevirtual.com.br/busca?nsCat=Natural&q=Cl%C3%B3vis%20Bevil%C3%A1qua%20Epochas%20e%20Individualidades%20(%C3%89pocas%20e%20Individualidades)&searchField=titulo-autor&ano-de-publicacao=1899,,ativo,2026-09-06 12:53,2026-07-23 02:14,
Clóvis Beviláqua,Fundador,Direito das Successões - 1ª Edição,1899,300,SIM,https://www.estantevirtual.com.br/busca?nsCat=Natural&q=Cl%C3%B3vis%20Bevil%C3%A1qua%20Direito%20das%20Success%C3%B5es%20-%201%C2%AA%20Edi%C3%A7%C3%A3o&searchField=titulo-autor&ano-de-publicacao=1899,,ativo,2026-09-06 12:53,2026-07-23 02:14,
Clóvis Beviláqua,Fundador,"Estudos Juridicos (historia, Philosophia e Crítica)",1916,160,SIM,https://www.estantevirtual.com.br/busca?nsCat=Natural&q=Cl%C3%B3vis%20Bevil%C3%A1qua%20Estudos%20Juridicos%20(historia%2C%20Philosophia%20e%20Cr%C3%ADtica)&searchField=titulo-autor&ano-de-publicacao=1916,,ativo,2026-09-06 12:54,2026-07-23 02:14,
Clóvis Beviláqua,Fundador,Principios Elementares de Direito Internacional Privado,1906,55,SIM,https://www.estantevirtual.com.br/busca?nsCat=Natural&q=Cl%C3%B3vis%20Bevil%C3%A1qua%20Principios%20Elementares%20de%20Direito%20Internacional%20Privado&searchField=titulo-autor&ano-de-publicacao=1906,,ativo,2026-09-06 12:54,2026-07-23 02:14,
Clóvis Beviláqua,Fundador,Direito da Familia,1933,130,SIM,https://www.estantevirtual.com.br/busca?nsCat=Natural&q=Cl%C3%B3vis%20Bevil%C3%A1qua%20Direito%20da%20Familia&searchField=titulo-autor&ano-de-publicacao=1933,,ativo,2026-09-06 12:54,2026-07-23 02:14,
Clóvis Beviláqua,Fundador,Criminologia e Direito,1896,150,SIM,https://www.estantevirtual.com.br/busca?nsCat=Natural&q=Cl%C3%B3vis%20Bevil%C3%A1qua%20Criminologia%20e%20Direito&searchField=titulo-autor&ano-de-publicacao=1896,,ativo,2026-09-06 12:54,2026-07-23 02:14,
Clóvis Beviláqua,Fundador,Principios Elementares de Direito Internacional Privado,1906,130,SIM,https://www.estantevirtual.com.br/busca?nsCat=Natural&q=Cl%C3%B3vis%20Bevil%C3%A1qua%20Principios%20Elementares%20de%20Direito%20Internacional%20Privado&searchField=titulo-autor&ano-de-publicacao=1906,,ativo,2026-09-06 12:54,2026-07-23 02:14,
Clóvis Beviláqua,Fundador,Licções de Legislação Comparada Sobre o Direito Privado,1897,1500,SIM,https://www.estantevirtual.com.br/busca?nsCat=Natural&q=Cl%C3%B3vis%20Bevil%C3%A1qua%20Lic%C3%A7%C3%B5es%20de%20Legisla%C3%A7%C3%A3o%20Comparada%20Sobre%20o%20Direito%20Privado&searchField=titulo-autor&ano-de-publicacao=1897,,ativo,2026-09-06 12:54,2026-07-23 02:14,
Clóvis Beviláqua,Fundador,Direito Público Internacional Volume 2 (capa Dura),1939,33,SIM,https://www.estantevirtual.com.br/busca?nsCat=Natural&q=Cl%C3%B3vis%20Bevil%C3%A1qua%20Direito%20P%C3%BAblico%20Internacional%20Volume%202%20(capa%20Dura)&searchField=titulo-autor&ano-de-publicacao=1939,,ativo,2026-09-06 12:54,2026-07-23 02:14,
Clóvis Beviláqua,Fundador,Criminologia e Direito,1896,79,SIM,https://www.estantevirtual.com.br/busca?nsCat=Natural&q=Cl%C3%B3vis%20Bevil%C3%A1qua%20Criminologia%20e%20Direito&searchField=titulo-autor&ano-de-publicacao=1896,,ativo,2026-09-06 12:54,2026-07-23 02:14,
Clóvis Beviláqua,Fundador,Direito Publico Internacional - Tomo II,1939,90,SIM,https://www.estantevirtual.com.br/busca?nsCat=Natural&q=Cl%C3%B3vis%20Bevil%C3%A1qua%20Direito%20Publico%20Internacional%20-%20Tomo%20II&searchField=titulo-autor&ano-de-publicacao=1939,,ativo,2026-09-06 12:54,2026-07-23 02:14,
Clóvis Beviláqua,Fundador,Resumo das Licções de Legislação Comparada sobre o Direito Privado,1897,299.20,SIM,https://www.estantevirtual.com.br/busca?nsCat=Natural&q=Cl%C3%B3vis%20Bevil%C3%A1qua%20Resumo%20das%20Lic%C3%A7%C3%B5es%20de%20Legisla%C3%A7%C3%A3o%20Comparada%20sobre%20o%20Direito%20Privado&searchField=titulo-autor&ano-de-publicacao=1897,,ativo,2026-09-06 12:54,2026-07-23 02:14,
Clóvis Beviláqua,Fundador,Teoria do Direito Civil,1928,59,SIM,https://www.estantevirtual.com.br/busca?nsCat=Natural&q=Cl%C3%B3vis%20Bevil%C3%A1qua%20Teoria%20do%20Direito%20Civil&searchField=titulo-autor&ano-de-publicacao=1928,,ativo,2026-09-06 12:54,2026-07-23 02:14,
Clóvis Beviláqua,Fundador,Principios Elementares de Direito Internacional Privado,1934,35,SIM,https://www.estantevirtual.com.br/busca?nsCat=Natural&q=Cl%C3%B3vis%20Bevil%C3%A1qua%20Principios%20Elementares%20de%20Direito%20Internacional%20Privado&searchField=titulo-autor&ano-de-publicacao=1934,,ativo,2026-09-06 12:54,2026-07-23 02:14,
Clóvis Beviláqua,Fundador,Direito das Sucessões,1932,102.98,SIM,https://www.estantevirtual.com.br/busca?nsCat=Natural&q=Cl%C3%B3vis%20Bevil%C3%A1qua%20Direito%20das%20Sucess%C3%B5es&searchField=titulo-autor&ano-de-publicacao=1932,,ativo,2026-09-06 12:54,2026-07-23 02:14,
Clóvis Beviláqua,Fundador,Codigo Civil dos Estados Unidos do Brasil-vol. V,1926,99.71,SIM,https://www.estantevirtual.com.br/busca?nsCat=Natural&q=Cl%C3%B3vis%20Bevil%C3%A1qua%20Codigo%20Civil%20dos%20Estados%20Unidos%20do%20Brasil-vol.%20V&searchField=titulo-autor&ano-de-publicacao=1926,,ativo,2026-09-06 12:54,2026-07-23 02:14,
Clóvis Beviláqua,Fundador,Theoria Geral do Direito Civil,1929,96.60,SIM,https://www.estantevirtual.com.br/busca?nsCat=Natural&q=Cl%C3%B3vis%20Bevil%C3%A1qua%20Theoria%20Geral%20do%20Direito%20Civil&searchField=titulo-autor&ano-de-publicacao=1929,,ativo,2026-09-06 12:54,2026-07-23 02:14,
Clóvis Beviláqua,Fundador,Direito das Obrigaçoes,1931,95.53,SIM,https://www.estantevirtual.com.br/livro/direito-das-obrigacoes-grp-1KO-3628-000?_preco=3000-10000000&tipo-de-livro=usado,,vendido,2026-08-31 16:36,2026-07-23 02:14,Livros Brasília
Clóvis Beviláqua,Fundador,Direito da Familia,1933,94.29,SIM,https://www.estantevirtual.com.br/livro/direito-da-familia-grp-1KM-2258-000?_preco=3000-10000000&tipo-de-livro=usado,,vendido,2026-08-31 16:36,2026-07-23 02:14,Livros Brasília
Clóvis Beviláqua,Fundador,Manual do Código Civil - Vol. Xiv,1929,79,SIM,https://www.estantevirtual.com.br/busca?nsCat=Natural&q=Cl%C3%B3vis%20Bevil%C3%A1qua%20Manual%20do%20C%C3%B3digo%20Civil%20-%20Vol.%20Xiv&searchField=titulo-autor&ano-de-publicacao=1929,,ativo,2026-09-06 12:54,2026-07-23 02:14,
Clóvis Beviláqua,Fundador,Direito das Successões,1899,400,SIM,https://www.estantevirtual.com.br/busca?nsCat=Natural&q=Cl%C3%B3vis%20Bevil%C3%A1qua%20Direito%20das%20Success%C3%B5es&searchField=titulo-autor&ano-de-publicacao=1899,,ativo,2026-09-06 12:54,2026-07-23 02:14,
Clóvis Beviláqua,Fundador,Direito das Successões,1899,390,SIM,https://www.estantevirtual.com.br/busca?nsCat=Natural&q=Cl%C3%B3vis%20Bevil%C3%A1qua%20Direito%20das%20Success%C3%B5es&searchField=titulo-autor&ano-de-publicacao=1899,,ativo,2026-09-06 12:54,2026-07-23 02:14,
Clóvis Beviláqua,Fundador,Direito Internacional Privado,1938,150,SIM,https://www.estantevirtual.com.br/busca?nsCat=Natural&q=Cl%C3%B3vis%20Bevil%C3%A1qua%20Direito%20Internacional%20Privado&searchField=titulo-autor&ano-de-publicacao=1938,,ativo,2026-09-06 12:55,2026-07-23 02:14,
Clóvis Beviláqua,Fundador,Direito Público Internacional - 2 Volumes,1911,340,SIM,https://www.estantevirtual.com.br/busca?nsCat=Natural&q=Cl%C3%B3vis%20Bevil%C3%A1qua%20Direito%20P%C3%BAblico%20Internacional%20-%202%20Volumes&searchField=titulo-autor&ano-de-publicacao=1911,,ativo,2026-09-06 12:55,2026-07-23 02:14,
Clóvis Beviláqua,Fundador,Codigo Civil dos Estados do Brasil Volume 6,1919,308,SIM,https://www.estantevirtual.com.br/busca?nsCat=Natural&q=Cl%C3%B3vis%20Bevil%C3%A1qua%20Codigo%20Civil%20dos%20Estados%20do%20Brasil%20Volume%206&searchField=titulo-autor&ano-de-publicacao=1919,,ativo,2026-09-06 12:55,2026-07-23 02:14,
Clóvis Beviláqua,Fundador,Codigo Civil dos Estados Unidos do Brasil Vol. IV,1938,89.90,SIM,https://www.estantevirtual.com.br/busca?nsCat=Natural&q=Cl%C3%B3vis%20Bevil%C3%A1qua%20Codigo%20Civil%20dos%20Estados%20Unidos%20do%20Brasil%20Vol.%20IV&searchField=titulo-autor&ano-de-publicacao=1938,,ativo,2026-09-06 12:55,2026-07-23 02:14,
Clóvis Beviláqua,Fundador,Codigo Civil dos Estado Unidos do Brasil Vol. 1,1936,90,SIM,https://www.estantevirtual.com.br/busca?nsCat=Natural&q=Cl%C3%B3vis%20Bevil%C3%A1qua%20Codigo%20Civil%20dos%20Estado%20Unidos%20do%20Brasil%20Vol.%201&searchField=titulo-autor&ano-de-publicacao=1936,,ativo,2026-09-06 12:55,2026-07-23 02:14,
Clóvis Beviláqua,Fundador,Código Civil dos Estados Unidos do Brazil Commentado Volume I,1916,57.50,SIM,https://www.estantevirtual.com.br/busca?nsCat=Natural&q=Cl%C3%B3vis%20Bevil%C3%A1qua%20C%C3%B3digo%20Civil%20dos%20Estados%20Unidos%20do%20Brazil%20Commentado%20Volume%20I&searchField=titulo-autor&ano-de-publicacao=1916,,ativo,2026-09-06 12:55,2026-07-23 02:14,
Clóvis Beviláqua,Fundador,Direito das Successões,1899,170,SIM,https://www.estantevirtual.com.br/busca?nsCat=Natural&q=Cl%C3%B3vis%20Bevil%C3%A1qua%20Direito%20das%20Success%C3%B5es&searchField=titulo-autor&ano-de-publicacao=1899,,ativo,2026-09-06 12:55,2026-07-23 02:14,
Clóvis Beviláqua,Fundador,Codigo Civil dos Estados Unidos do Brasil Commentado. 06 Vols.,1927,300,SIM,https://www.estantevirtual.com.br/busca?nsCat=Natural&q=Cl%C3%B3vis%20Bevil%C3%A1qua%20Codigo%20Civil%20dos%20Estados%20Unidos%20do%20Brasil%20Commentado.%2006%20Vols.&searchField=titulo-autor&ano-de-publicacao=1927,,ativo,2026-09-06 12:55,2026-07-23 02:14,
Clóvis Beviláqua,Fundador,Direito das Obrigações,1896,160,SIM,https://www.estantevirtual.com.br/busca?nsCat=Natural&q=Cl%C3%B3vis%20Bevil%C3%A1qua%20Direito%20das%20Obriga%C3%A7%C3%B5es&searchField=titulo-autor&ano-de-publicacao=1896,,ativo,2026-09-06 12:55,2026-07-23 02:14,
Clóvis Beviláqua,Fundador,Codigo Civil dos Estados Unidos do Brasil Commentado. Vol. 6,1932,29.75,SIM,https://www.estantevirtual.com.br/livro/codigo-civil-dos-estados-unidos-do-brasil-commentado-vol-6-grp-1D3-2094-000?_preco=3000-10000000&tipo-de-livro=usado,,ativo,2026-09-06 12:55,2026-07-23 02:14,Sebo União
Clóvis Beviláqua,Fundador,Codigo Civil dos Estados Unidos do Brasil Comentado. 2 Volumes Em 1,1940,195.50,SIM,https://www.estantevirtual.com.br/livro/codigo-civil-dos-estados-unidos-do-brasil-comentado-2-volumes-em-1-grp-1D0-5098-000?_preco=3000-10000000&tipo-de-livro=usado,,ativo,2026-09-06 12:55,2026-07-23 02:14,Sebo União
Clóvis Beviláqua,Fundador,Revivendo o Passado,1940,220,SIM,https://www.estantevirtual.com.br/busca?nsCat=Natural&q=Cl%C3%B3vis%20Bevil%C3%A1qua%20Revivendo%20o%20Passado&searchField=titulo-autor&ano-de-publicacao=1940,,ativo,2026-09-06 12:55,2026-07-23 02:14,
Clóvis Beviláqua,Fundador,Direito da Familia,1908,100,SIM,https://www.estantevirtual.com.br/busca?nsCat=Natural&q=Cl%C3%B3vis%20Bevil%C3%A1qua%20Direito%20da%20Familia&searchField=titulo-autor&ano-de-publicacao=1908,,ativo,2026-09-06 12:55,2026-07-23 02:14,
Clóvis Beviláqua,Fundador,Vigilias Litterarias,1882,800,SIM,https://www.estantevirtual.com.br/busca?nsCat=Natural&q=Cl%C3%B3vis%20Bevil%C3%A1qua%20Vigilias%20Litterarias&searchField=titulo-autor&ano-de-publicacao=1882,,ativo,2026-09-06 12:55,2026-07-23 02:14,
Clóvis Beviláqua,Fundador,Revivendo o Passado. Vol 5,1940,180,SIM,https://www.estantevirtual.com.br/busca?nsCat=Natural&q=Cl%C3%B3vis%20Bevil%C3%A1qua%20Revivendo%20o%20Passado.%20Vol%205&searchField=titulo-autor&ano-de-publicacao=1940,,ativo,2026-09-06 12:55,2026-07-23 02:14,
Clóvis Beviláqua,Fundador,Revivendo o Passado. Vol 3,1939,200,SIM,https://www.estantevirtual.com.br/busca?nsCat=Natural&q=Cl%C3%B3vis%20Bevil%C3%A1qua%20Revivendo%20o%20Passado.%20Vol%203&searchField=titulo-autor&ano-de-publicacao=1939,,ativo,2026-09-06 12:55,2026-07-23 02:14,
Clóvis Beviláqua,Fundador,Codigo Civil dos Estados Unidos do Brasil - Volume 3,1923,42,SIM,https://www.estantevirtual.com.br/busca?nsCat=Natural&q=Cl%C3%B3vis%20Bevil%C3%A1qua%20Codigo%20Civil%20dos%20Estados%20Unidos%20do%20Brasil%20-%20Volume%203&searchField=titulo-autor&ano-de-publicacao=1923,,ativo,2026-09-06 12:55,2026-07-23 02:14,
Clóvis Beviláqua,Fundador,Codigo Civil dos Estados Unidos do Brasil - Volume 5,1926,42,SIM,https://www.estantevirtual.com.br/busca?nsCat=Natural&q=Cl%C3%B3vis%20Bevil%C3%A1qua%20Codigo%20Civil%20dos%20Estados%20Unidos%20do%20Brasil%20-%20Volume%205&searchField=titulo-autor&ano-de-publicacao=1926,,ativo,2026-09-06 12:55,2026-07-23 02:14,
Clóvis Beviláqua,Fundador,Codigo Civil dos Estados Unidos do Brasil - Volume 1,1936,42,SIM,https://www.estantevirtual.com.br/busca?nsCat=Natural&q=Cl%C3%B3vis%20Bevil%C3%A1qua%20Codigo%20Civil%20dos%20Estados%20Unidos%20do%20Brasil%20-%20Volume%201&searchField=titulo-autor&ano-de-publicacao=1936,,ativo,2026-09-06 12:56,2026-07-23 02:14,
Clóvis Beviláqua,Fundador,Direito Público Internacional - 1910,1910,141.85,SIM,https://www.estantevirtual.com.br/busca?nsCat=Natural&q=Cl%C3%B3vis%20Bevil%C3%A1qua%20Direito%20P%C3%BAblico%20Internacional%20-%201910&searchField=titulo-autor&ano-de-publicacao=1910,,ativo,2026-09-06 12:56,2026-07-23 02:14,
Clóvis Beviláqua,Fundador,Direito das Obrigações,1931,100,SIM,https://www.estantevirtual.com.br/busca?nsCat=Natural&q=Cl%C3%B3vis%20Bevil%C3%A1qua%20Direito%20das%20Obriga%C3%A7%C3%B5es&searchField=titulo-autor&ano-de-publicacao=1931,,ativo,2026-09-06 12:56,2026-07-23 02:14,
Clóvis Beviláqua,Fundador,Direito Publico Internacional - 02 Volumes,1939,220,SIM,https://www.estantevirtual.com.br/busca?nsCat=Natural&q=Cl%C3%B3vis%20Bevil%C3%A1qua%20Direito%20Publico%20Internacional%20-%2002%20Volumes&searchField=titulo-autor&ano-de-publicacao=1939,,ativo,2026-09-06 12:56,2026-07-23 02:14,
Clóvis Beviláqua,Fundador,Direito Público Internacional - 02 Volumes,1910,190,SIM,https://www.estantevirtual.com.br/busca?nsCat=Natural&q=Cl%C3%B3vis%20Bevil%C3%A1qua%20Direito%20P%C3%BAblico%20Internacional%20-%2002%20Volumes&searchField=titulo-autor&ano-de-publicacao=1910,,ativo,2026-09-06 12:56,2026-07-23 02:14,
Clóvis Beviláqua,Fundador,Direito das Obrigações - 5ª Edição,1940,100,SIM,https://www.estantevirtual.com.br/busca?nsCat=Natural&q=Cl%C3%B3vis%20Bevil%C3%A1qua%20Direito%20das%20Obriga%C3%A7%C3%B5es%20-%205%C2%AA%20Edi%C3%A7%C3%A3o&searchField=titulo-autor&ano-de-publicacao=1940,,ativo,2026-09-06 12:56,2026-07-23 02:14,
Clóvis Beviláqua,Fundador,Direito das Obrigações,1940,80,SIM,https://www.estantevirtual.com.br/busca?nsCat=Natural&q=Cl%C3%B3vis%20Bevil%C3%A1qua%20Direito%20das%20Obriga%C3%A7%C3%B5es&searchField=titulo-autor&ano-de-publicacao=1940,,ativo,2026-09-06 12:56,2026-07-23 02:14,
Clóvis Beviláqua,Fundador,Código Civil dos Estados Unidos do Brasil - 6 Volumes,1940,230,SIM,https://www.estantevirtual.com.br/busca?nsCat=Natural&q=Cl%C3%B3vis%20Bevil%C3%A1qua%20C%C3%B3digo%20Civil%20dos%20Estados%20Unidos%20do%20Brasil%20-%206%20Volumes&searchField=titulo-autor&ano-de-publicacao=1940,,ativo,2026-09-06 12:56,2026-07-23 02:14,
Clóvis Beviláqua,Fundador,Theoria Geral do Direito Civil,1929,97.75,SIM,https://www.estantevirtual.com.br/busca?nsCat=Natural&q=Cl%C3%B3vis%20Bevil%C3%A1qua%20Theoria%20Geral%20do%20Direito%20Civil&searchField=titulo-autor&ano-de-publicacao=1929,,ativo,2026-09-06 12:56,2026-07-23 02:14,
Clóvis Beviláqua,Fundador,Criminologia e Direito,1896,172.50,SIM,https://www.estantevirtual.com.br/busca?nsCat=Natural&q=Cl%C3%B3vis%20Bevil%C3%A1qua%20Criminologia%20e%20Direito&searchField=titulo-autor&ano-de-publicacao=1896,,ativo,2026-09-06 12:56,2026-07-23 02:14,
Clóvis Beviláqua,Fundador,Criminologia e Direito,1896,172.50,SIM,https://www.estantevirtual.com.br/busca?nsCat=Natural&q=Cl%C3%B3vis%20Bevil%C3%A1qua%20Criminologia%20e%20Direito&searchField=titulo-autor&ano-de-publicacao=1896,,ativo,2026-09-06 12:56,2026-07-23 02:14,
Clóvis Beviláqua,Fundador,Direito das Successões,1938,74.75,SIM,https://www.estantevirtual.com.br/busca?nsCat=Natural&q=Cl%C3%B3vis%20Bevil%C3%A1qua%20Direito%20das%20Success%C3%B5es&searchField=titulo-autor&ano-de-publicacao=1938,,ativo,2026-09-06 12:56,2026-07-23 02:14,
Coelho Neto,Fundador,Rhapsodias,1911,79,SIM,https://www.estantevirtual.com.br/busca?nsCat=Natural&q=Coelho%20Neto%20Rhapsodias&searchField=titulo-autor&ano-de-publicacao=1911,,ativo,2026-09-06 12:56,2026-07-23 02:14,
Coelho Neto,Fundador,Rei Negro,1926,98,SIM,https://www.estantevirtual.com.br/busca?nsCat=Natural&q=Coelho%20Neto%20Rei%20Negro&searchField=titulo-autor&ano-de-publicacao=1926,,ativo,2026-09-06 12:56,2026-07-23 02:14,
Coelho Neto,Fundador,O Dinheiro - Bonança e o Intruso,1917,60,SIM,https://www.estantevirtual.com.br/busca?nsCat=Natural&q=Coelho%20Neto%20O%20Dinheiro%20-%20Bonan%C3%A7a%20e%20o%20Intruso&searchField=titulo-autor&ano-de-publicacao=1917,,ativo,2026-09-06 12:56,2026-07-23 02:14,
Coelho Neto,Fundador,Rei Negro - Romance Barbaro - 1ª Edição,1914,199,SIM,https://www.estantevirtual.com.br/busca?nsCat=Natural&q=Coelho%20Neto%20Rei%20Negro%20-%20Romance%20Barbaro%20-%201%C2%AA%20Edi%C3%A7%C3%A3o&searchField=titulo-autor&ano-de-publicacao=1914,,ativo,2026-09-06 12:56,2026-07-23 02:14,
Coelho Neto,Fundador,Canteiro de Saudades,1927,130,SIM,https://www.estantevirtual.com.br/busca?nsCat=Natural&q=Coelho%20Neto%20Canteiro%20de%20Saudades&searchField=titulo-autor&ano-de-publicacao=1927,,ativo,2026-09-06 12:56,2026-07-23 02:14,
Coelho Neto,Fundador,Vida Mundana,1924,50,SIM,https://www.estantevirtual.com.br/busca?nsCat=Natural&q=Coelho%20Neto%20Vida%20Mundana&searchField=titulo-autor&ano-de-publicacao=1924,,ativo,2026-09-06 12:57,2026-07-23 02:14,
Coelho Neto,Fundador,Esphinge,1920,50,SIM,https://www.estantevirtual.com.br/busca?nsCat=Natural&q=Coelho%20Neto%20Esphinge&searchField=titulo-autor&ano-de-publicacao=1920,,ativo,2026-09-06 12:57,2026-07-23 02:14,
Coelho Neto,Fundador,Esphinge,1920,50,SIM,https://www.estantevirtual.com.br/busca?nsCat=Natural&q=Coelho%20Neto%20Esphinge&searchField=titulo-autor&ano-de-publicacao=1920,,ativo,2026-09-06 12:57,2026-07-23 02:14,
Coelho Neto,Fundador,Esphinge (esfinge),1925,45,SIM,https://www.estantevirtual.com.br/busca?nsCat=Natural&q=Coelho%20Neto%20Esphinge%20(esfinge)&searchField=titulo-autor&ano-de-publicacao=1925,,ativo,2026-09-06 12:57,2026-07-23 02:14,
Coelho Neto,Fundador,O Polvo - 11451,1924,120,SIM,https://www.estantevirtual.com.br/busca?nsCat=Natural&q=Coelho%20Neto%20O%20Polvo%20-%2011451&searchField=titulo-autor&ano-de-publicacao=1924,,ativo,2026-09-06 12:57,2026-07-23 02:14,
Coelho Neto,Fundador,Mano,1928,48.60,SIM,https://www.estantevirtual.com.br/busca?nsCat=Natural&q=Coelho%20Neto%20Mano&searchField=titulo-autor&ano-de-publicacao=1928,,ativo,2026-09-06 12:57,2026-07-23 02:14,
Coelho Neto,Fundador,Mano,1939,100,SIM,https://www.estantevirtual.com.br/busca?nsCat=Natural&q=Coelho%20Neto%20Mano&searchField=titulo-autor&ano-de-publicacao=1939,,ativo,2026-09-06 12:57,2026-07-23 02:14,
Coelho Neto,Fundador,Vida Mundana,1924,58,SIM,https://www.estantevirtual.com.br/busca?nsCat=Natural&q=Coelho%20Neto%20Vida%20Mundana&searchField=titulo-autor&ano-de-publicacao=1924,,ativo,2026-09-06 12:57,2026-07-23 02:14,
Coelho Neto,Fundador,Tormenta,1924,82.50,SIM,https://www.estantevirtual.com.br/busca?nsCat=Natural&q=Coelho%20Neto%20Tormenta&searchField=titulo-autor&ano-de-publicacao=1924,,ativo,2026-09-06 12:57,2026-07-23 02:14,
Coelho Neto,Fundador,Fabulario,1907,80,SIM,https://www.estantevirtual.com.br/busca?nsCat=Natural&q=Coelho%20Neto%20Fabulario&searchField=titulo-autor&ano-de-publicacao=1907,,ativo,2026-09-06 12:57,2026-07-23 02:14,
Coelho Neto,Fundador,"Fabulario, 2ª Edição 1919",1919,85,SIM,https://www.estantevirtual.com.br/busca?nsCat=Natural&q=Coelho%20Neto%20Fabulario%2C%202%C2%AA%20Edi%C3%A7%C3%A3o%201919&searchField=titulo-autor&ano-de-publicacao=1919,,ativo,2026-09-06 12:57,2026-07-23 02:14,
Coelho Neto,Fundador,Quebranto / Nuvem (carimbo de Censura Teatral de 1935),1908,124.99,SIM,https://www.estantevirtual.com.br/busca?nsCat=Natural&q=Coelho%20Neto%20Quebranto%20%2F%20Nuvem%20(carimbo%20de%20Censura%20Teatral%20de%201935)&searchField=titulo-autor&ano-de-publicacao=1908,,ativo,2026-09-06 12:57,2026-07-23 02:14,
Coelho Neto,Fundador,Agua de juventa,1921,65,SIM,https://www.estantevirtual.com.br/busca?nsCat=Natural&q=Coelho%20Neto%20Agua%20de%20juventa&searchField=titulo-autor&ano-de-publicacao=1921,,ativo,2026-09-06 12:57,2026-07-23 02:14,
Domício da Gama,Fundador,Atlas Geral de Historia e Geographia Antiga e Moderna. 2ª Edição,1898,750,SIM,https://www.estantevirtual.com.br/livro/atlas-geral-de-historia-e-geographia-antiga-e-moderna-2-edicao-grp-RH4-7622-000?_preco=3000-10000000&tipo-de-livro=usado,,ativo,2026-09-06 12:57,2026-07-23 02:14,Sebo Brandão São Paulo
Domício da Gama,Fundador,Histórias Curtas,1901,480,SIM,https://www.estantevirtual.com.br/busca?nsCat=Natural&q=Dom%C3%ADcio%20da%20Gama%20Hist%C3%B3rias%20Curtas&searchField=titulo-autor&ano-de-publicacao=1901,,ativo,2026-09-06 12:57,2026-07-23 02:14,
Domício da Gama,Fundador,Histórias Curtas,1901,50,SIM,https://www.estantevirtual.com.br/busca?nsCat=Natural&q=Dom%C3%ADcio%20da%20Gama%20Hist%C3%B3rias%20Curtas&searchField=titulo-autor&ano-de-publicacao=1901,,ativo,2026-09-06 12:57,2026-07-23 02:14,
Domício da Gama,Fundador,Historias Curtas,1901,72,SIM,https://www.estantevirtual.com.br/busca?nsCat=Natural&q=Dom%C3%ADcio%20da%20Gama%20Historias%20Curtas&searchField=titulo-autor&ano-de-publicacao=1901,,ativo,2026-09-06 12:57,2026-07-23 02:14,
Domício da Gama,Fundador,Histórias Curtas,1901,145,SIM,https://www.estantevirtual.com.br/busca?nsCat=Natural&q=Dom%C3%ADcio%20da%20Gama%20Hist%C3%B3rias%20Curtas&searchField=titulo-autor&ano-de-publicacao=1901,,ativo,2026-09-06 12:57,2026-07-23 02:14,
Domício da Gama,Fundador,Historias Curtas,1901,300,SIM,https://www.estantevirtual.com.br/busca?nsCat=Natural&q=Dom%C3%ADcio%20da%20Gama%20Historias%20Curtas&searchField=titulo-autor&ano-de-publicacao=1901,,ativo,2026-09-06 12:58,2026-07-23 02:14,
Domício da Gama,Fundador,Historias Curtas,1901,120,SIM,https://www.estantevirtual.com.br/busca?nsCat=Natural&q=Dom%C3%ADcio%20da%20Gama%20Historias%20Curtas&searchField=titulo-autor&ano-de-publicacao=1901,,ativo,2026-09-06 12:58,2026-07-23 02:14,
Domício da Gama,Fundador,Historias Curtas,1901,120,SIM,https://www.estantevirtual.com.br/busca?nsCat=Natural&q=Dom%C3%ADcio%20da%20Gama%20Historias%20Curtas&searchField=titulo-autor&ano-de-publicacao=1901,,ativo,2026-09-06 12:58,2026-07-23 02:14,
Domício da Gama,Fundador,Atlas de Historia Antiga e Moderna,1898,700,SIM,https://www.estantevirtual.com.br/busca?nsCat=Natural&q=Dom%C3%ADcio%20da%20Gama%20Atlas%20de%20Historia%20Antiga%20e%20Moderna&searchField=titulo-autor&ano-de-publicacao=1898,,ativo,2026-09-06 12:58,2026-07-23 02:14,
Eduardo Prado,Fundador,A Ilusão Americana,1917,87.90,SIM,https://www.estantevirtual.com.br/livro/a-ilusao-americana-grp-RE7-4990-000?_preco=3000-10000000&tipo-de-livro=usado,,vendido,2026-07-30 15:07,2026-07-23 02:14,
Eduardo Prado,Fundador,Fastos da Dictadura Militar no Brasil,1902,200,SIM,https://www.estantevirtual.com.br/busca?nsCat=Natural&q=Eduardo%20Prado%20Fastos%20da%20Dictadura%20Militar%20no%20Brasil&searchField=titulo-autor&ano-de-publicacao=1902,,ativo,2026-09-06 12:58,2026-07-23 02:14,
Eduardo Prado,Fundador,Viagens,1902,400,SIM,https://www.estantevirtual.com.br/busca?nsCat=Natural&q=Eduardo%20Prado%20Viagens&searchField=titulo-autor&ano-de-publicacao=1902,,ativo,2026-09-06 12:58,2026-07-23 02:14,
Eduardo Prado,Fundador,Fastos da Dictadura Militar no Brasil,1902,100,SIM,https://www.estantevirtual.com.br/busca?nsCat=Natural&q=Eduardo%20Prado%20Fastos%20da%20Dictadura%20Militar%20no%20Brasil&searchField=titulo-autor&ano-de-publicacao=1902,,ativo,2026-09-06 12:58,2026-07-23 02:14,
Eduardo Prado,Fundador,A Illusão Americana,1917,62,SIM,https://www.estantevirtual.com.br/busca?nsCat=Natural&q=Eduardo%20Prado%20A%20Illus%C3%A3o%20Americana&searchField=titulo-autor&ano-de-publicacao=1917,,ativo,2026-09-06 12:58,2026-07-23 02:14,
Eduardo Prado,Fundador,Viagens - Volume 2 - 1° Edição,1903,122,SIM,https://www.estantevirtual.com.br/busca?nsCat=Natural&q=Eduardo%20Prado%20Viagens%20-%20Volume%202%20-%201%C2%B0%20Edi%C3%A7%C3%A3o&searchField=titulo-autor&ano-de-publicacao=1903,,ativo,2026-09-06 12:58,2026-07-23 02:14,
Eduardo Prado,Fundador,A Illusão Americana ( Encadernado ),1933,100,SIM,https://www.estantevirtual.com.br/busca?nsCat=Natural&q=Eduardo%20Prado%20A%20Illus%C3%A3o%20Americana%20(%20Encadernado%20)&searchField=titulo-autor&ano-de-publicacao=1933,,ativo,2026-09-06 12:58,2026-07-23 02:14,
Eduardo Prado,Fundador,"Viagens América, Oceania e àsia",1902,140.75,SIM,https://www.estantevirtual.com.br/busca?nsCat=Natural&q=Eduardo%20Prado%20Viagens%20Am%C3%A9rica%2C%20Oceania%20e%20%C3%A0sia&searchField=titulo-autor&ano-de-publicacao=1902,,ativo,2026-09-06 12:58,2026-07-23 02:14,
Eduardo Prado,Fundador,Fastos da Dictadura Militar no Brasil,1902,300,SIM,https://www.estantevirtual.com.br/busca?nsCat=Natural&q=Eduardo%20Prado%20Fastos%20da%20Dictadura%20Militar%20no%20Brasil&searchField=titulo-autor&ano-de-publicacao=1902,,ativo,2026-09-06 12:58,2026-07-23 02:14,
Eduardo Prado,Fundador,"Viagens: América, Oceania e Ásia - Ed. 1902",1902,63.19,SIM,https://www.estantevirtual.com.br/busca?nsCat=Natural&q=Eduardo%20Prado%20Viagens%3A%20Am%C3%A9rica%2C%20Oceania%20e%20%C3%81sia%20-%20Ed.%201902&searchField=titulo-autor&ano-de-publicacao=1902,,ativo,2026-09-06 12:58,2026-07-23 02:14,
Eduardo Prado,Fundador,A Ilusão Americana,1902,110,SIM,https://www.estantevirtual.com.br/busca?nsCat=Natural&q=Eduardo%20Prado%20A%20Ilus%C3%A3o%20Americana&searchField=titulo-autor&ano-de-publicacao=1902,,ativo,2026-09-06 12:58,2026-07-23 02:14,
Eduardo Prado,Fundador,"Viagens: América, Oceania e Ásia - 1ª Edição",1902,200,SIM,https://www.estantevirtual.com.br/busca?nsCat=Natural&q=Eduardo%20Prado%20Viagens%3A%20Am%C3%A9rica%2C%20Oceania%20e%20%C3%81sia%20-%201%C2%AA%20Edi%C3%A7%C3%A3o&searchField=titulo-autor&ano-de-publicacao=1902,,ativo,2026-09-06 12:58,2026-07-23 02:14,
Eduardo Prado,Fundador,A Ilusão Americana,1895,10000,SIM,https://www.estantevirtual.com.br/busca?nsCat=Natural&q=Eduardo%20Prado%20A%20Ilus%C3%A3o%20Americana&searchField=titulo-autor&ano-de-publicacao=1895,,ativo,2026-09-06 12:58,2026-07-23 02:14,
Eduardo Prado,Fundador,A Bandeira Nacional - 1ª Edição,1903,150,SIM,https://www.estantevirtual.com.br/busca?nsCat=Natural&q=Eduardo%20Prado%20A%20Bandeira%20Nacional%20-%201%C2%AA%20Edi%C3%A7%C3%A3o&searchField=titulo-autor&ano-de-publicacao=1903,,ativo,2026-09-06 12:58,2026-07-23 02:14,
Eduardo Prado,Fundador,A Bandeira Nacional - 1ª Edição,1903,150,SIM,https://www.estantevirtual.com.br/busca?nsCat=Natural&q=Eduardo%20Prado%20A%20Bandeira%20Nacional%20-%201%C2%AA%20Edi%C3%A7%C3%A3o&searchField=titulo-autor&ano-de-publicacao=1903,,ativo,2026-09-06 12:59,2026-07-23 02:14,
Eduardo Prado,Fundador,A Bandeira Nacional,1903,410,SIM,https://www.estantevirtual.com.br/busca?nsCat=Natural&q=Eduardo%20Prado%20A%20Bandeira%20Nacional&searchField=titulo-autor&ano-de-publicacao=1903,,ativo,2026-09-06 12:59,2026-07-23 02:14,
Eduardo Prado,Fundador,Collectaneas Volume 1,1904,120,SIM,https://www.estantevirtual.com.br/busca?nsCat=Natural&q=Eduardo%20Prado%20Collectaneas%20Volume%201&searchField=titulo-autor&ano-de-publicacao=1904,,ativo,2026-09-06 12:59,2026-07-23 02:14,
Eduardo Prado,Fundador,A Illusão Americana,1917,45,SIM,https://www.estantevirtual.com.br/busca?nsCat=Natural&q=Eduardo%20Prado%20A%20Illus%C3%A3o%20Americana&searchField=titulo-autor&ano-de-publicacao=1917,,ativo,2026-09-06 12:59,2026-07-23 02:14,
Eduardo Prado,Fundador,A Ilisão Americana,1933,99,SIM,https://www.estantevirtual.com.br/busca?nsCat=Natural&q=Eduardo%20Prado%20A%20Ilis%C3%A3o%20Americana&searchField=titulo-autor&ano-de-publicacao=1933,,ativo,2026-09-06 12:59,2026-07-23 02:14,
Eduardo Prado,Fundador,"Viagens: America, Oceania e Asia - Vol. 2",1903,100,SIM,https://www.estantevirtual.com.br/busca?nsCat=Natural&q=Eduardo%20Prado%20Viagens%3A%20America%2C%20Oceania%20e%20Asia%20-%20Vol.%202&searchField=titulo-autor&ano-de-publicacao=1903,,ativo,2026-09-06 12:59,2026-07-23 02:14,
Eduardo Prado,Fundador,Collectaneas IV (coletâneas),1906,120,SIM,https://www.estantevirtual.com.br/busca?nsCat=Natural&q=Eduardo%20Prado%20Collectaneas%20IV%20(colet%C3%A2neas)&searchField=titulo-autor&ano-de-publicacao=1906,,ativo,2026-09-06 12:59,2026-07-23 02:14,
Eduardo Prado,Fundador,Viagens -américa Oceania e Ásia,1902,150,SIM,https://www.estantevirtual.com.br/busca?nsCat=Natural&q=Eduardo%20Prado%20Viagens%20-am%C3%A9rica%20Oceania%20e%20%C3%81sia&searchField=titulo-autor&ano-de-publicacao=1902,,ativo,2026-09-06 12:59,2026-07-23 02:14,
Eduardo Prado,Fundador,Collectaneas,1906,200,SIM,https://www.estantevirtual.com.br/livro/collectaneas-grp-1B5-3918-000?_preco=3000-10000000&tipo-de-livro=usado,,vendido,2026-07-28 15:24,2026-07-23 02:14,
Eduardo Prado,Fundador,Collectaneas,1904,200,SIM,https://www.estantevirtual.com.br/busca?nsCat=Natural&q=Eduardo%20Prado%20Collectaneas&searchField=titulo-autor&ano-de-publicacao=1904,,ativo,2026-09-06 12:59,2026-07-23 02:14,
Eduardo Prado,Fundador,Collectaneas,1904,190,SIM,https://www.estantevirtual.com.br/busca?nsCat=Natural&q=Eduardo%20Prado%20Collectaneas&searchField=titulo-autor&ano-de-publicacao=1904,,ativo,2026-09-06 12:59,2026-07-23 02:14,
Eduardo Prado,Fundador,Viagens A Sicilia malta e o Egypto,1902,200,SIM,https://www.estantevirtual.com.br/busca?nsCat=Natural&q=Eduardo%20Prado%20Viagens%20A%20Sicilia%20malta%20e%20o%20Egypto&searchField=titulo-autor&ano-de-publicacao=1902,,ativo,2026-09-06 12:59,2026-07-23 02:14,
Eduardo Prado,Fundador,A Illusão Americana,1902,70,SIM,https://www.estantevirtual.com.br/busca?nsCat=Natural&q=Eduardo%20Prado%20A%20Illus%C3%A3o%20Americana&searchField=titulo-autor&ano-de-publicacao=1902,,ativo,2026-09-06 12:59,2026-07-23 02:14,
Eduardo Prado,Fundador,Viagens. America Oceania e Asia,1902,250,SIM,https://www.estantevirtual.com.br/busca?nsCat=Natural&q=Eduardo%20Prado%20Viagens.%20America%20Oceania%20e%20Asia&searchField=titulo-autor&ano-de-publicacao=1902,,ativo,2026-09-06 12:59,2026-07-23 02:14,
Eduardo Prado,Fundador,A Illusão Americana,1917,50,SIM,https://www.estantevirtual.com.br/busca?nsCat=Natural&q=Eduardo%20Prado%20A%20Illus%C3%A3o%20Americana&searchField=titulo-autor&ano-de-publicacao=1917,,ativo,2026-09-06 12:59,2026-07-23 02:14,
Eduardo Prado,Fundador,Viagens.,1902,250,SIM,https://www.estantevirtual.com.br/busca?nsCat=Natural&q=Eduardo%20Prado%20Viagens.&searchField=titulo-autor&ano-de-publicacao=1902,,ativo,2026-09-06 12:59,2026-07-23 02:14,
Eduardo Prado,Fundador,Fatos da Dictadura Militar no Brasil,1902,250,SIM,https://www.estantevirtual.com.br/busca?nsCat=Natural&q=Eduardo%20Prado%20Fatos%20da%20Dictadura%20Militar%20no%20Brasil&searchField=titulo-autor&ano-de-publicacao=1902,,ativo,2026-09-06 12:59,2026-07-23 02:14,
Eduardo Prado,Fundador,A Illusão Americana. Prefácio Augusto Frederico Smith. Nova Edição,1933,57.50,SIM,https://www.estantevirtual.com.br/busca?nsCat=Natural&q=Eduardo%20Prado%20A%20Illus%C3%A3o%20Americana.%20Pref%C3%A1cio%20Augusto%20Frederico%20Smith.%20Nova%20Edi%C3%A7%C3%A3o&searchField=titulo-autor&ano-de-publicacao=1933,,ativo,2026-09-06 12:59,2026-07-23 02:14,
Eduardo Prado,Fundador,Viagens. America Oceania e ásia,1902,212.75,SIM,https://www.estantevirtual.com.br/busca?nsCat=Natural&q=Eduardo%20Prado%20Viagens.%20America%20Oceania%20e%20%C3%A1sia&searchField=titulo-autor&ano-de-publicacao=1902,,ativo,2026-09-06 13:00,2026-07-23 02:14,
Eduardo Prado,Fundador,Viagens. America Oceania e ásia,1902,212.75,SIM,https://www.estantevirtual.com.br/busca?nsCat=Natural&q=Eduardo%20Prado%20Viagens.%20America%20Oceania%20e%20%C3%A1sia&searchField=titulo-autor&ano-de-publicacao=1902,,ativo,2026-09-06 13:00,2026-07-23 02:14,
Eduardo Prado,Fundador,Collectaneas. 3 Volumes,1904,250,SIM,https://www.estantevirtual.com.br/busca?nsCat=Natural&q=Eduardo%20Prado%20Collectaneas.%203%20Volumes&searchField=titulo-autor&ano-de-publicacao=1904,,ativo,2026-09-06 13:00,2026-07-23 02:14,
Eduardo Prado,Fundador,A Illusão Americana,1933,57.50,SIM,https://www.estantevirtual.com.br/busca?nsCat=Natural&q=Eduardo%20Prado%20A%20Illus%C3%A3o%20Americana&searchField=titulo-autor&ano-de-publicacao=1933,,ativo,2026-09-06 13:00,2026-07-23 02:14,
Eduardo Prado,Fundador,Collectaneas V.01 - Reencadernado,1904,145,SIM,https://www.estantevirtual.com.br/busca?nsCat=Natural&q=Eduardo%20Prado%20Collectaneas%20V.01%20-%20Reencadernado&searchField=titulo-autor&ano-de-publicacao=1904,,ativo,2026-09-06 13:00,2026-07-23 02:14,
Filinto de Almeida,Fundador,Lyrica - Lírica - 1ª Edição,1887,175,SIM,https://www.estantevirtual.com.br/livro/lyrica-lirica-1-edicao-grp-22N-3723-000?_preco=3000-10000000&tipo-de-livro=usado,,ativo,2026-09-06 13:00,2026-07-23 02:14,O Buquineiro
Filinto de Almeida,Fundador,Lyrica,1887,150,SIM,https://www.estantevirtual.com.br/livro/lyrica-grp-183-7111-000?_preco=3000-10000000&tipo-de-livro=usado,,vendido,2026-09-03 13:55,2026-07-23 02:14,Livraria Virtual Incunábulo
Garcia Redondo,Fundador,Atravez da Europa,1907,30,SIM,https://www.estantevirtual.com.br/livro/atravez-da-europa-grp-RLJ-7319-000?_preco=3000-10000000&tipo-de-livro=usado,,ativo,2026-09-06 13:00,2026-07-23 02:14,Casa Sebo da Cris
Garcia Redondo,Fundador,Atravez da Europa,1908,120,SIM,https://www.estantevirtual.com.br/livro/atravez-da-europa-grp-QNY-1346-000?_preco=3000-10000000&tipo-de-livro=usado,,ativo,2026-09-06 13:00,2026-07-23 02:14,Livraria Virtual Incunábulo
Garcia Redondo,Fundador,Salada de Fructas,1907,60,SIM,https://www.estantevirtual.com.br/livro/salada-de-fructas-grp-QNY-1207-000?_preco=3000-10000000&tipo-de-livro=usado,,ativo,2026-09-06 13:00,2026-07-23 02:14,Livraria Virtual Incunábulo
Garcia Redondo,Fundador,Cara alegre,1912,45.50,SIM,https://www.estantevirtual.com.br/busca?nsCat=Natural&q=Garcia%20Redondo%20Cara%20alegre&searchField=titulo-autor&ano-de-publicacao=1912,,ativo,2026-09-06 13:00,2026-07-23 02:14,
Garcia Redondo,Fundador,Conferências,1910,36,SIM,https://www.estantevirtual.com.br/busca?nsCat=Natural&q=Garcia%20Redondo%20Confer%C3%AAncias&searchField=titulo-autor&ano-de-publicacao=1910,,ativo,2026-09-06 13:00,2026-07-23 02:14,
Garcia Redondo,Fundador,Cara alegre,1912,45.50,SIM,https://www.estantevirtual.com.br/busca?nsCat=Natural&q=Garcia%20Redondo%20Cara%20alegre&searchField=titulo-autor&ano-de-publicacao=1912,,ativo,2026-09-06 13:00,2026-07-23 02:14,
Garcia Redondo,Fundador,Caricias,1911,45,SIM,https://www.estantevirtual.com.br/busca?nsCat=Natural&q=Garcia%20Redondo%20Caricias&searchField=titulo-autor&ano-de-publicacao=1911,,ativo,2026-09-06 13:00,2026-07-23 02:14,
Garcia Redondo,Fundador,Caricias Viagens pelo Paiz da Ternura Botanica Amorosa,1936,35,SIM,https://www.estantevirtual.com.br/busca?nsCat=Natural&q=Garcia%20Redondo%20Caricias%20Viagens%20pelo%20Paiz%20da%20Ternura%20Botanica%20Amorosa&searchField=titulo-autor&ano-de-publicacao=1936,,ativo,2026-09-06 13:00,2026-07-23 02:14,
Garcia Redondo,Fundador,Salada de Fructas,1907,40,SIM,https://www.estantevirtual.com.br/busca?nsCat=Natural&q=Garcia%20Redondo%20Salada%20de%20Fructas&searchField=titulo-autor&ano-de-publicacao=1907,,ativo,2026-09-06 13:00,2026-07-23 02:14,
Garcia Redondo,Fundador,Caricias Viagens pelo Paiz da Ternura - 16342,1911,30,SIM,https://www.estantevirtual.com.br/busca?nsCat=Natural&q=Garcia%20Redondo%20Caricias%20Viagens%20pelo%20Paiz%20da%20Ternura%20-%2016342&searchField=titulo-autor&ano-de-publicacao=1911,,ativo,2026-09-06 13:00,2026-07-23 02:14,
Garcia Redondo,Fundador,Conferencias,1910,33,SIM,https://www.estantevirtual.com.br/busca?nsCat=Natural&q=Garcia%20Redondo%20Conferencias&searchField=titulo-autor&ano-de-publicacao=1910,,ativo,2026-09-06 13:00,2026-07-23 02:14,
Garcia Redondo,Fundador,Conferencias,1910,45,SIM,https://www.estantevirtual.com.br/busca?nsCat=Natural&q=Garcia%20Redondo%20Conferencias&searchField=titulo-autor&ano-de-publicacao=1910,,ativo,2026-09-06 13:01,2026-07-23 02:14,
Garcia Redondo,Fundador,Cara Alegre,1912,85,SIM,https://www.estantevirtual.com.br/busca?nsCat=Natural&q=Garcia%20Redondo%20Cara%20Alegre&searchField=titulo-autor&ano-de-publicacao=1912,,ativo,2026-09-06 13:01,2026-07-23 02:14,
Garcia Redondo,Fundador,Conferências - 1ª Edição,1910,65,SIM,https://www.estantevirtual.com.br/busca?nsCat=Natural&q=Garcia%20Redondo%20Confer%C3%AAncias%20-%201%C2%AA%20Edi%C3%A7%C3%A3o&searchField=titulo-autor&ano-de-publicacao=1910,,ativo,2026-09-06 13:01,2026-07-23 02:14,
Garcia Redondo,Fundador,Carícias: Viagens pelo País da Ternura; Botânica Amorosa,1911,31.82,SIM,https://www.estantevirtual.com.br/busca?nsCat=Natural&q=Garcia%20Redondo%20Car%C3%ADcias%3A%20Viagens%20pelo%20Pa%C3%ADs%20da%20Ternura%3B%20Bot%C3%A2nica%20Amorosa&searchField=titulo-autor&ano-de-publicacao=1911,,ativo,2026-09-06 13:01,2026-07-23 02:14,
Garcia Redondo,Fundador,Caricias,1911,45,SIM,https://www.estantevirtual.com.br/busca?nsCat=Natural&q=Garcia%20Redondo%20Caricias&searchField=titulo-autor&ano-de-publicacao=1911,,ativo,2026-09-06 13:01,2026-07-23 02:14,
Garcia Redondo,Fundador,Salada de Fructas,1907,35,SIM,https://www.estantevirtual.com.br/busca?nsCat=Natural&q=Garcia%20Redondo%20Salada%20de%20Fructas&searchField=titulo-autor&ano-de-publicacao=1907,,ativo,2026-09-06 13:01,2026-07-23 02:14,
Garcia Redondo,Fundador,Conferencias,1910,59,SIM,https://www.estantevirtual.com.br/busca?nsCat=Natural&q=Garcia%20Redondo%20Conferencias&searchField=titulo-autor&ano-de-publicacao=1910,,ativo,2026-09-06 13:01,2026-07-23 02:14,
Garcia Redondo,Fundador,Cara Alegre - Paginas Humoristicas,1912,34,SIM,https://www.estantevirtual.com.br/busca?nsCat=Natural&q=Garcia%20Redondo%20Cara%20Alegre%20-%20Paginas%20Humoristicas&searchField=titulo-autor&ano-de-publicacao=1912,,ativo,2026-09-06 13:01,2026-07-23 02:14,
Garcia Redondo,Fundador,"Carícias , Viagens pelo País da Ternura; Botânica Amorosa",1911,80,SIM,https://www.estantevirtual.com.br/busca?nsCat=Natural&q=Garcia%20Redondo%20Car%C3%ADcias%20%2C%20Viagens%20pelo%20Pa%C3%ADs%20da%20Ternura%3B%20Bot%C3%A2nica%20Amorosa&searchField=titulo-autor&ano-de-publicacao=1911,,ativo,2026-09-06 13:01,2026-07-23 02:14,
Garcia Redondo,Fundador,Caricias,1911,89,SIM,https://www.estantevirtual.com.br/busca?nsCat=Natural&q=Garcia%20Redondo%20Caricias&searchField=titulo-autor&ano-de-publicacao=1911,,ativo,2026-09-06 13:01,2026-07-23 02:14,
Garcia Redondo,Fundador,A Mulher/ Manias e Cacoêtas/ a Inteligência dos Animaes e das Plantas,1910,88,SIM,https://www.estantevirtual.com.br/busca?nsCat=Natural&q=Garcia%20Redondo%20A%20Mulher%2F%20Manias%20e%20Caco%C3%AAtas%2F%20a%20Intelig%C3%AAncia%20dos%20Animaes%20e%20das%20Plantas&searchField=titulo-autor&ano-de-publicacao=1910,,ativo,2026-09-06 13:01,2026-07-23 02:14,
Garcia Redondo,Fundador,Caricias,1911,42,SIM,https://www.estantevirtual.com.br/busca?nsCat=Natural&q=Garcia%20Redondo%20Caricias&searchField=titulo-autor&ano-de-publicacao=1911,,ativo,2026-09-06 13:01,2026-07-23 02:14,
Garcia Redondo,Fundador,Salada de Frutas,1907,50,SIM,https://www.estantevirtual.com.br/busca?nsCat=Natural&q=Garcia%20Redondo%20Salada%20de%20Frutas&searchField=titulo-autor&ano-de-publicacao=1907,,ativo,2026-09-06 13:01,2026-07-23 02:14,
Garcia Redondo,Fundador,Conferencias,1910,36.70,SIM,https://www.estantevirtual.com.br/busca?nsCat=Natural&q=Garcia%20Redondo%20Conferencias&searchField=titulo-autor&ano-de-publicacao=1910,,ativo,2026-09-06 13:01,2026-07-23 02:14,
Garcia Redondo,Fundador,Caricias - 3 Edição,1911,130,SIM,https://www.estantevirtual.com.br/busca?nsCat=Natural&q=Garcia%20Redondo%20Caricias%20-%203%20Edi%C3%A7%C3%A3o&searchField=titulo-autor&ano-de-publicacao=1911,,ativo,2026-09-06 13:01,2026-07-23 02:14,
Garcia Redondo,Fundador,Salada de Fructas,1907,50,SIM,https://www.estantevirtual.com.br/busca?nsCat=Natural&q=Garcia%20Redondo%20Salada%20de%20Fructas&searchField=titulo-autor&ano-de-publicacao=1907,,ativo,2026-09-06 13:01,2026-07-23 02:14,
Garcia Redondo,Fundador,A Primeira Concessão de Estrada de Ferro Dada no Brasil,1901,280,SIM,https://www.estantevirtual.com.br/busca?nsCat=Natural&q=Garcia%20Redondo%20A%20Primeira%20Concess%C3%A3o%20de%20Estrada%20de%20Ferro%20Dada%20no%20Brasil&searchField=titulo-autor&ano-de-publicacao=1901,,ativo,2026-09-06 13:01,2026-07-23 02:14,
Garcia Redondo,Fundador,Caricias,1911,70,SIM,https://www.estantevirtual.com.br/busca?nsCat=Natural&q=Garcia%20Redondo%20Caricias&searchField=titulo-autor&ano-de-publicacao=1911,,ativo,2026-09-06 13:01,2026-07-23 02:14,
Garcia Redondo,Fundador,Cara alegre,1912,50,SIM,https://www.estantevirtual.com.br/busca?nsCat=Natural&q=Garcia%20Redondo%20Cara%20alegre&searchField=titulo-autor&ano-de-publicacao=1912,,ativo,2026-09-06 13:01,2026-07-23 02:14,
Garcia Redondo,Fundador,Conferências,1910,50,SIM,https://www.estantevirtual.com.br/busca?nsCat=Natural&q=Garcia%20Redondo%20Confer%C3%AAncias&searchField=titulo-autor&ano-de-publicacao=1910,,ativo,2026-09-06 13:02,2026-07-23 02:14,
Garcia Redondo,Fundador,Caricias,1911,180,SIM,https://www.estantevirtual.com.br/busca?nsCat=Natural&q=Garcia%20Redondo%20Caricias&searchField=titulo-autor&ano-de-publicacao=1911,,ativo,2026-09-06 13:02,2026-07-23 02:14,
Garcia Redondo,Fundador,Atravez da Europa,1908,50,SIM,https://www.estantevirtual.com.br/busca?nsCat=Natural&q=Garcia%20Redondo%20Atravez%20da%20Europa&searchField=titulo-autor&ano-de-publicacao=1908,,ativo,2026-09-06 13:02,2026-07-23 02:14,
Graça Aranha,Fundador,Chanaan - Canaã - 1ª Edição,1901,980,SIM,https://www.estantevirtual.com.br/livro/chanaan-canaa-1-edicao-grp-RLH-5892-000?_preco=3000-10000000&tipo-de-livro=usado,,ativo,2026-09-06 13:02,2026-07-23 02:14,O Buquineiro
Graça Aranha,Fundador,Chanaan,1930,30,SIM,https://www.estantevirtual.com.br/livro/chanaan-grp-RH5-7824-000?_preco=3000-10000000&tipo-de-livro=usado,,ativo,2026-09-06 13:02,2026-07-23 02:14,Segunda Mão Livros Usados 2
Graça Aranha,Fundador,Chanaan,1939,45.50,SIM,https://www.estantevirtual.com.br/busca?nsCat=Natural&q=Gra%C3%A7a%20Aranha%20Chanaan&searchField=titulo-autor&ano-de-publicacao=1939,,ativo,2026-09-06 13:02,2026-07-23 02:14,
Graça Aranha,Fundador,Chanaan,1926,56,SIM,https://www.estantevirtual.com.br/busca?nsCat=Natural&q=Gra%C3%A7a%20Aranha%20Chanaan&searchField=titulo-autor&ano-de-publicacao=1926,,ativo,2026-09-06 13:02,2026-07-23 02:14,
Graça Aranha,Fundador,A Viagem Maravilhosa,1930,68.50,SIM,https://www.estantevirtual.com.br/busca?nsCat=Natural&q=Gra%C3%A7a%20Aranha%20A%20Viagem%20Maravilhosa&searchField=titulo-autor&ano-de-publicacao=1930,,ativo,2026-09-06 13:02,2026-07-23 02:14,
Graça Aranha,Fundador,O meu proprio romance,1931,45.50,SIM,https://www.estantevirtual.com.br/busca?nsCat=Natural&q=Gra%C3%A7a%20Aranha%20O%20meu%20proprio%20romance&searchField=titulo-autor&ano-de-publicacao=1931,,ativo,2026-09-06 13:02,2026-07-23 02:14,
Graça Aranha,Fundador,Chanaan,1922,56,SIM,https://www.estantevirtual.com.br/busca?nsCat=Natural&q=Gra%C3%A7a%20Aranha%20Chanaan&searchField=titulo-autor&ano-de-publicacao=1922,,ativo,2026-09-06 13:02,2026-07-23 02:14,
Graça Aranha,Fundador,Machado de Assis e Joaquim Nabuco - (original de 1923),1923,847,SIM,https://www.estantevirtual.com.br/busca?nsCat=Natural&q=Gra%C3%A7a%20Aranha%20Machado%20de%20Assis%20e%20Joaquim%20Nabuco%20-%20(original%20de%201923)&searchField=titulo-autor&ano-de-publicacao=1923,,ativo,2026-09-06 13:02,2026-07-23 02:14,
Graça Aranha,Fundador,A Viagem Maravilhosa,1930,40,SIM,https://www.estantevirtual.com.br/busca?nsCat=Natural&q=Gra%C3%A7a%20Aranha%20A%20Viagem%20Maravilhosa&searchField=titulo-autor&ano-de-publicacao=1930,,ativo,2026-09-06 13:02,2026-07-23 02:14,
Graça Aranha,Fundador,A Esthetica da Vida,1925,54,SIM,https://www.estantevirtual.com.br/livro/a-esthetica-da-vida-grp-N79-6132-000?_preco=3000-10000000&tipo-de-livro=usado,,ativo,2026-09-06 13:02,2026-07-23 02:14,Casa da Cultura
Graça Aranha,Fundador,Chanaan,1930,39,SIM,https://www.estantevirtual.com.br/livro/chanaan-grp-MG6-3475-000?_preco=3000-10000000&tipo-de-livro=usado,,ativo,2026-09-06 13:02,2026-07-23 02:14,Academia do Saber Constituição
Graça Aranha,Fundador,A Viagem Maravilhosa,1929,68,SIM,https://www.estantevirtual.com.br/busca?nsCat=Natural&q=Gra%C3%A7a%20Aranha%20A%20Viagem%20Maravilhosa&searchField=titulo-autor&ano-de-publicacao=1929,,ativo,2026-09-06 13:02,2026-07-23 02:14,
Graça Aranha,Fundador,Machado de Assis e Joaquim Nabuco,1923,42.50,SIM,https://www.estantevirtual.com.br/busca?nsCat=Natural&q=Gra%C3%A7a%20Aranha%20Machado%20de%20Assis%20e%20Joaquim%20Nabuco&searchField=titulo-autor&ano-de-publicacao=1923,,ativo,2026-09-06 13:02,2026-07-23 02:14,
Graça Aranha,Fundador,Malazarte - 1ª Edição,1911,850,SIM,https://www.estantevirtual.com.br/busca?nsCat=Natural&q=Gra%C3%A7a%20Aranha%20Malazarte%20-%201%C2%AA%20Edi%C3%A7%C3%A3o&searchField=titulo-autor&ano-de-publicacao=1911,,ativo,2026-09-06 13:02,2026-07-23 02:14,
Graça Aranha,Fundador,Chanaan,1926,125,SIM,https://www.estantevirtual.com.br/busca?nsCat=Natural&q=Gra%C3%A7a%20Aranha%20Chanaan&searchField=titulo-autor&ano-de-publicacao=1926,,ativo,2026-09-06 13:02,2026-07-23 02:14,
Graça Aranha,Fundador,Chanaan,1918,50.99,SIM,https://www.estantevirtual.com.br/busca?nsCat=Natural&q=Gra%C3%A7a%20Aranha%20Chanaan&searchField=titulo-autor&ano-de-publicacao=1918,,ativo,2026-09-06 13:03,2026-07-23 02:14,
Graça Aranha,Fundador,Espírito Moderno,1932,150,SIM,https://www.estantevirtual.com.br/busca?nsCat=Natural&q=Gra%C3%A7a%20Aranha%20Esp%C3%ADrito%20Moderno&searchField=titulo-autor&ano-de-publicacao=1932,,ativo,2026-09-06 13:03,2026-07-23 02:14,
Graça Aranha,Fundador,A Viagem Maravilhosa (atenção a Descrição) - 16094,1929,44,SIM,https://www.estantevirtual.com.br/busca?nsCat=Natural&q=Gra%C3%A7a%20Aranha%20A%20Viagem%20Maravilhosa%20(aten%C3%A7%C3%A3o%20a%20Descri%C3%A7%C3%A3o)%20-%2016094&searchField=titulo-autor&ano-de-publicacao=1929,,ativo,2026-09-06 13:03,2026-07-23 02:14,
Graça Aranha,Fundador,Chanaan - Collecção dos Autores Celebres,1926,41.80,SIM,https://www.estantevirtual.com.br/busca?nsCat=Natural&q=Gra%C3%A7a%20Aranha%20Chanaan%20-%20Collec%C3%A7%C3%A3o%20dos%20Autores%20Celebres&searchField=titulo-autor&ano-de-publicacao=1926,,ativo,2026-09-06 13:03,2026-07-23 02:14,
Graça Aranha,Fundador,Chanaan,1926,40,SIM,https://www.estantevirtual.com.br/busca?nsCat=Natural&q=Gra%C3%A7a%20Aranha%20Chanaan&searchField=titulo-autor&ano-de-publicacao=1926,,ativo,2026-09-06 13:03,2026-07-23 02:14,
Graça Aranha,Fundador,A Viagem Maravilhosa - Graça Aranha - 1a Edição (usado),1929,120,SIM,https://www.estantevirtual.com.br/busca?nsCat=Natural&q=Gra%C3%A7a%20Aranha%20A%20Viagem%20Maravilhosa%20-%20Gra%C3%A7a%20Aranha%20-%201a%20Edi%C3%A7%C3%A3o%20(usado)&searchField=titulo-autor&ano-de-publicacao=1929,,ativo,2026-09-06 13:03,2026-07-23 02:14,
Graça Aranha,Fundador,A Viagem Maravilhosa,1929,75,SIM,https://www.estantevirtual.com.br/busca?nsCat=Natural&q=Gra%C3%A7a%20Aranha%20A%20Viagem%20Maravilhosa&searchField=titulo-autor&ano-de-publicacao=1929,,ativo,2026-09-06 13:03,2026-07-23 02:14,
Graça Aranha,Fundador,Chanaan - Oitava Edição Revista,1926,200,SIM,https://www.estantevirtual.com.br/busca?nsCat=Natural&q=Gra%C3%A7a%20Aranha%20Chanaan%20-%20Oitava%20Edi%C3%A7%C3%A3o%20Revista&searchField=titulo-autor&ano-de-publicacao=1926,,ativo,2026-09-06 13:03,2026-07-23 02:14,
Graça Aranha,Fundador,Chanaan,1926,30,SIM,https://www.estantevirtual.com.br/busca?nsCat=Natural&q=Gra%C3%A7a%20Aranha%20Chanaan&searchField=titulo-autor&ano-de-publicacao=1926,,ativo,2026-09-06 13:03,2026-07-23 02:14,
Graça Aranha,Fundador,Chanaan - Ano 1922,1922,250,SIM,https://www.estantevirtual.com.br/busca?nsCat=Natural&q=Gra%C3%A7a%20Aranha%20Chanaan%20-%20Ano%201922&searchField=titulo-autor&ano-de-publicacao=1922,,ativo,2026-09-06 13:03,2026-07-23 02:14,
Graça Aranha,Fundador,O Meu Próprio Romance + Com Assinatura do Autor,1931,100,SIM,https://www.estantevirtual.com.br/busca?nsCat=Natural&q=Gra%C3%A7a%20Aranha%20O%20Meu%20Pr%C3%B3prio%20Romance%20%2B%20Com%20Assinatura%20do%20Autor&searchField=titulo-autor&ano-de-publicacao=1931,,ativo,2026-09-06 13:03,2026-07-23 02:14,
Graça Aranha,Fundador,A Viagem Maravilhosa,1929,149.90,SIM,https://www.estantevirtual.com.br/livro/a-viagem-maravilhosa-grp-1YC-2027-000?_preco=3000-10000000&tipo-de-livro=usado,,ativo,2026-09-06 13:03,2026-07-23 02:14,Sebo Livraria Prazer de Ler
Graça Aranha,Fundador,Collecção dos Autores Celebres - Chanaan,1926,80,SIM,https://www.estantevirtual.com.br/livro/colleccao-dos-autores-celebres-chanaan-grp-1WW-6191-000?_preco=3000-10000000&tipo-de-livro=usado,,ativo,2026-09-06 13:03,2026-07-23 02:14,Alfarrabio das Aguas
Graça Aranha,Fundador,Machado de Assis e Joaquim Nabuco,1923,50,SIM,https://www.estantevirtual.com.br/busca?nsCat=Natural&q=Gra%C3%A7a%20Aranha%20Machado%20de%20Assis%20e%20Joaquim%20Nabuco&searchField=titulo-autor&ano-de-publicacao=1923,,ativo,2026-09-06 13:03,2026-07-23 02:14,
Graça Aranha,Fundador,O Meu Próprio Romance,1931,60,SIM,https://www.estantevirtual.com.br/busca?nsCat=Natural&q=Gra%C3%A7a%20Aranha%20O%20Meu%20Pr%C3%B3prio%20Romance&searchField=titulo-autor&ano-de-publicacao=1931,,ativo,2026-09-06 13:03,2026-07-23 02:14,
Graça Aranha,Fundador,A Viagem Maravilhosa,1929,80,SIM,https://www.estantevirtual.com.br/busca?nsCat=Natural&q=Gra%C3%A7a%20Aranha%20A%20Viagem%20Maravilhosa&searchField=titulo-autor&ano-de-publicacao=1929,,ativo,2026-09-06 13:03,2026-07-23 02:14,
Graça Aranha,Fundador,A Viagem Maravilhosa 1 ª Edição,1929,45,SIM,https://www.estantevirtual.com.br/busca?nsCat=Natural&q=Gra%C3%A7a%20Aranha%20A%20Viagem%20Maravilhosa%201%20%C2%AA%20Edi%C3%A7%C3%A3o&searchField=titulo-autor&ano-de-publicacao=1929,,ativo,2026-09-06 13:03,2026-07-23 02:14,
Graça Aranha,Fundador,A Viagem Maravilhosa,1929,100,SIM,https://www.estantevirtual.com.br/busca?nsCat=Natural&q=Gra%C3%A7a%20Aranha%20A%20Viagem%20Maravilhosa&searchField=titulo-autor&ano-de-publicacao=1929,,ativo,2026-09-06 13:04,2026-07-23 02:14,
Graça Aranha,Fundador,A Viagem Maravilhosa,1929,42,SIM,https://www.estantevirtual.com.br/busca?nsCat=Natural&q=Gra%C3%A7a%20Aranha%20A%20Viagem%20Maravilhosa&searchField=titulo-autor&ano-de-publicacao=1929,,ativo,2026-09-06 13:04,2026-07-23 02:14,
Graça Aranha,Fundador,Machado de Assis & Joaquim Nabuco,1923,42,SIM,https://www.estantevirtual.com.br/busca?nsCat=Natural&q=Gra%C3%A7a%20Aranha%20Machado%20de%20Assis%20%26%20Joaquim%20Nabuco&searchField=titulo-autor&ano-de-publicacao=1923,,ativo,2026-09-06 13:04,2026-07-23 02:14,
Graça Aranha,Fundador,A Viagem Maravilhosa,1929,41,SIM,https://www.estantevirtual.com.br/busca?nsCat=Natural&q=Gra%C3%A7a%20Aranha%20A%20Viagem%20Maravilhosa&searchField=titulo-autor&ano-de-publicacao=1929,,ativo,2026-09-06 13:04,2026-07-23 02:14,
Graça Aranha,Fundador,Machado de Assis e Joaquim Nabuco - (original de 1923),1923,770,SIM,https://www.estantevirtual.com.br/busca?nsCat=Natural&q=Gra%C3%A7a%20Aranha%20Machado%20de%20Assis%20e%20Joaquim%20Nabuco%20-%20(original%20de%201923)&searchField=titulo-autor&ano-de-publicacao=1923,,ativo,2026-09-06 13:04,2026-07-23 02:14,
Graça Aranha,Fundador,Chanaan ( 8. Edição Revista ),1926,50,SIM,https://www.estantevirtual.com.br/busca?nsCat=Natural&q=Gra%C3%A7a%20Aranha%20Chanaan%20(%208.%20Edi%C3%A7%C3%A3o%20Revista%20)&searchField=titulo-autor&ano-de-publicacao=1926,,ativo,2026-09-06 13:04,2026-07-23 02:14,
Graça Aranha,Fundador,A Viagem Maravilhosa,1930,50,SIM,https://www.estantevirtual.com.br/busca?nsCat=Natural&q=Gra%C3%A7a%20Aranha%20A%20Viagem%20Maravilhosa&searchField=titulo-autor&ano-de-publicacao=1930,,ativo,2026-09-06 13:04,2026-07-23 02:14,
Graça Aranha,Fundador,Machado de Assis e Joaquim Nabuco,1923,60,SIM,https://www.estantevirtual.com.br/busca?nsCat=Natural&q=Gra%C3%A7a%20Aranha%20Machado%20de%20Assis%20e%20Joaquim%20Nabuco&searchField=titulo-autor&ano-de-publicacao=1923,,ativo,2026-09-06 13:04,2026-07-23 02:14,
Graça Aranha,Fundador,A Viagem Maravilhosa - 1 Edição,1929,390,SIM,https://www.estantevirtual.com.br/busca?nsCat=Natural&q=Gra%C3%A7a%20Aranha%20A%20Viagem%20Maravilhosa%20-%201%20Edi%C3%A7%C3%A3o&searchField=titulo-autor&ano-de-publicacao=1929,,ativo,2026-09-06 13:04,2026-07-23 02:14,
Graça Aranha,Fundador,A Viagem Maravilhos - 2 Edição,1930,110,SIM,https://www.estantevirtual.com.br/busca?nsCat=Natural&q=Gra%C3%A7a%20Aranha%20A%20Viagem%20Maravilhos%20-%202%20Edi%C3%A7%C3%A3o&searchField=titulo-autor&ano-de-publicacao=1930,,ativo,2026-09-06 13:04,2026-07-23 02:14,
Graça Aranha,Fundador,O Meu Proprio Romance,1931,140,SIM,https://www.estantevirtual.com.br/busca?nsCat=Natural&q=Gra%C3%A7a%20Aranha%20O%20Meu%20Proprio%20Romance&searchField=titulo-autor&ano-de-publicacao=1931,,ativo,2026-09-06 13:04,2026-07-23 02:14,
Graça Aranha,Fundador,A Viagem Maravilhosa,1929,230,SIM,https://www.estantevirtual.com.br/busca?nsCat=Natural&q=Gra%C3%A7a%20Aranha%20A%20Viagem%20Maravilhosa&searchField=titulo-autor&ano-de-publicacao=1929,,ativo,2026-09-06 13:04,2026-07-23 02:14,
Graça Aranha,Fundador,A Viagem Maravilhosa,1929,100,SIM,https://www.estantevirtual.com.br/busca?nsCat=Natural&q=Gra%C3%A7a%20Aranha%20A%20Viagem%20Maravilhosa&searchField=titulo-autor&ano-de-publicacao=1929,,ativo,2026-09-06 13:04,2026-07-23 02:14,
Graça Aranha,Fundador,Machado de Assis e Joaquim Nabuco,1923,30,SIM,https://www.estantevirtual.com.br/busca?nsCat=Natural&q=Gra%C3%A7a%20Aranha%20Machado%20de%20Assis%20e%20Joaquim%20Nabuco&searchField=titulo-autor&ano-de-publicacao=1923,,ativo,2026-09-06 13:04,2026-07-23 02:14,
Graça Aranha,Fundador,O Meu Proprio Romance,1931,150,SIM,https://www.estantevirtual.com.br/busca?nsCat=Natural&q=Gra%C3%A7a%20Aranha%20O%20Meu%20Proprio%20Romance&searchField=titulo-autor&ano-de-publicacao=1931,,ativo,2026-09-06 13:04,2026-07-23 02:14,
Graça Aranha,Fundador,A Viagem Maravilhosa,1929,200,SIM,https://www.estantevirtual.com.br/busca?nsCat=Natural&q=Gra%C3%A7a%20Aranha%20A%20Viagem%20Maravilhosa&searchField=titulo-autor&ano-de-publicacao=1929,,ativo,2026-09-06 13:04,2026-07-23 02:14,
Graça Aranha,Fundador,Chanaan 2ª Edição,1904,250,SIM,https://www.estantevirtual.com.br/busca?nsCat=Natural&q=Gra%C3%A7a%20Aranha%20Chanaan%202%C2%AA%20Edi%C3%A7%C3%A3o&searchField=titulo-autor&ano-de-publicacao=1904,,ativo,2026-09-06 13:04,2026-07-23 02:14,
Graça Aranha,Fundador,A Viagem Maravilhosa,1929,300,SIM,https://www.estantevirtual.com.br/busca?nsCat=Natural&q=Gra%C3%A7a%20Aranha%20A%20Viagem%20Maravilhosa&searchField=titulo-autor&ano-de-publicacao=1929,,ativo,2026-09-06 13:04,2026-07-23 02:14,
Graça Aranha,Fundador,Machado de Assis e Joaquim Nabuco,1923,60,SIM,https://www.estantevirtual.com.br/busca?nsCat=Natural&q=Gra%C3%A7a%20Aranha%20Machado%20de%20Assis%20e%20Joaquim%20Nabuco&searchField=titulo-autor&ano-de-publicacao=1923,,ativo,2026-09-06 13:04,2026-07-23 02:14,
Graça Aranha,Fundador,O meu próprio romance,1931,80,SIM,https://www.estantevirtual.com.br/busca?nsCat=Natural&q=Gra%C3%A7a%20Aranha%20O%20meu%20pr%C3%B3prio%20romance&searchField=titulo-autor&ano-de-publicacao=1931,,ativo,2026-09-06 13:05,2026-07-23 02:14,
Graça Aranha,Fundador,A Viagem Maravilhosa,1929,100,SIM,https://www.estantevirtual.com.br/busca?nsCat=Natural&q=Gra%C3%A7a%20Aranha%20A%20Viagem%20Maravilhosa&searchField=titulo-autor&ano-de-publicacao=1929,,ativo,2026-09-06 13:05,2026-07-23 02:14,
Graça Aranha,Fundador,Machado de Assis e Joaqui Nabuco,1923,35,SIM,https://www.estantevirtual.com.br/busca?nsCat=Natural&q=Gra%C3%A7a%20Aranha%20Machado%20de%20Assis%20e%20Joaqui%20Nabuco&searchField=titulo-autor&ano-de-publicacao=1923,,ativo,2026-09-06 13:05,2026-07-23 02:14,
Graça Aranha,Fundador,Chanaan - 8ªed.,1926,50,SIM,https://www.estantevirtual.com.br/busca?nsCat=Natural&q=Gra%C3%A7a%20Aranha%20Chanaan%20-%208%C2%AAed.&searchField=titulo-autor&ano-de-publicacao=1926,,ativo,2026-09-06 13:05,2026-07-23 02:14,
Graça Aranha,Fundador,A Viagem Maravilhosa,1929,50,SIM,https://www.estantevirtual.com.br/busca?nsCat=Natural&q=Gra%C3%A7a%20Aranha%20A%20Viagem%20Maravilhosa&searchField=titulo-autor&ano-de-publicacao=1929,,ativo,2026-09-06 13:05,2026-07-23 02:14,
Graça Aranha,Fundador,Chanaan - 3ªed.,1904,80,SIM,https://www.estantevirtual.com.br/busca?nsCat=Natural&q=Gra%C3%A7a%20Aranha%20Chanaan%20-%203%C2%AAed.&searchField=titulo-autor&ano-de-publicacao=1904,,ativo,2026-09-06 13:05,2026-07-23 02:14,
Graça Aranha,Fundador,O Meu Propio Romance,1931,40,SIM,https://www.estantevirtual.com.br/busca?nsCat=Natural&q=Gra%C3%A7a%20Aranha%20O%20Meu%20Propio%20Romance&searchField=titulo-autor&ano-de-publicacao=1931,,ativo,2026-09-06 13:05,2026-07-23 02:14,
Graça Aranha,Fundador,O Meu Propio Romance,1931,40,SIM,https://www.estantevirtual.com.br/busca?nsCat=Natural&q=Gra%C3%A7a%20Aranha%20O%20Meu%20Propio%20Romance&searchField=titulo-autor&ano-de-publicacao=1931,,ativo,2026-09-06 13:05,2026-07-23 02:14,
Graça Aranha,Fundador,Machado de Assis e Joaquim Nabuco,1923,57.50,SIM,https://www.estantevirtual.com.br/busca?nsCat=Natural&q=Gra%C3%A7a%20Aranha%20Machado%20de%20Assis%20e%20Joaquim%20Nabuco&searchField=titulo-autor&ano-de-publicacao=1923,,ativo,2026-09-06 13:05,2026-07-23 02:14,
Graça Aranha,Fundador,Espirito Moderno,1925,299,SIM,https://www.estantevirtual.com.br/busca?nsCat=Natural&q=Gra%C3%A7a%20Aranha%20Espirito%20Moderno&searchField=titulo-autor&ano-de-publicacao=1925,,ativo,2026-09-06 13:05,2026-07-23 02:14,
Graça Aranha,Fundador,a viagem maravilhosa,1929,45,SIM,https://www.estantevirtual.com.br/busca?nsCat=Natural&q=Gra%C3%A7a%20Aranha%20a%20viagem%20maravilhosa&searchField=titulo-autor&ano-de-publicacao=1929,,ativo,2026-09-06 13:05,2026-07-23 02:14,
Guimarães Passos,Fundador,Versos de um Simples - 1ª Edição,1891,300,SIM,https://www.estantevirtual.com.br/livro/versos-de-um-simples-1-edicao-grp-76N-7579-000?_preco=3000-10000000&tipo-de-livro=usado,,ativo,2026-09-06 13:05,2026-07-23 02:14,O Buquineiro
Guimarães Passos,Fundador,Versos de um Simples,1891,380,SIM,https://www.estantevirtual.com.br/livro/versos-de-um-simples-grp-180-1366-000?_preco=3000-10000000&tipo-de-livro=usado,,ativo,2026-09-06 13:05,2026-07-23 02:14,Livraria Virtual Incunábulo
Guimarães Passos,Fundador,Versos de um simples,1891,200,SIM,https://www.estantevirtual.com.br/livro/versos-de-um-simples-grp-17Z-7707-000?_preco=3000-10000000&tipo-de-livro=usado,,ativo,2026-09-06 13:05,2026-07-23 02:14,Livraria Virtual Incunábulo
J. M. Pereira da Silva,Fundador,Filinto Elysio e Sua Época,1891,100,SIM,https://www.estantevirtual.com.br/livro/filinto-elysio-e-sua-epoca-grp-R5Z-7121-000?_preco=3000-10000000&tipo-de-livro=usado,,ativo,2026-09-06 13:05,2026-07-23 02:14,Sebo Rebouças
J. M. Pereira da Silva,Fundador,Os Varões Illustres do Brazil,1868,64,SIM,https://www.estantevirtual.com.br/livro/os-varoes-illustres-do-brazil-grp-QEN-9381-000?_preco=3000-10000000&tipo-de-livro=usado,,vendido,2026-08-11 11:07,2026-07-23 02:14,Jacaré Livros
J. M. Pereira da Silva,Fundador,Historia da Fundacao Imperio Brazileiro - 2 Vols (falta o Vol 3),1864,300,SIM,https://www.estantevirtual.com.br/livro/historia-da-fundacao-imperio-brazileiro-2-vols-falta-o-vol-3-grp-Q92-6442-000?_preco=3000-10000000&tipo-de-livro=usado,,vendido,2026-08-01 13:54,2026-07-23 02:14,
J. M. Pereira da Silva,Fundador,Manuel de Moraes Chronica do Seculo XVII,1866,2151,SIM,https://www.estantevirtual.com.br/busca?nsCat=Natural&q=J.%20M.%20Pereira%20da%20Silva%20Manuel%20de%20Moraes%20Chronica%20do%20Seculo%20XVII&searchField=titulo-autor&ano-de-publicacao=1866,,ativo,2026-09-06 13:05,2026-07-23 02:14,
J. M. Pereira da Silva,Fundador,Segundo Período do Reinado de Dom Pedro I no Brazil,1871,234,SIM,https://www.estantevirtual.com.br/busca?nsCat=Natural&q=J.%20M.%20Pereira%20da%20Silva%20Segundo%20Per%C3%ADodo%20do%20Reinado%20de%20Dom%20Pedro%20I%20no%20Brazil&searchField=titulo-autor&ano-de-publicacao=1871,,ativo,2026-09-06 13:05,2026-07-23 02:14,
J. M. Pereira da Silva,Fundador,Considerações Sobre Poesia Epica e Poesia Dramatica,1889,150,SIM,https://www.estantevirtual.com.br/busca?nsCat=Natural&q=J.%20M.%20Pereira%20da%20Silva%20Considera%C3%A7%C3%B5es%20Sobre%20Poesia%20Epica%20e%20Poesia%20Dramatica&searchField=titulo-autor&ano-de-publicacao=1889,,ativo,2026-09-06 13:05,2026-07-23 02:14,
J. M. Pereira da Silva,Fundador,"Nacionalidade, Língua e Literatura de Portugal e Brasil",1884,450,SIM,https://www.estantevirtual.com.br/busca?nsCat=Natural&q=J.%20M.%20Pereira%20da%20Silva%20Nacionalidade%2C%20L%C3%ADngua%20e%20Literatura%20de%20Portugal%20e%20Brasil&searchField=titulo-autor&ano-de-publicacao=1884,,ativo,2026-09-06 13:06,2026-07-23 02:14,
J. M. Pereira da Silva,Fundador,História da Fundação do Império Brasileiro - Tomo 3,1865,102,SIM,https://www.estantevirtual.com.br/busca?nsCat=Natural&q=J.%20M.%20Pereira%20da%20Silva%20Hist%C3%B3ria%20da%20Funda%C3%A7%C3%A3o%20do%20Imp%C3%A9rio%20Brasileiro%20-%20Tomo%203&searchField=titulo-autor&ano-de-publicacao=1865,,ativo,2026-09-06 13:06,2026-07-23 02:14,
J. M. Pereira da Silva,Fundador,História da Fundação do Império Brazileiro - Tomo Sétimo,1868,240,SIM,https://www.estantevirtual.com.br/busca?nsCat=Natural&q=J.%20M.%20Pereira%20da%20Silva%20Hist%C3%B3ria%20da%20Funda%C3%A7%C3%A3o%20do%20Imp%C3%A9rio%20Brazileiro%20-%20Tomo%20S%C3%A9timo&searchField=titulo-autor&ano-de-publicacao=1868,,ativo,2026-09-06 13:06,2026-07-23 02:14,
J. M. Pereira da Silva,Fundador,História da Fundação do Imperio Brazileiro 2,1877,300,SIM,https://www.estantevirtual.com.br/busca?nsCat=Natural&q=J.%20M.%20Pereira%20da%20Silva%20Hist%C3%B3ria%20da%20Funda%C3%A7%C3%A3o%20do%20Imperio%20Brazileiro%202&searchField=titulo-autor&ano-de-publicacao=1877,,ativo,2026-09-06 13:06,2026-07-23 02:14,
J. M. Pereira da Silva,Fundador,Manuel de Moraes Chronica do Seculo XVII,1866,2151,SIM,https://www.estantevirtual.com.br/busca?nsCat=Natural&q=J.%20M.%20Pereira%20da%20Silva%20Manuel%20de%20Moraes%20Chronica%20do%20Seculo%20XVII&searchField=titulo-autor&ano-de-publicacao=1866,,ativo,2026-09-06 13:06,2026-07-23 02:14,
J. M. Pereira da Silva,Fundador,Curso de História,1876,300,SIM,https://www.estantevirtual.com.br/busca?nsCat=Natural&q=J.%20M.%20Pereira%20da%20Silva%20Curso%20de%20Hist%C3%B3ria&searchField=titulo-autor&ano-de-publicacao=1876,,ativo,2026-09-06 13:06,2026-07-23 02:14,
J. M. Pereira da Silva,Fundador,História da Fundação do Império Brasileiro - Tomo 2,1865,202,SIM,https://www.estantevirtual.com.br/busca?nsCat=Natural&q=J.%20M.%20Pereira%20da%20Silva%20Hist%C3%B3ria%20da%20Funda%C3%A7%C3%A3o%20do%20Imp%C3%A9rio%20Brasileiro%20-%20Tomo%202&searchField=titulo-autor&ano-de-publicacao=1865,,ativo,2026-09-06 13:06,2026-07-23 02:14,
J. M. Pereira da Silva,Fundador,História da Fundação do Império Brasileiro - Tomo 5,1865,202,SIM,https://www.estantevirtual.com.br/busca?nsCat=Natural&q=J.%20M.%20Pereira%20da%20Silva%20Hist%C3%B3ria%20da%20Funda%C3%A7%C3%A3o%20do%20Imp%C3%A9rio%20Brasileiro%20-%20Tomo%205&searchField=titulo-autor&ano-de-publicacao=1865,,ativo,2026-09-06 13:06,2026-07-23 02:14,
J. M. Pereira da Silva,Fundador,Hannibal e Napoleão,1904,150,SIM,https://www.estantevirtual.com.br/busca?nsCat=Natural&q=J.%20M.%20Pereira%20da%20Silva%20Hannibal%20e%20Napole%C3%A3o&searchField=titulo-autor&ano-de-publicacao=1904,,ativo,2026-09-06 13:06,2026-07-23 02:14,
J. M. Pereira da Silva,Fundador,Memorias do Meu Tempo 2 Volumes,1896,680,SIM,https://www.estantevirtual.com.br/busca?nsCat=Natural&q=J.%20M.%20Pereira%20da%20Silva%20Memorias%20do%20Meu%20Tempo%202%20Volumes&searchField=titulo-autor&ano-de-publicacao=1896,,ativo,2026-09-06 13:06,2026-07-23 02:14,
J. M. Pereira da Silva,Fundador,Considerações sobre Poesia Epica e Poesia Dramatica,1889,200,SIM,https://www.estantevirtual.com.br/busca?nsCat=Natural&q=J.%20M.%20Pereira%20da%20Silva%20Considera%C3%A7%C3%B5es%20sobre%20Poesia%20Epica%20e%20Poesia%20Dramatica&searchField=titulo-autor&ano-de-publicacao=1889,,ativo,2026-09-06 13:06,2026-07-23 02:14,
J. M. Pereira da Silva,Fundador,Os Varões Illustres do Brazil Durante os Tempos Coloniáes - 2 Tomos,1858,395,SIM,https://www.estantevirtual.com.br/busca?nsCat=Natural&q=J.%20M.%20Pereira%20da%20Silva%20Os%20Var%C3%B5es%20Illustres%20do%20Brazil%20Durante%20os%20Tempos%20Coloni%C3%A1es%20-%202%20Tomos&searchField=titulo-autor&ano-de-publicacao=1858,,ativo,2026-09-06 13:06,2026-07-23 02:14,
J. M. Pereira da Silva,Fundador,História da Fundação do Império Brazileiro Tomo Primeiro,1864,250,SIM,https://www.estantevirtual.com.br/busca?nsCat=Natural&q=J.%20M.%20Pereira%20da%20Silva%20Hist%C3%B3ria%20da%20Funda%C3%A7%C3%A3o%20do%20Imp%C3%A9rio%20Brazileiro%20Tomo%20Primeiro&searchField=titulo-autor&ano-de-publicacao=1864,,ativo,2026-09-06 13:06,2026-07-23 02:14,
J. M. Pereira da Silva,Fundador,Historia da Fundação do Imperio Brazileiro 7 Volumes,1864,6250,SIM,https://www.estantevirtual.com.br/busca?nsCat=Natural&q=J.%20M.%20Pereira%20da%20Silva%20Historia%20da%20Funda%C3%A7%C3%A3o%20do%20Imperio%20Brazileiro%207%20Volumes&searchField=titulo-autor&ano-de-publicacao=1864,,ativo,2026-09-06 13:06,2026-07-23 02:14,
J. M. Pereira da Silva,Fundador,Os Varoes Illustres do Brazil Durante os Tempos Coloniaes 2vol,1858,390,SIM,https://www.estantevirtual.com.br/busca?nsCat=Natural&q=J.%20M.%20Pereira%20da%20Silva%20Os%20Varoes%20Illustres%20do%20Brazil%20Durante%20os%20Tempos%20Coloniaes%202vol&searchField=titulo-autor&ano-de-publicacao=1858,,ativo,2026-09-06 13:06,2026-07-23 02:14,
J. M. Pereira da Silva,Fundador,"Situation Sociale, Politique et Économique de L Empire Du Brésil",1865,890,SIM,https://www.estantevirtual.com.br/busca?nsCat=Natural&q=J.%20M.%20Pereira%20da%20Silva%20Situation%20Sociale%2C%20Politique%20et%20%C3%89conomique%20de%20L%20Empire%20Du%20Br%C3%A9sil&searchField=titulo-autor&ano-de-publicacao=1865,,ativo,2026-09-06 13:06,2026-07-23 02:14,
J. M. Pereira da Silva,Fundador,Os Varões Ilustres do Brasil - Segundo Volume,1858,150,SIM,https://www.estantevirtual.com.br/busca?nsCat=Natural&q=J.%20M.%20Pereira%20da%20Silva%20Os%20Var%C3%B5es%20Ilustres%20do%20Brasil%20-%20Segundo%20Volume&searchField=titulo-autor&ano-de-publicacao=1858,,ativo,2026-09-06 13:06,2026-07-23 02:14,
J. M. Pereira da Silva,Fundador,Os Varões Illustres do Brazil - Tomo 2,1868,127,SIM,https://www.estantevirtual.com.br/busca?nsCat=Natural&q=J.%20M.%20Pereira%20da%20Silva%20Os%20Var%C3%B5es%20Illustres%20do%20Brazil%20-%20Tomo%202&searchField=titulo-autor&ano-de-publicacao=1868,,ativo,2026-09-06 13:07,2026-07-23 02:14,
J. M. Pereira da Silva,Fundador,Os Varões Illustres do Brazil (tomo 2),1858,100,SIM,https://www.estantevirtual.com.br/busca?nsCat=Natural&q=J.%20M.%20Pereira%20da%20Silva%20Os%20Var%C3%B5es%20Illustres%20do%20Brazil%20(tomo%202)&searchField=titulo-autor&ano-de-publicacao=1858,,ativo,2026-09-06 13:07,2026-07-23 02:14,
J. M. Pereira da Silva,Fundador,Obras Litterarias e Politicas - Tomo I e II,1862,380,SIM,https://www.estantevirtual.com.br/busca?nsCat=Natural&q=J.%20M.%20Pereira%20da%20Silva%20Obras%20Litterarias%20e%20Politicas%20-%20Tomo%20I%20e%20II&searchField=titulo-autor&ano-de-publicacao=1862,,ativo,2026-09-06 13:07,2026-07-23 02:14,
J. M. Pereira da Silva,Fundador,Segundo Periodo do Reinado de Dom Pedro I no Brazil,1871,380,SIM,https://www.estantevirtual.com.br/busca?nsCat=Natural&q=J.%20M.%20Pereira%20da%20Silva%20Segundo%20Periodo%20do%20Reinado%20de%20Dom%20Pedro%20I%20no%20Brazil&searchField=titulo-autor&ano-de-publicacao=1871,,ativo,2026-09-06 13:07,2026-07-23 02:14,
J. M. Pereira da Silva,Fundador,Historia do Brazil de 1831 a 1840,1878,390,SIM,https://www.estantevirtual.com.br/busca?nsCat=Natural&q=J.%20M.%20Pereira%20da%20Silva%20Historia%20do%20Brazil%20de%201831%20a%201840&searchField=titulo-autor&ano-de-publicacao=1878,,ativo,2026-09-06 13:07,2026-07-23 02:14,
J. M. Pereira da Silva,Fundador,Nacionalidade Lingua e Litteratura de Portugal e Brazil,1884,390,SIM,https://www.estantevirtual.com.br/busca?nsCat=Natural&q=J.%20M.%20Pereira%20da%20Silva%20Nacionalidade%20Lingua%20e%20Litteratura%20de%20Portugal%20e%20Brazil&searchField=titulo-autor&ano-de-publicacao=1884,,ativo,2026-09-06 13:07,2026-07-23 02:14,
J. M. Pereira da Silva,Fundador,Variedades Litterarias. 2 volumes,1862,180,SIM,https://www.estantevirtual.com.br/busca?nsCat=Natural&q=J.%20M.%20Pereira%20da%20Silva%20Variedades%20Litterarias.%202%20volumes&searchField=titulo-autor&ano-de-publicacao=1862,,ativo,2026-09-06 13:07,2026-07-23 02:14,
J. M. Pereira da Silva,Fundador,Os Varões Illustre do Brazil 2 tomos,1858,600,SIM,https://www.estantevirtual.com.br/busca?nsCat=Natural&q=J.%20M.%20Pereira%20da%20Silva%20Os%20Var%C3%B5es%20Illustre%20do%20Brazil%202%20tomos&searchField=titulo-autor&ano-de-publicacao=1858,,ativo,2026-09-06 13:07,2026-07-23 02:14,
J. M. Pereira da Silva,Fundador,Christovam Colombo e o Descobrimento da America,1892,350,SIM,https://www.estantevirtual.com.br/busca?nsCat=Natural&q=J.%20M.%20Pereira%20da%20Silva%20Christovam%20Colombo%20e%20o%20Descobrimento%20da%20America&searchField=titulo-autor&ano-de-publicacao=1892,,ativo,2026-09-06 13:07,2026-07-23 02:14,
J. M. Pereira da Silva,Fundador,Discursos Parlamentares,1870,200,SIM,https://www.estantevirtual.com.br/busca?nsCat=Natural&q=J.%20M.%20Pereira%20da%20Silva%20Discursos%20Parlamentares&searchField=titulo-autor&ano-de-publicacao=1870,,ativo,2026-09-06 13:07,2026-07-23 02:14,
J. M. Pereira da Silva,Fundador,"Nacionalidade, Língua e Litteratura de Portugal e Brazil",1884,260,SIM,https://www.estantevirtual.com.br/busca?nsCat=Natural&q=J.%20M.%20Pereira%20da%20Silva%20Nacionalidade%2C%20L%C3%ADngua%20e%20Litteratura%20de%20Portugal%20e%20Brazil&searchField=titulo-autor&ano-de-publicacao=1884,,ativo,2026-09-06 13:07,2026-07-23 02:14,
Joaquim Nabuco,Fundador,Pensamentos soltos,1937,30,SIM,https://www.estantevirtual.com.br/livro/pensamentos-soltos-grp-QG1-8152-000?_preco=3000-10000000&tipo-de-livro=usado,,vendido,2026-08-08 11:56,2026-07-23 02:14,
Joaquim Nabuco,Fundador,Balmaceda (capa Dura),1895,240,SIM,https://www.estantevirtual.com.br/busca?nsCat=Natural&q=Joaquim%20Nabuco%20Balmaceda%20(capa%20Dura)&searchField=titulo-autor&ano-de-publicacao=1895,,ativo,2026-09-06 13:07,2026-07-23 02:14,
Joaquim Nabuco,Fundador,Minha Formação,1934,250,SIM,https://www.estantevirtual.com.br/busca?nsCat=Natural&q=Joaquim%20Nabuco%20Minha%20Forma%C3%A7%C3%A3o&searchField=titulo-autor&ano-de-publicacao=1934,,ativo,2026-09-06 13:07,2026-07-23 02:14,
Joaquim Nabuco,Fundador,Balmaceda (encadernado) (obra Rara),1895,290,SIM,https://www.estantevirtual.com.br/busca?nsCat=Natural&q=Joaquim%20Nabuco%20Balmaceda%20(encadernado)%20(obra%20Rara)&searchField=titulo-autor&ano-de-publicacao=1895,,ativo,2026-09-06 13:07,2026-07-23 02:14,
Joaquim Nabuco,Fundador,O Abolicionismo (encadernado),1938,35,SIM,https://www.estantevirtual.com.br/busca?nsCat=Natural&q=Joaquim%20Nabuco%20O%20Abolicionismo%20(encadernado)&searchField=titulo-autor&ano-de-publicacao=1938,,ativo,2026-09-06 13:07,2026-07-23 02:14,
Joaquim Nabuco,Fundador,Minha Formação,1934,150,SIM,https://www.estantevirtual.com.br/busca?nsCat=Natural&q=Joaquim%20Nabuco%20Minha%20Forma%C3%A7%C3%A3o&searchField=titulo-autor&ano-de-publicacao=1934,,ativo,2026-09-06 13:07,2026-07-23 02:14,
Joaquim Nabuco,Fundador,Minha Formação,1900,100,SIM,https://www.estantevirtual.com.br/busca?nsCat=Natural&q=Joaquim%20Nabuco%20Minha%20Forma%C3%A7%C3%A3o&searchField=titulo-autor&ano-de-publicacao=1900,,ativo,2026-09-06 13:07,2026-07-23 02:14,
Joaquim Nabuco,Fundador,Joaquim Nabuco Embaixador Volume 1 1905 1907 De Joaq,1905,99,SIM,https://www.estantevirtual.com.br/busca?nsCat=Natural&q=Joaquim%20Nabuco%20Joaquim%20Nabuco%20Embaixador%20Volume%201%201905%201907%20De%20Joaq&searchField=titulo-autor&ano-de-publicacao=1905,,ativo,2026-09-06 13:08,2026-07-23 02:14,
Joaquim Nabuco,Fundador,Balmaceda,1937,45,SIM,https://www.estantevirtual.com.br/livro/balmaceda-grp-Q2K-4306-000?_preco=3000-10000000&tipo-de-livro=usado,,vendido,2026-08-18 10:45,2026-07-23 02:14,Academia do Saber
Joaquim Nabuco,Fundador,Minha Formação (encad. Clássica de Luxo),1900,1858.50,SIM,https://www.estantevirtual.com.br/busca?nsCat=Natural&q=Joaquim%20Nabuco%20Minha%20Forma%C3%A7%C3%A3o%20(encad.%20Cl%C3%A1ssica%20de%20Luxo)&searchField=titulo-autor&ano-de-publicacao=1900,,ativo,2026-09-06 13:08,2026-07-23 02:14,
Joaquim Nabuco,Fundador,O Dever dos Monarchistas,1895,217,SIM,https://www.estantevirtual.com.br/busca?nsCat=Natural&q=Joaquim%20Nabuco%20O%20Dever%20dos%20Monarchistas&searchField=titulo-autor&ano-de-publicacao=1895,,ativo,2026-09-06 13:08,2026-07-23 02:14,
Joaquim Nabuco,Fundador,Nabuco de Araújo Vol-3,1927,140,SIM,https://www.estantevirtual.com.br/busca?nsCat=Natural&q=Joaquim%20Nabuco%20Nabuco%20de%20Ara%C3%BAjo%20Vol-3&searchField=titulo-autor&ano-de-publicacao=1927,,ativo,2026-09-06 13:08,2026-07-23 02:14,
Joaquim Nabuco,Fundador,A Intervenção Estrangeira Durante a Revolta,1896,100,SIM,https://www.estantevirtual.com.br/busca?nsCat=Natural&q=Joaquim%20Nabuco%20A%20Interven%C3%A7%C3%A3o%20Estrangeira%20Durante%20a%20Revolta&searchField=titulo-autor&ano-de-publicacao=1896,,ativo,2026-09-06 13:08,2026-07-23 02:14,
Joaquim Nabuco,Fundador,A Intervenção Estrangeira Durante A Revolta,1896,79,SIM,https://www.estantevirtual.com.br/busca?nsCat=Natural&q=Joaquim%20Nabuco%20A%20Interven%C3%A7%C3%A3o%20Estrangeira%20Durante%20A%20Revolta&searchField=titulo-autor&ano-de-publicacao=1896,,ativo,2026-09-06 13:08,2026-07-23 02:14,
Joaquim Nabuco,Fundador,Loption Drame,1910,88,SIM,https://www.estantevirtual.com.br/busca?nsCat=Natural&q=Joaquim%20Nabuco%20Loption%20Drame&searchField=titulo-autor&ano-de-publicacao=1910,,ativo,2026-09-06 13:08,2026-07-23 02:14,
Joaquim Nabuco,Fundador,A Intervenção Estrangeira Durante a Revolta,1896,100,SIM,https://www.estantevirtual.com.br/busca?nsCat=Natural&q=Joaquim%20Nabuco%20A%20Interven%C3%A7%C3%A3o%20Estrangeira%20Durante%20a%20Revolta&searchField=titulo-autor&ano-de-publicacao=1896,,ativo,2026-09-06 13:08,2026-07-23 02:14,
Joaquim Nabuco,Fundador,A Intervenção Estrangeira Durante A Revolta,1932,30,SIM,https://www.estantevirtual.com.br/busca?nsCat=Natural&q=Joaquim%20Nabuco%20A%20Interven%C3%A7%C3%A3o%20Estrangeira%20Durante%20A%20Revolta&searchField=titulo-autor&ano-de-publicacao=1932,,ativo,2026-09-06 13:08,2026-07-23 02:14,
Joaquim Nabuco,Fundador,Discursos e Conferencias nos Estados Unidos,1911,180,SIM,https://www.estantevirtual.com.br/busca?nsCat=Natural&q=Joaquim%20Nabuco%20Discursos%20e%20Conferencias%20nos%20Estados%20Unidos&searchField=titulo-autor&ano-de-publicacao=1911,,ativo,2026-09-06 13:08,2026-07-23 02:14,
Joaquim Nabuco,Fundador,Escriptos e Discursos Literarios,1939,70,SIM,https://www.estantevirtual.com.br/busca?nsCat=Natural&q=Joaquim%20Nabuco%20Escriptos%20e%20Discursos%20Literarios&searchField=titulo-autor&ano-de-publicacao=1939,,ativo,2026-09-06 13:08,2026-07-23 02:14,
Joaquim Nabuco,Fundador,Um Estadista do Imperio Nabuco de Araujo 2 Vols,1897,300,SIM,https://www.estantevirtual.com.br/busca?nsCat=Natural&q=Joaquim%20Nabuco%20Um%20Estadista%20do%20Imperio%20Nabuco%20de%20Araujo%202%20Vols&searchField=titulo-autor&ano-de-publicacao=1897,,ativo,2026-09-06 13:08,2026-07-23 02:14,
Joaquim Nabuco,Fundador,Um Estadista do Imperio: Nabuco de Araujo - Tomo 2 1857 - 1866,1898,76.80,SIM,https://www.estantevirtual.com.br/busca?nsCat=Natural&q=Joaquim%20Nabuco%20Um%20Estadista%20do%20Imperio%3A%20Nabuco%20de%20Araujo%20-%20Tomo%202%201857%20-%201866&searchField=titulo-autor&ano-de-publicacao=1898,,ativo,2026-09-06 13:08,2026-07-23 02:14,
Joaquim Nabuco,Fundador,Um Estadista do Imperio: Nabuco de Araujo - Tomo 3 1866 - 1878,1899,78.18,SIM,https://www.estantevirtual.com.br/busca?nsCat=Natural&q=Joaquim%20Nabuco%20Um%20Estadista%20do%20Imperio%3A%20Nabuco%20de%20Araujo%20-%20Tomo%203%201866%20-%201878&searchField=titulo-autor&ano-de-publicacao=1899,,ativo,2026-09-06 13:08,2026-07-23 02:14,
Joaquim Nabuco,Fundador,Escriptos e Discursos Literários,1939,32,SIM,https://www.estantevirtual.com.br/busca?nsCat=Natural&q=Joaquim%20Nabuco%20Escriptos%20e%20Discursos%20Liter%C3%A1rios&searchField=titulo-autor&ano-de-publicacao=1939,,ativo,2026-09-06 13:08,2026-07-23 02:14,
Joaquim Nabuco,Fundador,Balmaceda,1937,1202,SIM,https://www.estantevirtual.com.br/busca?nsCat=Natural&q=Joaquim%20Nabuco%20Balmaceda&searchField=titulo-autor&ano-de-publicacao=1937,,ativo,2026-09-06 13:08,2026-07-23 02:14,
Joaquim Nabuco,Fundador,Pensamentos Soltos,1937,202,SIM,https://www.estantevirtual.com.br/busca?nsCat=Natural&q=Joaquim%20Nabuco%20Pensamentos%20Soltos&searchField=titulo-autor&ano-de-publicacao=1937,,ativo,2026-09-06 13:08,2026-07-23 02:14,
Joaquim Nabuco,Fundador,A Intervenção Esrangeira Durante A Revolta,1896,56.50,SIM,https://www.estantevirtual.com.br/busca?nsCat=Natural&q=Joaquim%20Nabuco%20A%20Interven%C3%A7%C3%A3o%20Esrangeira%20Durante%20A%20Revolta&searchField=titulo-autor&ano-de-publicacao=1896,,ativo,2026-09-06 13:09,2026-07-23 02:14,
Joaquim Nabuco,Fundador,A Intervenção Esrangeira Durante A Revolta,1896,37.68,SIM,https://www.estantevirtual.com.br/busca?nsCat=Natural&q=Joaquim%20Nabuco%20A%20Interven%C3%A7%C3%A3o%20Esrangeira%20Durante%20A%20Revolta&searchField=titulo-autor&ano-de-publicacao=1896,,ativo,2026-09-06 13:09,2026-07-23 02:14,
Joaquim Nabuco,Fundador,A Intervenção Esrangeira Durante A Revolta,1896,37.68,SIM,https://www.estantevirtual.com.br/busca?nsCat=Natural&q=Joaquim%20Nabuco%20A%20Interven%C3%A7%C3%A3o%20Esrangeira%20Durante%20A%20Revolta&searchField=titulo-autor&ano-de-publicacao=1896,,ativo,2026-09-06 13:09,2026-07-23 02:14,
Joaquim Nabuco,Fundador,Escriptos e Discursos Literarios,1939,60,SIM,https://www.estantevirtual.com.br/busca?nsCat=Natural&q=Joaquim%20Nabuco%20Escriptos%20e%20Discursos%20Literarios&searchField=titulo-autor&ano-de-publicacao=1939,,ativo,2026-09-06 13:09,2026-07-23 02:14,
Joaquim Nabuco,Fundador,Abolicionismo,1938,45,SIM,https://www.estantevirtual.com.br/livro/o-abolicionismo-Q6C-3941-000-BK,,ativo,2026-09-06 13:09,2026-07-23 02:14,
Joaquim Nabuco,Fundador,Discursos e Conferências Nos Estados Unidos (capa Dura),1911,65,SIM,https://www.estantevirtual.com.br/busca?nsCat=Natural&q=Joaquim%20Nabuco%20Discursos%20e%20Confer%C3%AAncias%20Nos%20Estados%20Unidos%20(capa%20Dura)&searchField=titulo-autor&ano-de-publicacao=1911,,ativo,2026-09-06 13:09,2026-07-23 02:14,
Joaquim Nabuco,Fundador,Um Estadista do Imperio Volume 1,1937,35,SIM,https://www.estantevirtual.com.br/busca?nsCat=Natural&q=Joaquim%20Nabuco%20Um%20Estadista%20do%20Imperio%20Volume%201&searchField=titulo-autor&ano-de-publicacao=1937,,ativo,2026-09-06 13:09,2026-07-23 02:14,
Joaquim Nabuco,Fundador,Minha Formação,1934,45,SIM,https://www.estantevirtual.com.br/busca?nsCat=Natural&q=Joaquim%20Nabuco%20Minha%20Forma%C3%A7%C3%A3o&searchField=titulo-autor&ano-de-publicacao=1934,,ativo,2026-09-06 13:09,2026-07-23 02:14,
Joaquim Nabuco,Fundador,Minha Formação - 1ª Edição,1900,270,SIM,https://www.estantevirtual.com.br/busca?nsCat=Natural&q=Joaquim%20Nabuco%20Minha%20Forma%C3%A7%C3%A3o%20-%201%C2%AA%20Edi%C3%A7%C3%A3o&searchField=titulo-autor&ano-de-publicacao=1900,,ativo,2026-09-06 13:09,2026-07-23 02:14,
Joaquim Nabuco,Fundador,Minha Formação,1881,30,SIM,https://www.estantevirtual.com.br/busca?nsCat=Natural&q=Joaquim%20Nabuco%20Minha%20Forma%C3%A7%C3%A3o&searchField=titulo-autor&ano-de-publicacao=1881,,ativo,2026-09-06 13:09,2026-07-23 02:14,
Joaquim Nabuco,Fundador,Escriptos e Discursos Litterarios,1919,50.99,SIM,https://www.estantevirtual.com.br/busca?nsCat=Natural&q=Joaquim%20Nabuco%20Escriptos%20e%20Discursos%20Litterarios&searchField=titulo-autor&ano-de-publicacao=1919,,ativo,2026-09-06 13:09,2026-07-23 02:14,
Joaquim Nabuco,Fundador,Escriptos e Discursos Litterários - Capa Dura,1919,79,SIM,https://www.estantevirtual.com.br/busca?nsCat=Natural&q=Joaquim%20Nabuco%20Escriptos%20e%20Discursos%20Litter%C3%A1rios%20-%20Capa%20Dura&searchField=titulo-autor&ano-de-publicacao=1919,,ativo,2026-09-06 13:09,2026-07-23 02:14,
Joaquim Nabuco,Fundador,Pensees Detachees et Souvenirs,1906,50,SIM,https://www.estantevirtual.com.br/busca?nsCat=Natural&q=Joaquim%20Nabuco%20Pensees%20Detachees%20et%20Souvenirs&searchField=titulo-autor&ano-de-publicacao=1906,,ativo,2026-09-06 13:09,2026-07-23 02:14,
Joaquim Nabuco,Fundador,Balmaceda,1895,500,SIM,https://www.estantevirtual.com.br/livro/balmaceda-grp-GXZ-7653-000?_preco=3000-10000000&tipo-de-livro=usado,,ativo,2026-09-06 13:09,2026-07-23 02:14,Livraria Virtual Incunábulo
Joaquim Nabuco,Fundador,Minha Formação,1900,50,SIM,https://www.estantevirtual.com.br/busca?nsCat=Natural&q=Joaquim%20Nabuco%20Minha%20Forma%C3%A7%C3%A3o&searchField=titulo-autor&ano-de-publicacao=1900,,ativo,2026-09-06 13:09,2026-07-23 02:14,
Joaquim Nabuco,Fundador,Minha Formação,1934,150,SIM,https://www.estantevirtual.com.br/busca?nsCat=Natural&q=Joaquim%20Nabuco%20Minha%20Forma%C3%A7%C3%A3o&searchField=titulo-autor&ano-de-publicacao=1934,,ativo,2026-09-06 13:09,2026-07-23 02:14,
Joaquim Nabuco,Fundador,Minha Formação,1900,70,SIM,https://www.estantevirtual.com.br/busca?nsCat=Natural&q=Joaquim%20Nabuco%20Minha%20Forma%C3%A7%C3%A3o&searchField=titulo-autor&ano-de-publicacao=1900,,ativo,2026-09-06 13:09,2026-07-23 02:14,
Joaquim Nabuco,Fundador,Minha Formação,1900,460,SIM,https://www.estantevirtual.com.br/busca?nsCat=Natural&q=Joaquim%20Nabuco%20Minha%20Forma%C3%A7%C3%A3o&searchField=titulo-autor&ano-de-publicacao=1900,,ativo,2026-09-06 13:10,2026-07-23 02:14,
Joaquim Nabuco,Fundador,Balmaceda,1937,30,SIM,https://www.estantevirtual.com.br/busca?nsCat=Natural&q=Joaquim%20Nabuco%20Balmaceda&searchField=titulo-autor&ano-de-publicacao=1937,,ativo,2026-09-06 13:10,2026-07-23 02:14,
Joaquim Nabuco,Fundador,Um Estadista do Imperio - Nabuco de Araújo - 2 Vols.,1936,130.13,SIM,https://www.estantevirtual.com.br/busca?nsCat=Natural&q=Joaquim%20Nabuco%20Um%20Estadista%20do%20Imperio%20-%20Nabuco%20de%20Ara%C3%BAjo%20-%202%20Vols.&searchField=titulo-autor&ano-de-publicacao=1936,,ativo,2026-09-06 13:10,2026-07-23 02:14,
Joaquim Nabuco,Fundador,Escriptos e Discursos Litterarios,1919,380,SIM,https://www.estantevirtual.com.br/busca?nsCat=Natural&q=Joaquim%20Nabuco%20Escriptos%20e%20Discursos%20Litterarios&searchField=titulo-autor&ano-de-publicacao=1919,,ativo,2026-09-06 13:10,2026-07-23 02:14,
Joaquim Nabuco,Fundador,Discursos e Conferencias nos Estados Unidos,1911,59.99,SIM,https://www.estantevirtual.com.br/busca?nsCat=Natural&q=Joaquim%20Nabuco%20Discursos%20e%20Conferencias%20nos%20Estados%20Unidos&searchField=titulo-autor&ano-de-publicacao=1911,,ativo,2026-09-06 13:10,2026-07-23 02:14,
Joaquim Nabuco,Fundador,A Intervenção Estrangeira Durante a Revolta,1896,98,SIM,https://www.estantevirtual.com.br/busca?nsCat=Natural&q=Joaquim%20Nabuco%20A%20Interven%C3%A7%C3%A3o%20Estrangeira%20Durante%20a%20Revolta&searchField=titulo-autor&ano-de-publicacao=1896,,ativo,2026-09-06 13:10,2026-07-23 02:14,
Joaquim Nabuco,Fundador,Nabuco de Araujo - Tomo Segundo 1857 - 1866,1857,34.20,SIM,https://www.estantevirtual.com.br/busca?nsCat=Natural&q=Joaquim%20Nabuco%20Nabuco%20de%20Araujo%20-%20Tomo%20Segundo%201857%20-%201866&searchField=titulo-autor&ano-de-publicacao=1857,,ativo,2026-09-06 13:10,2026-07-23 02:14,
Joaquim Nabuco,Fundador,Minha Formação,1934,35,SIM,https://www.estantevirtual.com.br/busca?nsCat=Natural&q=Joaquim%20Nabuco%20Minha%20Forma%C3%A7%C3%A3o&searchField=titulo-autor&ano-de-publicacao=1934,,ativo,2026-09-06 13:10,2026-07-23 02:14,
Joaquim Nabuco,Fundador,Balmaceda - 1ª Edição,1895,400,SIM,https://www.estantevirtual.com.br/busca?nsCat=Natural&q=Joaquim%20Nabuco%20Balmaceda%20-%201%C2%AA%20Edi%C3%A7%C3%A3o&searchField=titulo-autor&ano-de-publicacao=1895,,ativo,2026-09-06 13:10,2026-07-23 02:14,
Joaquim Nabuco,Fundador,Balmaceda - 1ª Edição,1895,450,SIM,https://www.estantevirtual.com.br/busca?nsCat=Natural&q=Joaquim%20Nabuco%20Balmaceda%20-%201%C2%AA%20Edi%C3%A7%C3%A3o&searchField=titulo-autor&ano-de-publicacao=1895,,ativo,2026-09-06 13:10,2026-07-23 02:14,
Joaquim Nabuco,Fundador,A Intervenção Estrangeira Durante a Revolta,1932,50,SIM,https://www.estantevirtual.com.br/busca?nsCat=Natural&q=Joaquim%20Nabuco%20A%20Interven%C3%A7%C3%A3o%20Estrangeira%20Durante%20a%20Revolta&searchField=titulo-autor&ano-de-publicacao=1932,,ativo,2026-09-06 13:10,2026-07-23 02:14,
Joaquim Nabuco,Fundador,Discursos e Conferências - 1ª Edição,1911,90,SIM,https://www.estantevirtual.com.br/busca?nsCat=Natural&q=Joaquim%20Nabuco%20Discursos%20e%20Confer%C3%AAncias%20-%201%C2%AA%20Edi%C3%A7%C3%A3o&searchField=titulo-autor&ano-de-publicacao=1911,,ativo,2026-09-06 13:10,2026-07-23 02:14,
Joaquim Nabuco,Fundador,Nabuco de Araujo - um Estadista do Império - Volume I,1900,125,SIM,https://www.estantevirtual.com.br/busca?nsCat=Natural&q=Joaquim%20Nabuco%20Nabuco%20de%20Araujo%20-%20um%20Estadista%20do%20Imp%C3%A9rio%20-%20Volume%20I&searchField=titulo-autor&ano-de-publicacao=1900,,ativo,2026-09-06 13:10,2026-07-23 02:14,
Joaquim Nabuco,Fundador,Nabuco de Araujo - um Estadista do Império - 3ª Volume,1927,90,SIM,https://www.estantevirtual.com.br/busca?nsCat=Natural&q=Joaquim%20Nabuco%20Nabuco%20de%20Araujo%20-%20um%20Estadista%20do%20Imp%C3%A9rio%20-%203%C2%AA%20Volume&searchField=titulo-autor&ano-de-publicacao=1927,,ativo,2026-09-06 13:10,2026-07-23 02:14,
Joaquim Nabuco,Fundador,A Intervenção Estrangeira Durante a Revolta - 1ª Edição,1896,90,SIM,https://www.estantevirtual.com.br/busca?nsCat=Natural&q=Joaquim%20Nabuco%20A%20Interven%C3%A7%C3%A3o%20Estrangeira%20Durante%20a%20Revolta%20-%201%C2%AA%20Edi%C3%A7%C3%A3o&searchField=titulo-autor&ano-de-publicacao=1896,,ativo,2026-09-06 13:10,2026-07-23 02:14,
Joaquim Nabuco,Fundador,Escriptos e Discursos Literarios,1939,45,SIM,https://www.estantevirtual.com.br/livro/escriptos-e-discursos-literarios-grp-1WU-7843-000?_preco=3000-10000000&tipo-de-livro=usado,,ativo,2026-09-06 13:10,2026-07-23 02:14,Alfarrabio das Aguas
Joaquim Nabuco,Fundador,A Intervenção Estrangeira Durante a Revolta,1932,95,SIM,https://www.estantevirtual.com.br/busca?nsCat=Natural&q=Joaquim%20Nabuco%20A%20Interven%C3%A7%C3%A3o%20Estrangeira%20Durante%20a%20Revolta&searchField=titulo-autor&ano-de-publicacao=1932,,ativo,2026-09-06 13:10,2026-07-23 02:14,
Joaquim Nabuco,Fundador,Pensées Détachées et Souvenirs,1906,210,SIM,https://www.estantevirtual.com.br/busca?nsCat=Natural&q=Joaquim%20Nabuco%20Pens%C3%A9es%20D%C3%A9tach%C3%A9es%20et%20Souvenirs&searchField=titulo-autor&ano-de-publicacao=1906,,ativo,2026-09-06 13:10,2026-07-23 02:14,
Joaquim Nabuco,Fundador,O Abolicionismo,1938,100,SIM,https://www.estantevirtual.com.br/livro/o-abolicionismo-Q6C-3941-000-BK,,ativo,2026-09-06 13:11,2026-07-23 02:14,
Joaquim Nabuco,Fundador,Discursos e Conferências,1911,66,SIM,https://www.estantevirtual.com.br/busca?nsCat=Natural&q=Joaquim%20Nabuco%20Discursos%20e%20Confer%C3%AAncias&searchField=titulo-autor&ano-de-publicacao=1911,,ativo,2026-09-06 13:11,2026-07-23 02:14,
Joaquim Nabuco,Fundador,Minha Formação,1900,80,SIM,https://www.estantevirtual.com.br/busca?nsCat=Natural&q=Joaquim%20Nabuco%20Minha%20Forma%C3%A7%C3%A3o&searchField=titulo-autor&ano-de-publicacao=1900,,ativo,2026-09-06 13:11,2026-07-23 02:14,
Joaquim Nabuco,Fundador,Minha Formação,1934,30,SIM,https://www.estantevirtual.com.br/busca?nsCat=Natural&q=Joaquim%20Nabuco%20Minha%20Forma%C3%A7%C3%A3o&searchField=titulo-autor&ano-de-publicacao=1934,,ativo,2026-09-06 13:11,2026-07-23 02:14,
Joaquim Nabuco,Fundador,Um Estadista do Imperio: Nabuco de Araújo-2 Vols. Numerado e Rubricado,1936,199,SIM,https://www.estantevirtual.com.br/busca?nsCat=Natural&q=Joaquim%20Nabuco%20Um%20Estadista%20do%20Imperio%3A%20Nabuco%20de%20Ara%C3%BAjo-2%20Vols.%20Numerado%20e%20Rubricado&searchField=titulo-autor&ano-de-publicacao=1936,,ativo,2026-09-06 13:11,2026-07-23 02:14,
Joaquim Nabuco,Fundador,A Intervenção Estrangeira Durante a Revolta – ‘1ª Edição,1896,99,SIM,https://www.estantevirtual.com.br/busca?nsCat=Natural&q=Joaquim%20Nabuco%20A%20Interven%C3%A7%C3%A3o%20Estrangeira%20Durante%20a%20Revolta%20%E2%80%93%20%E2%80%981%C2%AA%20Edi%C3%A7%C3%A3o&searchField=titulo-autor&ano-de-publicacao=1896,,ativo,2026-09-06 13:11,2026-07-23 02:14,
Joaquim Nabuco,Fundador,Pensamentos Soltos,1937,200,SIM,https://www.estantevirtual.com.br/busca?nsCat=Natural&q=Joaquim%20Nabuco%20Pensamentos%20Soltos&searchField=titulo-autor&ano-de-publicacao=1937,,ativo,2026-09-06 13:11,2026-07-23 02:14,
Joaquim Nabuco,Fundador,A Intervenção Estrangeira Durante a Revolta de 1893,1939,40,SIM,https://www.estantevirtual.com.br/busca?nsCat=Natural&q=Joaquim%20Nabuco%20A%20Interven%C3%A7%C3%A3o%20Estrangeira%20Durante%20a%20Revolta%20de%201893&searchField=titulo-autor&ano-de-publicacao=1939,,ativo,2026-09-06 13:11,2026-07-23 02:14,
Joaquim Nabuco,Fundador,Minha Formação,1900,120,SIM,https://www.estantevirtual.com.br/busca?nsCat=Natural&q=Joaquim%20Nabuco%20Minha%20Forma%C3%A7%C3%A3o&searchField=titulo-autor&ano-de-publicacao=1900,,ativo,2026-09-06 13:11,2026-07-23 02:14,
Joaquim Nabuco,Fundador,O Abolicionismo,1938,150,SIM,https://www.estantevirtual.com.br/livro/o-abolicionismo-Q6C-3941-000-BK,,ativo,2026-09-06 13:11,2026-07-23 02:14,
Joaquim Nabuco,Fundador,Minha Formação,1900,89.10,SIM,https://www.estantevirtual.com.br/busca?nsCat=Natural&q=Joaquim%20Nabuco%20Minha%20Forma%C3%A7%C3%A3o&searchField=titulo-autor&ano-de-publicacao=1900,,ativo,2026-09-06 13:11,2026-07-23 02:14,
Joaquim Nabuco,Fundador,Um Estadista do Império - Volume 3 - Nabuco de Araujo,1927,90,SIM,https://www.estantevirtual.com.br/busca?nsCat=Natural&q=Joaquim%20Nabuco%20Um%20Estadista%20do%20Imp%C3%A9rio%20-%20Volume%203%20-%20Nabuco%20de%20Araujo&searchField=titulo-autor&ano-de-publicacao=1927,,ativo,2026-09-06 13:11,2026-07-23 02:14,
Joaquim Nabuco,Fundador,Pensees Detachees et Souvenirs,1906,150,SIM,https://www.estantevirtual.com.br/busca?nsCat=Natural&q=Joaquim%20Nabuco%20Pensees%20Detachees%20et%20Souvenirs&searchField=titulo-autor&ano-de-publicacao=1906,,ativo,2026-09-06 13:11,2026-07-23 02:14,
Joaquim Nabuco,Fundador,Escriptos e Discursos Litterarios,1919,112.11,SIM,https://www.estantevirtual.com.br/busca?nsCat=Natural&q=Joaquim%20Nabuco%20Escriptos%20e%20Discursos%20Litterarios&searchField=titulo-autor&ano-de-publicacao=1919,,ativo,2026-09-06 13:11,2026-07-23 02:14,
Joaquim Nabuco,Fundador,Carta a Amigos Volume 2,1899,189.90,SIM,https://www.estantevirtual.com.br/busca?nsCat=Natural&q=Joaquim%20Nabuco%20Carta%20a%20Amigos%20Volume%202&searchField=titulo-autor&ano-de-publicacao=1899,,ativo,2026-09-06 13:11,2026-07-23 02:14,
Joaquim Nabuco,Fundador,Minha Formação,1934,58.50,SIM,https://www.estantevirtual.com.br/busca?nsCat=Natural&q=Joaquim%20Nabuco%20Minha%20Forma%C3%A7%C3%A3o&searchField=titulo-autor&ano-de-publicacao=1934,,ativo,2026-09-06 13:11,2026-07-23 02:14,
Joaquim Nabuco,Fundador,Pensées Détachées et Souvenirs - 1 Edição,1906,220.80,SIM,https://www.estantevirtual.com.br/busca?nsCat=Natural&q=Joaquim%20Nabuco%20Pens%C3%A9es%20D%C3%A9tach%C3%A9es%20et%20Souvenirs%20-%201%20Edi%C3%A7%C3%A3o&searchField=titulo-autor&ano-de-publicacao=1906,,ativo,2026-09-06 13:11,2026-07-23 02:14,
Joaquim Nabuco,Fundador,A Intervenção Estrangeira Durante a Revolta,1896,82.80,SIM,https://www.estantevirtual.com.br/busca?nsCat=Natural&q=Joaquim%20Nabuco%20A%20Interven%C3%A7%C3%A3o%20Estrangeira%20Durante%20a%20Revolta&searchField=titulo-autor&ano-de-publicacao=1896,,ativo,2026-09-06 13:11,2026-07-23 02:14,
Joaquim Nabuco,Fundador,Escriptos e Discursos Litterarios,1901,502,SIM,https://www.estantevirtual.com.br/busca?nsCat=Natural&q=Joaquim%20Nabuco%20Escriptos%20e%20Discursos%20Litterarios&searchField=titulo-autor&ano-de-publicacao=1901,,ativo,2026-09-06 13:11,2026-07-23 02:14,
Joaquim Nabuco,Fundador,Escriptos e Discursos Litterarios 1a. Edição,1901,350,SIM,https://www.estantevirtual.com.br/busca?nsCat=Natural&q=Joaquim%20Nabuco%20Escriptos%20e%20Discursos%20Litterarios%201a.%20Edi%C3%A7%C3%A3o&searchField=titulo-autor&ano-de-publicacao=1901,,ativo,2026-09-06 13:12,2026-07-23 02:14,
Joaquim Nabuco,Fundador,Escriptos e Discursos Literários,1939,45,SIM,https://www.estantevirtual.com.br/busca?nsCat=Natural&q=Joaquim%20Nabuco%20Escriptos%20e%20Discursos%20Liter%C3%A1rios&searchField=titulo-autor&ano-de-publicacao=1939,,ativo,2026-09-06 13:12,2026-07-23 02:14,
Joaquim Nabuco,Fundador,A Intervenção Estrangeira Durante a Revolta,1896,180,SIM,https://www.estantevirtual.com.br/busca?nsCat=Natural&q=Joaquim%20Nabuco%20A%20Interven%C3%A7%C3%A3o%20Estrangeira%20Durante%20a%20Revolta&searchField=titulo-autor&ano-de-publicacao=1896,,ativo,2026-09-06 13:12,2026-07-23 02:14,
Joaquim Nabuco,Fundador,O Abolicionismo,1938,60,SIM,https://www.estantevirtual.com.br/livro/o-abolicionismo-Q6C-3941-000-BK,,ativo,2026-09-06 13:12,2026-07-23 02:14,
Joaquim Nabuco,Fundador,O Abolicionismo,1938,60,SIM,https://www.estantevirtual.com.br/livro/o-abolicionismo-Q6C-3941-000-BK,,ativo,2026-09-06 13:12,2026-07-23 02:14,
Joaquim Nabuco,Fundador,Balmaceda - 1 Edição,1895,290,SIM,https://www.estantevirtual.com.br/busca?nsCat=Natural&q=Joaquim%20Nabuco%20Balmaceda%20-%201%20Edi%C3%A7%C3%A3o&searchField=titulo-autor&ano-de-publicacao=1895,,ativo,2026-09-06 13:12,2026-07-23 02:14,
Joaquim Nabuco,Fundador,Minha Formação,1900,220,SIM,https://www.estantevirtual.com.br/busca?nsCat=Natural&q=Joaquim%20Nabuco%20Minha%20Forma%C3%A7%C3%A3o&searchField=titulo-autor&ano-de-publicacao=1900,,ativo,2026-09-06 13:12,2026-07-23 02:14,
Joaquim Nabuco,Fundador,Minha Formação,1900,150,SIM,https://www.estantevirtual.com.br/busca?nsCat=Natural&q=Joaquim%20Nabuco%20Minha%20Forma%C3%A7%C3%A3o&searchField=titulo-autor&ano-de-publicacao=1900,,ativo,2026-09-06 13:12,2026-07-23 02:14,
Joaquim Nabuco,Fundador,A Intervenção Estrangeira Durante a Revolta,1896,200,SIM,https://www.estantevirtual.com.br/busca?nsCat=Natural&q=Joaquim%20Nabuco%20A%20Interven%C3%A7%C3%A3o%20Estrangeira%20Durante%20a%20Revolta&searchField=titulo-autor&ano-de-publicacao=1896,,ativo,2026-09-06 13:12,2026-07-23 02:14,
Joaquim Nabuco,Fundador,Pensées Détachées et Souvenirs,1906,199,SIM,https://www.estantevirtual.com.br/busca?nsCat=Natural&q=Joaquim%20Nabuco%20Pens%C3%A9es%20D%C3%A9tach%C3%A9es%20et%20Souvenirs&searchField=titulo-autor&ano-de-publicacao=1906,,ativo,2026-09-06 13:12,2026-07-23 02:14,
Joaquim Nabuco,Fundador,Minha Formação,1934,30,SIM,https://www.estantevirtual.com.br/busca?nsCat=Natural&q=Joaquim%20Nabuco%20Minha%20Forma%C3%A7%C3%A3o&searchField=titulo-autor&ano-de-publicacao=1934,,ativo,2026-09-06 13:12,2026-07-23 02:14,
Joaquim Nabuco,Fundador,O Abolicionismo,1938,50,SIM,https://www.estantevirtual.com.br/livro/o-abolicionismo-Q6C-3941-000-BK,,ativo,2026-09-06 13:12,2026-07-23 02:14,
Joaquim Nabuco,Fundador,Escriptos e Discursos Literarios,1939,70,SIM,https://www.estantevirtual.com.br/busca?nsCat=Natural&q=Joaquim%20Nabuco%20Escriptos%20e%20Discursos%20Literarios&searchField=titulo-autor&ano-de-publicacao=1939,,ativo,2026-09-06 13:12,2026-07-23 02:14,
Joaquim Nabuco,Fundador,Camoes e Assumptos Americanos,1940,65,SIM,https://www.estantevirtual.com.br/busca?nsCat=Natural&q=Joaquim%20Nabuco%20Camoes%20e%20Assumptos%20Americanos&searchField=titulo-autor&ano-de-publicacao=1940,,ativo,2026-09-06 13:12,2026-07-23 02:14,
Joaquim Nabuco,Fundador,Balmaceda. 1° Edição,1895,320,SIM,https://www.estantevirtual.com.br/busca?nsCat=Natural&q=Joaquim%20Nabuco%20Balmaceda.%201%C2%B0%20Edi%C3%A7%C3%A3o&searchField=titulo-autor&ano-de-publicacao=1895,,ativo,2026-09-06 13:12,2026-07-23 02:14,
Joaquim Nabuco,Fundador,"Troisième Mémoire Vol. I, 2 e 4: La Construction des Mémoires Anglais",1904,450,SIM,https://www.estantevirtual.com.br/busca?nsCat=Natural&q=Joaquim%20Nabuco%20Troisi%C3%A8me%20M%C3%A9moire%20Vol.%20I%2C%202%20e%204%3A%20La%20Construction%20des%20M%C3%A9moires%20Anglais&searchField=titulo-autor&ano-de-publicacao=1904,,ativo,2026-09-06 13:12,2026-07-23 02:14,
Joaquim Nabuco,Fundador,A Intervenção Estrangeira Durante a Revolta,1896,200,SIM,https://www.estantevirtual.com.br/busca?nsCat=Natural&q=Joaquim%20Nabuco%20A%20Interven%C3%A7%C3%A3o%20Estrangeira%20Durante%20a%20Revolta&searchField=titulo-autor&ano-de-publicacao=1896,,ativo,2026-09-06 13:12,2026-07-23 02:14,
Joaquim Nabuco,Fundador,A Intervenção Estrangeira Durante a Revolta de 1893,1939,65,SIM,https://www.estantevirtual.com.br/busca?nsCat=Natural&q=Joaquim%20Nabuco%20A%20Interven%C3%A7%C3%A3o%20Estrangeira%20Durante%20a%20Revolta%20de%201893&searchField=titulo-autor&ano-de-publicacao=1939,,ativo,2026-09-06 13:12,2026-07-23 02:14,
Joaquim Nabuco,Fundador,Minha Formação.,1934,200,SIM,https://www.estantevirtual.com.br/busca?nsCat=Natural&q=Joaquim%20Nabuco%20Minha%20Forma%C3%A7%C3%A3o.&searchField=titulo-autor&ano-de-publicacao=1934,,ativo,2026-09-06 13:12,2026-07-23 02:14,
Joaquim Nabuco,Fundador,Escriptos e Discursos Litterarios,1901,360,SIM,https://www.estantevirtual.com.br/busca?nsCat=Natural&q=Joaquim%20Nabuco%20Escriptos%20e%20Discursos%20Litterarios&searchField=titulo-autor&ano-de-publicacao=1901,,ativo,2026-09-06 13:13,2026-07-23 02:14,
Joaquim Nabuco,Fundador,A Intervenção Estrangeira Durante a Revolta : a Intimação,1896,39.99,SIM,https://www.estantevirtual.com.br/busca?nsCat=Natural&q=Joaquim%20Nabuco%20A%20Interven%C3%A7%C3%A3o%20Estrangeira%20Durante%20a%20Revolta%20%3A%20a%20Intima%C3%A7%C3%A3o&searchField=titulo-autor&ano-de-publicacao=1896,,ativo,2026-09-06 13:13,2026-07-23 02:14,
Joaquim Nabuco,Fundador,A Intervenção Estrangeira Durante a Revolta : a Intimação,1896,120,SIM,https://www.estantevirtual.com.br/busca?nsCat=Natural&q=Joaquim%20Nabuco%20A%20Interven%C3%A7%C3%A3o%20Estrangeira%20Durante%20a%20Revolta%20%3A%20a%20Intima%C3%A7%C3%A3o&searchField=titulo-autor&ano-de-publicacao=1896,,ativo,2026-09-06 13:13,2026-07-23 02:14,
Joaquim Nabuco,Fundador,Escriptos e Discursos Literários,1919,65.90,SIM,https://www.estantevirtual.com.br/busca?nsCat=Natural&q=Joaquim%20Nabuco%20Escriptos%20e%20Discursos%20Liter%C3%A1rios&searchField=titulo-autor&ano-de-publicacao=1919,,ativo,2026-09-06 13:13,2026-07-23 02:14,
Joaquim Nabuco,Fundador,A Intervenção Estrngeira Durante a Revolta,1896,99.99,SIM,https://www.estantevirtual.com.br/busca?nsCat=Natural&q=Joaquim%20Nabuco%20A%20Interven%C3%A7%C3%A3o%20Estrngeira%20Durante%20a%20Revolta&searchField=titulo-autor&ano-de-publicacao=1896,,ativo,2026-09-06 13:13,2026-07-23 02:14,
Joaquim Nabuco,Fundador,Minha Formação,1934,30,SIM,https://www.estantevirtual.com.br/busca?nsCat=Natural&q=Joaquim%20Nabuco%20Minha%20Forma%C3%A7%C3%A3o&searchField=titulo-autor&ano-de-publicacao=1934,,ativo,2026-09-06 13:13,2026-07-23 02:14,
Joaquim Nabuco,Fundador,O Dever dos Monarchistas Carta ao Almirante Jaceguay,1895,271.93,SIM,https://www.estantevirtual.com.br/busca?nsCat=Natural&q=Joaquim%20Nabuco%20O%20Dever%20dos%20Monarchistas%20Carta%20ao%20Almirante%20Jaceguay&searchField=titulo-autor&ano-de-publicacao=1895,,ativo,2026-09-06 13:13,2026-07-23 02:14,
Joaquim Nabuco,Fundador,O Abolicionismo,1938,35.94,SIM,https://www.estantevirtual.com.br/livro/o-abolicionismo-Q6C-3941-000-BK,,ativo,2026-09-06 13:13,2026-07-23 02:14,
Joaquim Nabuco,Fundador,La Construction des Mémoires Anglais - Vol. I Troisième,1904,159.05,SIM,https://www.estantevirtual.com.br/busca?nsCat=Natural&q=Joaquim%20Nabuco%20La%20Construction%20des%20M%C3%A9moires%20Anglais%20-%20Vol.%20I%20Troisi%C3%A8me&searchField=titulo-autor&ano-de-publicacao=1904,,ativo,2026-09-06 13:13,2026-07-23 02:14,
Joaquim Nabuco,Fundador,Um Estadista do Imperio Nabuco de Araujo - 1º Tomo,1936,72,SIM,https://www.estantevirtual.com.br/busca?nsCat=Natural&q=Joaquim%20Nabuco%20Um%20Estadista%20do%20Imperio%20Nabuco%20de%20Araujo%20-%201%C2%BA%20Tomo&searchField=titulo-autor&ano-de-publicacao=1936,,ativo,2026-09-06 13:13,2026-07-23 02:14,
Joaquim Nabuco,Fundador,Um Estadista do Imperio Nabuco de Araujo - 2º Tomo,1936,87.20,SIM,https://www.estantevirtual.com.br/busca?nsCat=Natural&q=Joaquim%20Nabuco%20Um%20Estadista%20do%20Imperio%20Nabuco%20de%20Araujo%20-%202%C2%BA%20Tomo&searchField=titulo-autor&ano-de-publicacao=1936,,ativo,2026-09-06 13:13,2026-07-23 02:14,
Joaquim Nabuco,Fundador,Escriptos e Discursos Litterarios- Collecção dos Autores Celebres,1919,2099.40,SIM,https://www.estantevirtual.com.br/busca?nsCat=Natural&q=Joaquim%20Nabuco%20Escriptos%20e%20Discursos%20Litterarios-%20Collec%C3%A7%C3%A3o%20dos%20Autores%20Celebres&searchField=titulo-autor&ano-de-publicacao=1919,,ativo,2026-09-06 13:13,2026-07-23 02:14,
Joaquim Nabuco,Fundador,Camões e Assumptos Americanos,1940,69.90,SIM,https://www.estantevirtual.com.br/busca?nsCat=Natural&q=Joaquim%20Nabuco%20Cam%C3%B5es%20e%20Assumptos%20Americanos&searchField=titulo-autor&ano-de-publicacao=1940,,ativo,2026-09-06 13:13,2026-07-23 02:14,
Joaquim Nabuco,Fundador,Minha Formação,1900,146.63,SIM,https://www.estantevirtual.com.br/busca?nsCat=Natural&q=Joaquim%20Nabuco%20Minha%20Forma%C3%A7%C3%A3o&searchField=titulo-autor&ano-de-publicacao=1900,,ativo,2026-09-06 13:13,2026-07-23 02:14,
Joaquim Nabuco,Fundador,Minha Formação,1934,48.88,SIM,https://www.estantevirtual.com.br/busca?nsCat=Natural&q=Joaquim%20Nabuco%20Minha%20Forma%C3%A7%C3%A3o&searchField=titulo-autor&ano-de-publicacao=1934,,ativo,2026-09-06 13:13,2026-07-23 02:14,
Joaquim Nabuco,Fundador,A Intervenção Estrangeira Durante a Revolta,1932,63.54,SIM,https://www.estantevirtual.com.br/busca?nsCat=Natural&q=Joaquim%20Nabuco%20A%20Interven%C3%A7%C3%A3o%20Estrangeira%20Durante%20a%20Revolta&searchField=titulo-autor&ano-de-publicacao=1932,,ativo,2026-09-06 13:13,2026-07-23 02:14,
Joaquim Nabuco,Fundador,Minha Formação 1. A. Edição,1934,146.63,SIM,https://www.estantevirtual.com.br/busca?nsCat=Natural&q=Joaquim%20Nabuco%20Minha%20Forma%C3%A7%C3%A3o%201.%20A.%20Edi%C3%A7%C3%A3o&searchField=titulo-autor&ano-de-publicacao=1934,,ativo,2026-09-06 13:13,2026-07-23 02:14,
Joaquim Nabuco,Fundador,O Abolicionismo,1938,63.54,SIM,https://www.estantevirtual.com.br/livro/o-abolicionismo-Q6C-3941-000-BK,,ativo,2026-09-06 13:14,2026-07-23 02:14,
Joaquim Nabuco,Fundador,A Intervenção Estrangeira Durante a Revolta,1932,63.54,SIM,https://www.estantevirtual.com.br/livro/a-intervencao-estrangeira-durante-a-revolta-grp-0WQ-6206-000?_preco=3000-10000000&tipo-de-livro=usado,,ativo,2026-09-06 13:14,2026-07-23 02:14,Sebo Brandão São Paulo
Joaquim Nabuco,Fundador,Escriptos e Discursos Litterarios,1901,161.29,SIM,https://www.estantevirtual.com.br/busca?nsCat=Natural&q=Joaquim%20Nabuco%20Escriptos%20e%20Discursos%20Litterarios&searchField=titulo-autor&ano-de-publicacao=1901,,ativo,2026-09-06 13:14,2026-07-23 02:14,
Joaquim Nabuco,Fundador,Balmaceda,1937,74.75,SIM,https://www.estantevirtual.com.br/busca?nsCat=Natural&q=Joaquim%20Nabuco%20Balmaceda&searchField=titulo-autor&ano-de-publicacao=1937,,ativo,2026-09-06 13:14,2026-07-23 02:14,
Joaquim Nabuco,Fundador,A Intervenção Estrangeira Durante a Revolta,1896,230,SIM,https://www.estantevirtual.com.br/busca?nsCat=Natural&q=Joaquim%20Nabuco%20A%20Interven%C3%A7%C3%A3o%20Estrangeira%20Durante%20a%20Revolta&searchField=titulo-autor&ano-de-publicacao=1896,,ativo,2026-09-06 13:14,2026-07-23 02:14,
Joaquim Nabuco,Fundador,A Intervenção Estrangeira Durante a Revolta de 1893,1939,90.96,SIM,https://www.estantevirtual.com.br/busca?nsCat=Natural&q=Joaquim%20Nabuco%20A%20Interven%C3%A7%C3%A3o%20Estrangeira%20Durante%20a%20Revolta%20de%201893&searchField=titulo-autor&ano-de-publicacao=1939,,ativo,2026-09-06 13:14,2026-07-23 02:14,
Joaquim Nabuco,Fundador,um estadista no imperio 2tomos,1936,120,SIM,https://www.estantevirtual.com.br/busca?nsCat=Natural&q=Joaquim%20Nabuco%20um%20estadista%20no%20imperio%202tomos&searchField=titulo-autor&ano-de-publicacao=1936,,ativo,2026-09-06 13:14,2026-07-23 02:14,
Joaquim Nabuco,Fundador,Escriptos e Discursos Litterários,1919,60,SIM,https://www.estantevirtual.com.br/busca?nsCat=Natural&q=Joaquim%20Nabuco%20Escriptos%20e%20Discursos%20Litter%C3%A1rios&searchField=titulo-autor&ano-de-publicacao=1919,,ativo,2026-09-06 13:14,2026-07-23 02:14,
José Veríssimo,Fundador,Homens e Cousas Estrangeiras,1905,72,SIM,https://www.estantevirtual.com.br/busca?nsCat=Natural&q=Jos%C3%A9%20Ver%C3%ADssimo%20Homens%20e%20Cousas%20Estrangeiras&searchField=titulo-autor&ano-de-publicacao=1905,,ativo,2026-09-06 13:14,2026-07-23 02:14,
José Veríssimo,Fundador,Estudos de Literatura Brazileira - Quinta Série,1910,100,SIM,https://www.estantevirtual.com.br/busca?nsCat=Natural&q=Jos%C3%A9%20Ver%C3%ADssimo%20Estudos%20de%20Literatura%20Brazileira%20-%20Quinta%20S%C3%A9rie&searchField=titulo-autor&ano-de-publicacao=1910,,ativo,2026-09-06 13:14,2026-07-23 02:14,
José Veríssimo,Fundador,Estudos de Literatura Brazileira - Primeira Série,1901,100,SIM,https://www.estantevirtual.com.br/busca?nsCat=Natural&q=Jos%C3%A9%20Ver%C3%ADssimo%20Estudos%20de%20Literatura%20Brazileira%20-%20Primeira%20S%C3%A9rie&searchField=titulo-autor&ano-de-publicacao=1901,,ativo,2026-09-06 13:14,2026-07-23 02:14,
José Veríssimo,Fundador,Estudos de Literatura Brazileira - Primeira Série,1901,100,SIM,https://www.estantevirtual.com.br/busca?nsCat=Natural&q=Jos%C3%A9%20Ver%C3%ADssimo%20Estudos%20de%20Literatura%20Brazileira%20-%20Primeira%20S%C3%A9rie&searchField=titulo-autor&ano-de-publicacao=1901,,ativo,2026-09-06 13:14,2026-07-23 02:14,
José Veríssimo,Fundador,Estudos de Literatura Brazileira - Quinta Série,1905,100,SIM,https://www.estantevirtual.com.br/busca?nsCat=Natural&q=Jos%C3%A9%20Ver%C3%ADssimo%20Estudos%20de%20Literatura%20Brazileira%20-%20Quinta%20S%C3%A9rie&searchField=titulo-autor&ano-de-publicacao=1905,,ativo,2026-09-06 13:14,2026-07-23 02:14,
José Veríssimo,Fundador,Estudos de Literatura Brazileira - Terceira Série,1903,199,SIM,https://www.estantevirtual.com.br/busca?nsCat=Natural&q=Jos%C3%A9%20Ver%C3%ADssimo%20Estudos%20de%20Literatura%20Brazileira%20-%20Terceira%20S%C3%A9rie&searchField=titulo-autor&ano-de-publicacao=1903,,ativo,2026-09-06 13:14,2026-07-23 02:14,
José Veríssimo,Fundador,Estudos de Literatura Brazileira,1904,47,SIM,https://www.estantevirtual.com.br/busca?nsCat=Natural&q=Jos%C3%A9%20Ver%C3%ADssimo%20Estudos%20de%20Literatura%20Brazileira&searchField=titulo-autor&ano-de-publicacao=1904,,ativo,2026-09-06 13:14,2026-07-23 02:14,
José Veríssimo,Fundador,Estudos de Literatura Brazileira 4 Serie,1904,39.90,SIM,https://www.estantevirtual.com.br/busca?nsCat=Natural&q=Jos%C3%A9%20Ver%C3%ADssimo%20Estudos%20de%20Literatura%20Brazileira%204%20Serie&searchField=titulo-autor&ano-de-publicacao=1904,,ativo,2026-09-06 13:14,2026-07-23 02:14,
José Veríssimo,Fundador,Que é Literatura? e Outros Escriptos - 8738,1907,30,SIM,https://www.estantevirtual.com.br/busca?nsCat=Natural&q=Jos%C3%A9%20Ver%C3%ADssimo%20Que%20%C3%A9%20Literatura%3F%20e%20Outros%20Escriptos%20-%208738&searchField=titulo-autor&ano-de-publicacao=1907,,ativo,2026-09-06 13:14,2026-07-23 02:14,
José Veríssimo,Fundador,Letras e Literatos,1936,230,SIM,https://www.estantevirtual.com.br/busca?nsCat=Natural&q=Jos%C3%A9%20Ver%C3%ADssimo%20Letras%20e%20Literatos&searchField=titulo-autor&ano-de-publicacao=1936,,ativo,2026-09-06 13:14,2026-07-23 02:14,
José Veríssimo,Fundador,A Educação Nacional - Capa Dura 1909,1909,246.84,SIM,https://www.estantevirtual.com.br/busca?nsCat=Natural&q=Jos%C3%A9%20Ver%C3%ADssimo%20A%20Educa%C3%A7%C3%A3o%20Nacional%20-%20Capa%20Dura%201909&searchField=titulo-autor&ano-de-publicacao=1909,,ativo,2026-09-06 13:15,2026-07-23 02:14,
José Veríssimo,Fundador,Scenas da Vida Amazonica,1886,850,SIM,https://www.estantevirtual.com.br/busca?nsCat=Natural&q=Jos%C3%A9%20Ver%C3%ADssimo%20Scenas%20da%20Vida%20Amazonica&searchField=titulo-autor&ano-de-publicacao=1886,,ativo,2026-09-06 13:15,2026-07-23 02:14,
José Veríssimo,Fundador,Estudos de Literatura Brazileira. - Primeira Série.,1901,49.73,SIM,https://www.estantevirtual.com.br/livro/estudos-de-literatura-brazileira-primeira-serie-grp-JP0-0075-000?_preco=3000-10000000&tipo-de-livro=usado,,ativo,2026-09-06 13:15,2026-07-23 02:14,Sebo Nova Floresta
José Veríssimo,Fundador,Homens e Cousas Estrangeiras I -1899/1900,1902,42.50,SIM,https://www.estantevirtual.com.br/busca?nsCat=Natural&q=Jos%C3%A9%20Ver%C3%ADssimo%20Homens%20e%20Cousas%20Estrangeiras%20I%20-1899%2F1900&searchField=titulo-autor&ano-de-publicacao=1902,,ativo,2026-09-06 13:15,2026-07-23 02:14,
José Veríssimo,Fundador,Estudos de Literatura Brazileira,1907,100,SIM,https://www.estantevirtual.com.br/busca?nsCat=Natural&q=Jos%C3%A9%20Ver%C3%ADssimo%20Estudos%20de%20Literatura%20Brazileira&searchField=titulo-autor&ano-de-publicacao=1907,,ativo,2026-09-06 13:15,2026-07-23 02:14,
José Veríssimo,Fundador,Historia Geral e da Civilização-resumo para Uso de Alunos,1916,230,SIM,https://www.estantevirtual.com.br/busca?nsCat=Natural&q=Jos%C3%A9%20Ver%C3%ADssimo%20Historia%20Geral%20e%20da%20Civiliza%C3%A7%C3%A3o-resumo%20para%20Uso%20de%20Alunos&searchField=titulo-autor&ano-de-publicacao=1916,,ativo,2026-09-06 13:15,2026-07-23 02:14,
José Veríssimo,Fundador,Historia da Literatura Brasileira,1916,100,SIM,https://www.estantevirtual.com.br/busca?nsCat=Natural&q=Jos%C3%A9%20Ver%C3%ADssimo%20Historia%20da%20Literatura%20Brasileira&searchField=titulo-autor&ano-de-publicacao=1916,,ativo,2026-09-06 13:15,2026-07-23 02:14,
José Veríssimo,Fundador,Estudos Brazileiros,1894,165,SIM,https://www.estantevirtual.com.br/busca?nsCat=Natural&q=Jos%C3%A9%20Ver%C3%ADssimo%20Estudos%20Brazileiros&searchField=titulo-autor&ano-de-publicacao=1894,,ativo,2026-09-06 13:15,2026-07-23 02:14,
José Veríssimo,Fundador,Que É Literatura? e Outros Escriptos,1907,45,SIM,https://www.estantevirtual.com.br/busca?nsCat=Natural&q=Jos%C3%A9%20Ver%C3%ADssimo%20Que%20%C3%89%20Literatura%3F%20e%20Outros%20Escriptos&searchField=titulo-autor&ano-de-publicacao=1907,,ativo,2026-09-06 13:15,2026-07-23 02:14,
José Veríssimo,Fundador,Estudos de Literatura - Primeira Série,1901,75,SIM,https://www.estantevirtual.com.br/busca?nsCat=Natural&q=Jos%C3%A9%20Ver%C3%ADssimo%20Estudos%20de%20Literatura%20-%20Primeira%20S%C3%A9rie&searchField=titulo-autor&ano-de-publicacao=1901,,ativo,2026-09-06 13:15,2026-07-23 02:14,
José Veríssimo,Fundador,Estudos de Literatura - Sexta Série,1907,60,SIM,https://www.estantevirtual.com.br/busca?nsCat=Natural&q=Jos%C3%A9%20Ver%C3%ADssimo%20Estudos%20de%20Literatura%20-%20Sexta%20S%C3%A9rie&searchField=titulo-autor&ano-de-publicacao=1907,,ativo,2026-09-06 13:15,2026-07-23 02:14,
José Veríssimo,Fundador,Estudos de Literatura Brazileira,1901,80,SIM,https://www.estantevirtual.com.br/busca?nsCat=Natural&q=Jos%C3%A9%20Ver%C3%ADssimo%20Estudos%20de%20Literatura%20Brazileira&searchField=titulo-autor&ano-de-publicacao=1901,,ativo,2026-09-06 13:15,2026-07-23 02:14,
José Veríssimo,Fundador,Homens e Cousas (coisas) Estrangeiras I -1899/1900,1902,41.47,SIM,https://www.estantevirtual.com.br/busca?nsCat=Natural&q=Jos%C3%A9%20Ver%C3%ADssimo%20Homens%20e%20Cousas%20(coisas)%20Estrangeiras%20I%20-1899%2F1900&searchField=titulo-autor&ano-de-publicacao=1902,,ativo,2026-09-06 13:15,2026-07-23 02:14,
José Veríssimo,Fundador,Estudos de Literatura - 2ª Série - 1899,1899,122,SIM,https://www.estantevirtual.com.br/busca?nsCat=Natural&q=Jos%C3%A9%20Ver%C3%ADssimo%20Estudos%20de%20Literatura%20-%202%C2%AA%20S%C3%A9rie%20-%201899&searchField=titulo-autor&ano-de-publicacao=1899,,ativo,2026-09-06 13:15,2026-07-23 02:14,
José Veríssimo,Fundador,Estudos de Literatura Brazileira - Volume 3º,1903,130,SIM,https://www.estantevirtual.com.br/busca?nsCat=Natural&q=Jos%C3%A9%20Ver%C3%ADssimo%20Estudos%20de%20Literatura%20Brazileira%20-%20Volume%203%C2%BA&searchField=titulo-autor&ano-de-publicacao=1903,,ativo,2026-09-06 13:15,2026-07-23 02:14,
José Veríssimo,Fundador,Estudos de Literatura Brazileira,1901,130,SIM,https://www.estantevirtual.com.br/busca?nsCat=Natural&q=Jos%C3%A9%20Ver%C3%ADssimo%20Estudos%20de%20Literatura%20Brazileira&searchField=titulo-autor&ano-de-publicacao=1901,,ativo,2026-09-06 13:15,2026-07-23 02:14,
José Veríssimo,Fundador,Letras e Literatis 1912 - 1914,1936,150,SIM,https://www.estantevirtual.com.br/busca?nsCat=Natural&q=Jos%C3%A9%20Ver%C3%ADssimo%20Letras%20e%20Literatis%201912%20-%201914&searchField=titulo-autor&ano-de-publicacao=1936,,ativo,2026-09-06 13:15,2026-07-23 02:14,
José Veríssimo,Fundador,Estudos de Literatura Brasileira - Segunda Série,1901,125,SIM,https://www.estantevirtual.com.br/busca?nsCat=Natural&q=Jos%C3%A9%20Ver%C3%ADssimo%20Estudos%20de%20Literatura%20Brasileira%20-%20Segunda%20S%C3%A9rie&searchField=titulo-autor&ano-de-publicacao=1901,,ativo,2026-09-06 13:16,2026-07-23 02:14,
José Veríssimo,Fundador,Estudos de Literatura Brasileira - Primeira Série,1901,125,SIM,https://www.estantevirtual.com.br/busca?nsCat=Natural&q=Jos%C3%A9%20Ver%C3%ADssimo%20Estudos%20de%20Literatura%20Brasileira%20-%20Primeira%20S%C3%A9rie&searchField=titulo-autor&ano-de-publicacao=1901,,ativo,2026-09-06 13:16,2026-07-23 02:14,
José Veríssimo,Fundador,Estudos de Literatura Brasileira - Sexta Série,1907,90,SIM,https://www.estantevirtual.com.br/busca?nsCat=Natural&q=Jos%C3%A9%20Ver%C3%ADssimo%20Estudos%20de%20Literatura%20Brasileira%20-%20Sexta%20S%C3%A9rie&searchField=titulo-autor&ano-de-publicacao=1907,,ativo,2026-09-06 13:16,2026-07-23 02:14,
José Veríssimo,Fundador,Estudos de Literatura Brasileira - Primeira Série,1901,100,SIM,https://www.estantevirtual.com.br/busca?nsCat=Natural&q=Jos%C3%A9%20Ver%C3%ADssimo%20Estudos%20de%20Literatura%20Brasileira%20-%20Primeira%20S%C3%A9rie&searchField=titulo-autor&ano-de-publicacao=1901,,ativo,2026-09-06 13:16,2026-07-23 02:14,
José Veríssimo,Fundador,Estudos de Literatura Brasileira - Segunda Série,1901,100,SIM,https://www.estantevirtual.com.br/busca?nsCat=Natural&q=Jos%C3%A9%20Ver%C3%ADssimo%20Estudos%20de%20Literatura%20Brasileira%20-%20Segunda%20S%C3%A9rie&searchField=titulo-autor&ano-de-publicacao=1901,,ativo,2026-09-06 13:16,2026-07-23 02:14,
José Veríssimo,Fundador,Estudos de Literatura Brasileira - 1ª Série,1901,85,SIM,https://www.estantevirtual.com.br/busca?nsCat=Natural&q=Jos%C3%A9%20Ver%C3%ADssimo%20Estudos%20de%20Literatura%20Brasileira%20-%201%C2%AA%20S%C3%A9rie&searchField=titulo-autor&ano-de-publicacao=1901,,ativo,2026-09-06 13:16,2026-07-23 02:14,
José Veríssimo,Fundador,Homens e Coisas Estrangeiras - 1ª Série,1902,90,SIM,https://www.estantevirtual.com.br/busca?nsCat=Natural&q=Jos%C3%A9%20Ver%C3%ADssimo%20Homens%20e%20Coisas%20Estrangeiras%20-%201%C2%AA%20S%C3%A9rie&searchField=titulo-autor&ano-de-publicacao=1902,,ativo,2026-09-06 13:16,2026-07-23 02:14,
José Veríssimo,Fundador,Homens e Couzas Estrangeiras - Segunda Serie - 1901 - 1902,1905,45,SIM,https://www.estantevirtual.com.br/livro/homens-e-couzas-estrangeiras-segunda-serie-1901-1902-grp-222-6423-000?_preco=3000-10000000&tipo-de-livro=usado,,ativo,2026-09-06 13:16,2026-07-23 02:14,Sebo João Batista
José Veríssimo,Fundador,Que é Literatura? e Outros Escriptos,1907,50,SIM,https://www.estantevirtual.com.br/livro/que-e-literatura-e-outros-escriptos-grp-21S-5957-000?_preco=3000-10000000&tipo-de-livro=usado,,ativo,2026-09-06 13:16,2026-07-23 02:14,Livraria Oliveira
José Veríssimo,Fundador,Homens e cousas estrangeiras: segunda série - 1901 - 1902,1905,50,SIM,https://www.estantevirtual.com.br/busca?nsCat=Natural&q=Jos%C3%A9%20Ver%C3%ADssimo%20Homens%20e%20cousas%20estrangeiras%3A%20segunda%20s%C3%A9rie%20-%201901%20-%201902&searchField=titulo-autor&ano-de-publicacao=1905,,ativo,2026-09-06 13:16,2026-07-23 02:14,
José Veríssimo,Fundador,Homens e Couzas Estrangeiras - treceira série: 1905-1908,1910,35,SIM,https://www.estantevirtual.com.br/busca?nsCat=Natural&q=Jos%C3%A9%20Ver%C3%ADssimo%20Homens%20e%20Couzas%20Estrangeiras%20-%20treceira%20s%C3%A9rie%3A%201905-1908&searchField=titulo-autor&ano-de-publicacao=1910,,ativo,2026-09-06 13:16,2026-07-23 02:14,
José Veríssimo,Fundador,Estudos de Literatura Brazileira Quarta Serie,1904,45,SIM,https://www.estantevirtual.com.br/busca?nsCat=Natural&q=Jos%C3%A9%20Ver%C3%ADssimo%20Estudos%20de%20Literatura%20Brazileira%20Quarta%20Serie&searchField=titulo-autor&ano-de-publicacao=1904,,ativo,2026-09-06 13:16,2026-07-23 02:14,
José Veríssimo,Fundador,Estudos de Literatura Brazileira-primeira Serie,1901,50,SIM,https://www.estantevirtual.com.br/busca?nsCat=Natural&q=Jos%C3%A9%20Ver%C3%ADssimo%20Estudos%20de%20Literatura%20Brazileira-primeira%20Serie&searchField=titulo-autor&ano-de-publicacao=1901,,ativo,2026-09-06 13:16,2026-07-23 02:14,
José Veríssimo,Fundador,Estudos de Literatura Brazileira,1910,200,SIM,https://www.estantevirtual.com.br/busca?nsCat=Natural&q=Jos%C3%A9%20Ver%C3%ADssimo%20Estudos%20de%20Literatura%20Brazileira&searchField=titulo-autor&ano-de-publicacao=1910,,ativo,2026-09-06 13:16,2026-07-23 02:14,
José Veríssimo,Fundador,Homens e Cousas Estrangeiras I,1902,50,SIM,https://www.estantevirtual.com.br/busca?nsCat=Natural&q=Jos%C3%A9%20Ver%C3%ADssimo%20Homens%20e%20Cousas%20Estrangeiras%20I&searchField=titulo-autor&ano-de-publicacao=1902,,ativo,2026-09-06 13:16,2026-07-23 02:14,
José Veríssimo,Fundador,Estudos de Literatura Brazileira - Sexta Série,1907,49,SIM,https://www.estantevirtual.com.br/busca?nsCat=Natural&q=Jos%C3%A9%20Ver%C3%ADssimo%20Estudos%20de%20Literatura%20Brazileira%20-%20Sexta%20S%C3%A9rie&searchField=titulo-autor&ano-de-publicacao=1907,,ativo,2026-09-06 13:16,2026-07-23 02:14,
José Veríssimo,Fundador,Estudos de Literatura Brazileira Quarta Serie,1904,45,SIM,https://www.estantevirtual.com.br/busca?nsCat=Natural&q=Jos%C3%A9%20Ver%C3%ADssimo%20Estudos%20de%20Literatura%20Brazileira%20Quarta%20Serie&searchField=titulo-autor&ano-de-publicacao=1904,,ativo,2026-09-06 13:16,2026-07-23 02:14,
José Veríssimo,Fundador,Letras e Literatos: Estudinhos Criticos da Nossa Literatura: 1912-1914,1936,112.11,SIM,https://www.estantevirtual.com.br/busca?nsCat=Natural&q=Jos%C3%A9%20Ver%C3%ADssimo%20Letras%20e%20Literatos%3A%20Estudinhos%20Criticos%20da%20Nossa%20Literatura%3A%201912-1914&searchField=titulo-autor&ano-de-publicacao=1936,,ativo,2026-09-06 13:17,2026-07-23 02:14,
José Veríssimo,Fundador,Historia da Literatura Brasileira,1929,48,SIM,https://www.estantevirtual.com.br/busca?nsCat=Natural&q=Jos%C3%A9%20Ver%C3%ADssimo%20Historia%20da%20Literatura%20Brasileira&searchField=titulo-autor&ano-de-publicacao=1929,,ativo,2026-09-06 13:17,2026-07-23 02:14,
José Veríssimo,Fundador,Estudos de Literatura Brasileira 6a. Série,1907,40,SIM,https://www.estantevirtual.com.br/busca?nsCat=Natural&q=Jos%C3%A9%20Ver%C3%ADssimo%20Estudos%20de%20Literatura%20Brasileira%206a.%20S%C3%A9rie&searchField=titulo-autor&ano-de-publicacao=1907,,ativo,2026-09-06 13:17,2026-07-23 02:14,
José Veríssimo,Fundador,Estudos de Literatura Brasileira 5a. Série,1905,40,SIM,https://www.estantevirtual.com.br/busca?nsCat=Natural&q=Jos%C3%A9%20Ver%C3%ADssimo%20Estudos%20de%20Literatura%20Brasileira%205a.%20S%C3%A9rie&searchField=titulo-autor&ano-de-publicacao=1905,,ativo,2026-09-06 13:17,2026-07-23 02:14,
José Veríssimo,Fundador,Historia da Literatura Brasileira,1916,80,SIM,https://www.estantevirtual.com.br/livro/historia-da-literatura-brasileira-grp-1B4-3256-000?_preco=3000-10000000&tipo-de-livro=usado,,vendido,2026-07-28 15:26,2026-07-23 02:14,
José Veríssimo,Fundador,Estudos de Literatura Brazileira - Terceira Série,1903,130,SIM,https://www.estantevirtual.com.br/busca?nsCat=Natural&q=Jos%C3%A9%20Ver%C3%ADssimo%20Estudos%20de%20Literatura%20Brazileira%20-%20Terceira%20S%C3%A9rie&searchField=titulo-autor&ano-de-publicacao=1903,,ativo,2026-09-06 13:17,2026-07-23 02:14,
José Veríssimo,Fundador,Estudos de Literatura Brazileira - Quarta Série,1905,130,SIM,https://www.estantevirtual.com.br/busca?nsCat=Natural&q=Jos%C3%A9%20Ver%C3%ADssimo%20Estudos%20de%20Literatura%20Brazileira%20-%20Quarta%20S%C3%A9rie&searchField=titulo-autor&ano-de-publicacao=1905,,ativo,2026-09-06 13:17,2026-07-23 02:14,
José Veríssimo,Fundador,Estudos de Literatura Brazileira - Quinta Série,1905,130,SIM,https://www.estantevirtual.com.br/busca?nsCat=Natural&q=Jos%C3%A9%20Ver%C3%ADssimo%20Estudos%20de%20Literatura%20Brazileira%20-%20Quinta%20S%C3%A9rie&searchField=titulo-autor&ano-de-publicacao=1905,,ativo,2026-09-06 13:17,2026-07-23 02:14,
José Veríssimo,Fundador,Estudos de Literatura Brazileira - Primeira Série,1901,130,SIM,https://www.estantevirtual.com.br/busca?nsCat=Natural&q=Jos%C3%A9%20Ver%C3%ADssimo%20Estudos%20de%20Literatura%20Brazileira%20-%20Primeira%20S%C3%A9rie&searchField=titulo-autor&ano-de-publicacao=1901,,ativo,2026-09-06 13:17,2026-07-23 02:14,
José Veríssimo,Fundador,Historia da Literatura Brasileira,1916,120,SIM,https://www.estantevirtual.com.br/busca?nsCat=Natural&q=Jos%C3%A9%20Ver%C3%ADssimo%20Historia%20da%20Literatura%20Brasileira&searchField=titulo-autor&ano-de-publicacao=1916,,ativo,2026-09-06 13:17,2026-07-23 02:14,
José Veríssimo,Fundador,Estudos de Literatura Brazileira,1901,140,SIM,https://www.estantevirtual.com.br/busca?nsCat=Natural&q=Jos%C3%A9%20Ver%C3%ADssimo%20Estudos%20de%20Literatura%20Brazileira&searchField=titulo-autor&ano-de-publicacao=1901,,ativo,2026-09-06 13:17,2026-07-23 02:14,
José Veríssimo,Fundador,Homens e Cousas Estrangeiras 3 Tomos,1902,220,SIM,https://www.estantevirtual.com.br/busca?nsCat=Natural&q=Jos%C3%A9%20Ver%C3%ADssimo%20Homens%20e%20Cousas%20Estrangeiras%203%20Tomos&searchField=titulo-autor&ano-de-publicacao=1902,,ativo,2026-09-06 13:17,2026-07-23 02:14,
José Veríssimo,Fundador,Que É Literatura ? e Outros Escriptos,1907,90,SIM,https://www.estantevirtual.com.br/busca?nsCat=Natural&q=Jos%C3%A9%20Ver%C3%ADssimo%20Que%20%C3%89%20Literatura%20%3F%20e%20Outros%20Escriptos&searchField=titulo-autor&ano-de-publicacao=1907,,ativo,2026-09-06 13:17,2026-07-23 02:14,
José Veríssimo,Fundador,Historia Geral e da Civilização Resumo para Uso dos Alunos,1916,180,SIM,https://www.estantevirtual.com.br/busca?nsCat=Natural&q=Jos%C3%A9%20Ver%C3%ADssimo%20Historia%20Geral%20e%20da%20Civiliza%C3%A7%C3%A3o%20Resumo%20para%20Uso%20dos%20Alunos&searchField=titulo-autor&ano-de-publicacao=1916,,ativo,2026-09-06 13:17,2026-07-23 02:14,
José Veríssimo,Fundador,Letras e Literatos,1936,120,SIM,https://www.estantevirtual.com.br/busca?nsCat=Natural&q=Jos%C3%A9%20Ver%C3%ADssimo%20Letras%20e%20Literatos&searchField=titulo-autor&ano-de-publicacao=1936,,ativo,2026-09-06 13:17,2026-07-23 02:14,
José Veríssimo,Fundador,A Pesca na Amazonia,1895,320,SIM,https://www.estantevirtual.com.br/busca?nsCat=Natural&q=Jos%C3%A9%20Ver%C3%ADssimo%20A%20Pesca%20na%20Amazonia&searchField=titulo-autor&ano-de-publicacao=1895,,ativo,2026-09-06 13:17,2026-07-23 02:14,
José Veríssimo,Fundador,Letras e Literatos,1936,150,SIM,https://www.estantevirtual.com.br/busca?nsCat=Natural&q=Jos%C3%A9%20Ver%C3%ADssimo%20Letras%20e%20Literatos&searchField=titulo-autor&ano-de-publicacao=1936,,ativo,2026-09-06 13:17,2026-07-23 02:14,
José Veríssimo,Fundador,Historia da Literatura Brasileira 1º Milheiro,1916,43,SIM,https://www.estantevirtual.com.br/busca?nsCat=Natural&q=Jos%C3%A9%20Ver%C3%ADssimo%20Historia%20da%20Literatura%20Brasileira%201%C2%BA%20Milheiro&searchField=titulo-autor&ano-de-publicacao=1916,,ativo,2026-09-06 13:17,2026-07-23 02:14,
José Veríssimo,Fundador,Estudos de Literatura Brazileira 4ª Serie,1904,64,SIM,https://www.estantevirtual.com.br/busca?nsCat=Natural&q=Jos%C3%A9%20Ver%C3%ADssimo%20Estudos%20de%20Literatura%20Brazileira%204%C2%AA%20Serie&searchField=titulo-autor&ano-de-publicacao=1904,,ativo,2026-09-06 13:17,2026-07-23 02:14,
José Veríssimo,Fundador,Que é Literatura e Outros Escriptos,1907,150,SIM,https://www.estantevirtual.com.br/busca?nsCat=Natural&q=Jos%C3%A9%20Ver%C3%ADssimo%20Que%20%C3%A9%20Literatura%20e%20Outros%20Escriptos&searchField=titulo-autor&ano-de-publicacao=1907,,ativo,2026-09-06 13:18,2026-07-23 02:14,
José Veríssimo,Fundador,Estudos de Literatura Brazileira - 5° Serie - 452,1910,43,SIM,https://www.estantevirtual.com.br/busca?nsCat=Natural&q=Jos%C3%A9%20Ver%C3%ADssimo%20Estudos%20de%20Literatura%20Brazileira%20-%205%C2%B0%20Serie%20-%20452&searchField=titulo-autor&ano-de-publicacao=1910,,ativo,2026-09-06 13:18,2026-07-23 02:14,
José Veríssimo,Fundador,Homens e Cousas Estrangeiras ( I) 1899-1900,1902,1498.55,SIM,https://www.estantevirtual.com.br/busca?nsCat=Natural&q=Jos%C3%A9%20Ver%C3%ADssimo%20Homens%20e%20Cousas%20Estrangeiras%20(%20I)%201899-1900&searchField=titulo-autor&ano-de-publicacao=1902,,ativo,2026-09-06 13:18,2026-07-23 02:14,
José Veríssimo,Fundador,Estudos de Literatura Brazileira - 1ª Série,1901,50,SIM,https://www.estantevirtual.com.br/busca?nsCat=Natural&q=Jos%C3%A9%20Ver%C3%ADssimo%20Estudos%20de%20Literatura%20Brazileira%20-%201%C2%AA%20S%C3%A9rie&searchField=titulo-autor&ano-de-publicacao=1901,,ativo,2026-09-06 13:18,2026-07-23 02:14,
José Veríssimo,Fundador,"estudos de literatura brazileira, sexta série",1907,49,SIM,https://www.estantevirtual.com.br/livro/estudos-de-literatura-brazileira-sexta-serie-grp-0TR-7095-000?_preco=3000-10000000&tipo-de-livro=usado,,ativo,2026-09-06 13:18,2026-07-23 02:14,Sebo Fulô
José Veríssimo,Fundador,"estudos de literatura brazileira, terceira série",1903,49,SIM,https://www.estantevirtual.com.br/livro/estudos-de-literatura-brazileira-terceira-serie-grp-0TR-6427-000?_preco=3000-10000000&tipo-de-livro=usado,,ativo,2026-09-06 13:18,2026-07-23 02:14,Sebo Fulô
José Veríssimo,Fundador,"estudos de literatura brazileira, quinta série",1905,49,SIM,https://www.estantevirtual.com.br/livro/estudos-de-literatura-brazileira-quinta-serie-grp-0TR-5438-000?_preco=3000-10000000&tipo-de-livro=usado,,ativo,2026-09-06 13:18,2026-07-23 02:14,Sebo Fulô
José Veríssimo,Fundador,"estudos de literatura brazileira, quarta série",1904,49,SIM,https://www.estantevirtual.com.br/busca?nsCat=Natural&q=Jos%C3%A9%20Ver%C3%ADssimo%20estudos%20de%20literatura%20brazileira%2C%20quarta%20s%C3%A9rie&searchField=titulo-autor&ano-de-publicacao=1904,,ativo,2026-09-06 13:18,2026-07-23 02:14,
José Veríssimo,Fundador,"estudos de literatura brazileira, primeira série (1895-1898)",1901,49,SIM,https://www.estantevirtual.com.br/busca?nsCat=Natural&q=Jos%C3%A9%20Ver%C3%ADssimo%20estudos%20de%20literatura%20brazileira%2C%20primeira%20s%C3%A9rie%20(1895-1898)&searchField=titulo-autor&ano-de-publicacao=1901,,ativo,2026-09-06 13:18,2026-07-23 02:14,
Lúcio de Mendonça,Fundador,Vergastas - Reencadernado,1889,196.25,SIM,https://www.estantevirtual.com.br/busca?nsCat=Natural&q=L%C3%BAcio%20de%20Mendon%C3%A7a%20Vergastas%20-%20Reencadernado&searchField=titulo-autor&ano-de-publicacao=1889,,vendido,2026-08-09 12:12,2026-07-23 02:14,
Lúcio de Mendonça,Fundador,Vergastas,1889,140,SIM,https://www.estantevirtual.com.br/busca?nsCat=Natural&q=L%C3%BAcio%20de%20Mendon%C3%A7a%20Vergastas&searchField=titulo-autor&ano-de-publicacao=1889,,ativo,2026-09-06 13:18,2026-07-23 02:14,
Lúcio de Mendonça,Fundador,Vergastas,1889,350,SIM,https://www.estantevirtual.com.br/busca?nsCat=Natural&q=L%C3%BAcio%20de%20Mendon%C3%A7a%20Vergastas&searchField=titulo-autor&ano-de-publicacao=1889,,ativo,2026-09-06 13:18,2026-07-23 02:14,
Lúcio de Mendonça,Fundador,Alvoradas - 1ª Edição,1875,550,SIM,https://www.estantevirtual.com.br/busca?nsCat=Natural&q=L%C3%BAcio%20de%20Mendon%C3%A7a%20Alvoradas%20-%201%C2%AA%20Edi%C3%A7%C3%A3o&searchField=titulo-autor&ano-de-publicacao=1875,,ativo,2026-09-06 13:18,2026-07-23 02:14,
Lúcio de Mendonça,Fundador,Caricaturas Instantâneas,1939,40,SIM,https://www.estantevirtual.com.br/busca?nsCat=Natural&q=L%C3%BAcio%20de%20Mendon%C3%A7a%20Caricaturas%20Instant%C3%A2neas&searchField=titulo-autor&ano-de-publicacao=1939,,ativo,2026-09-06 13:18,2026-07-23 02:14,
Lúcio de Mendonça,Fundador,Vergastas,1889,520,SIM,https://www.estantevirtual.com.br/busca?nsCat=Natural&q=L%C3%BAcio%20de%20Mendon%C3%A7a%20Vergastas&searchField=titulo-autor&ano-de-publicacao=1889,,ativo,2026-09-06 13:18,2026-07-23 02:14,
Lúcio de Mendonça,Fundador,Vergastas. Poesias,1889,520,SIM,https://www.estantevirtual.com.br/busca?nsCat=Natural&q=L%C3%BAcio%20de%20Mendon%C3%A7a%20Vergastas.%20Poesias&searchField=titulo-autor&ano-de-publicacao=1889,,ativo,2026-09-06 13:18,2026-07-23 02:14,
Lúcio de Mendonça,Fundador,Vergastas. Poesias,1889,520,SIM,https://www.estantevirtual.com.br/busca?nsCat=Natural&q=L%C3%BAcio%20de%20Mendon%C3%A7a%20Vergastas.%20Poesias&searchField=titulo-autor&ano-de-publicacao=1889,,ativo,2026-09-06 13:18,2026-07-23 02:14,
Luís Murat,Fundador,Sára,1921,73,SIM,https://www.estantevirtual.com.br/livro/sara-grp-R0W-1260-000?_preco=3000-10000000&tipo-de-livro=usado,,vendido,2026-08-11 11:21,2026-07-23 02:14,Verso e Prosa
Luís Murat,Fundador,Sara,1921,40,SIM,https://www.estantevirtual.com.br/livro/sara-grp-JI7-9604-000?_preco=3000-10000000&tipo-de-livro=usado,,ativo,2026-09-06 13:18,2026-07-23 02:14,Sebo Essencial
Luís Murat,Fundador,Sára,1921,40.50,SIM,https://www.estantevirtual.com.br/livro/sara-grp-FD1-8855-000?_preco=3000-10000000&tipo-de-livro=usado,,ativo,2026-09-06 13:19,2026-07-23 02:14,Livraria Dom Pedro II
Luís Murat,Fundador,Sara,1921,120,SIM,https://www.estantevirtual.com.br/busca?nsCat=Natural&q=Lu%C3%ADs%20Murat%20Sara&searchField=titulo-autor&ano-de-publicacao=1921,,ativo,2026-09-06 13:19,2026-07-23 02:14,
Machado de Assis,Fundador,A Mão e a Luva,1907,200,SIM,https://www.estantevirtual.com.br/livro/a-mao-e-a-luva-grp-RH2-7830-000?_preco=3000-10000000&tipo-de-livro=usado,,ativo,2026-09-06 13:19,2026-07-23 02:14,Amantes do Livro
Machado de Assis,Fundador,Esaú e Jacob,1917,200,SIM,https://www.estantevirtual.com.br/busca?nsCat=Natural&q=Machado%20de%20Assis%20Esa%C3%BA%20e%20Jacob&searchField=titulo-autor&ano-de-publicacao=1917,,ativo,2026-09-06 13:19,2026-07-23 02:14,
Machado de Assis,Fundador,Memórias Póstumas de Brás Cubas - Memorias Posthumas Braz Cubas,1921,375,SIM,https://www.estantevirtual.com.br/busca?nsCat=Natural&q=Machado%20de%20Assis%20Mem%C3%B3rias%20P%C3%B3stumas%20de%20Br%C3%A1s%20Cubas%20-%20Memorias%20Posthumas%20Braz%20Cubas&searchField=titulo-autor&ano-de-publicacao=1921,,ativo,2026-09-06 13:19,2026-07-23 02:14,
Machado de Assis,Fundador,Memorial de Ayres - 1ª Edição,1908,3200,SIM,https://www.estantevirtual.com.br/busca?nsCat=Natural&q=Machado%20de%20Assis%20Memorial%20de%20Ayres%20-%201%C2%AA%20Edi%C3%A7%C3%A3o&searchField=titulo-autor&ano-de-publicacao=1908,,ativo,2026-09-06 13:19,2026-07-23 02:14,
Machado de Assis,Fundador,Outras Reliquias Proza e Verso,1920,450,SIM,https://www.estantevirtual.com.br/busca?nsCat=Natural&q=Machado%20de%20Assis%20Outras%20Reliquias%20Proza%20e%20Verso&searchField=titulo-autor&ano-de-publicacao=1920,,ativo,2026-09-06 13:19,2026-07-23 02:14,
Machado de Assis,Fundador,Machado de Assis Em Audiolivro,1900,49,SIM,https://www.estantevirtual.com.br/livro/missa-do-galo-e-outros-contos-de-machado-de-assis-09J-6261-000-BK,,ativo,2026-09-06 13:19,2026-07-23 02:14,
Machado de Assis,Fundador,QUINCAS BORBA,1926,150,SIM,https://www.estantevirtual.com.br/livro/quincas-borba-07Z-6234-000-BK,,ativo,2026-09-06 13:19,2026-07-23 02:14,
Machado de Assis,Fundador,Contos Fluminenses V. 1 e 2,1938,39.90,SIM,https://www.estantevirtual.com.br/busca?nsCat=Natural&q=Machado%20de%20Assis%20Contos%20Fluminenses%20V.%201%20e%202&searchField=titulo-autor&ano-de-publicacao=1938,,vendido,2026-07-30 15:29,2026-07-23 02:14,
Machado de Assis,Fundador,Quincas Borba 3ª Edição,1899,149.94,SIM,https://www.estantevirtual.com.br/busca?nsCat=Natural&q=Machado%20de%20Assis%20Quincas%20Borba%203%C2%AA%20Edi%C3%A7%C3%A3o&searchField=titulo-autor&ano-de-publicacao=1899,,ativo,2026-09-06 13:19,2026-07-23 02:14,
Machado de Assis,Fundador,Contos Fluminenses,1924,90,SIM,https://www.estantevirtual.com.br/livro/contos-fluminenses-0EG-8397-000-BK,,vendido,2026-08-07 13:12,2026-07-23 02:14,
Machado de Assis,Fundador,Dom Casmurro - 2ª Edição,1900,1000,SIM,https://www.estantevirtual.com.br/busca?nsCat=Natural&q=Machado%20de%20Assis%20Dom%20Casmurro%20-%202%C2%AA%20Edi%C3%A7%C3%A3o&searchField=titulo-autor&ano-de-publicacao=1900,,ativo,2026-09-06 13:19,2026-07-23 02:14,
Machado de Assis,Fundador,Resurreição,1917,280,SIM,https://www.estantevirtual.com.br/busca?nsCat=Natural&q=Machado%20de%20Assis%20Resurrei%C3%A7%C3%A3o&searchField=titulo-autor&ano-de-publicacao=1917,,ativo,2026-09-06 13:19,2026-07-23 02:14,
Machado de Assis,Fundador,Memorial de Ayres,1908,1700,SIM,https://www.estantevirtual.com.br/busca?nsCat=Natural&q=Machado%20de%20Assis%20Memorial%20de%20Ayres&searchField=titulo-autor&ano-de-publicacao=1908,,ativo,2026-09-06 13:19,2026-07-23 02:14,
Machado de Assis,Fundador,Reliquias de Casa Velha,1906,1700,SIM,https://www.estantevirtual.com.br/busca?nsCat=Natural&q=Machado%20de%20Assis%20Reliquias%20de%20Casa%20Velha&searchField=titulo-autor&ano-de-publicacao=1906,,ativo,2026-09-06 13:19,2026-07-23 02:14,
Machado de Assis,Fundador,Paginas Recolhidas,1899,1700,SIM,https://www.estantevirtual.com.br/busca?nsCat=Natural&q=Machado%20de%20Assis%20Paginas%20Recolhidas&searchField=titulo-autor&ano-de-publicacao=1899,,ativo,2026-09-06 13:19,2026-07-23 02:14,
Machado de Assis,Fundador,Conceitos e Pensamentos,1925,220,SIM,https://www.estantevirtual.com.br/busca?nsCat=Natural&q=Machado%20de%20Assis%20Conceitos%20e%20Pensamentos&searchField=titulo-autor&ano-de-publicacao=1925,,ativo,2026-09-06 13:19,2026-07-23 02:14,
Machado de Assis,Fundador,Obras Completas - coleção com 30 volumes,1938,350,SIM,https://www.estantevirtual.com.br/busca?nsCat=Natural&q=Machado%20de%20Assis%20Obras%20Completas%20-%20cole%C3%A7%C3%A3o%20com%2030%20volumes&searchField=titulo-autor&ano-de-publicacao=1938,,ativo,2026-09-06 13:19,2026-07-23 02:14,
Machado de Assis,Fundador,Helena,1929,99,SIM,https://www.estantevirtual.com.br/busca?nsCat=Natural&q=Machado%20de%20Assis%20Helena&searchField=titulo-autor&ano-de-publicacao=1929,,ativo,2026-09-06 13:20,2026-07-23 02:14,
Machado de Assis,Fundador,Histórias Sem Data,1937,34.56,SIM,https://www.estantevirtual.com.br/livro/historias-sem-data-0RU-1240-000-BK,,ativo,2026-09-06 13:20,2026-07-23 02:14,
Machado de Assis,Fundador,Poesias Completas 2ª Ed Com Erro Tipográgico Lhe Cagara 1902,1902,5000,SIM,https://www.estantevirtual.com.br/busca?nsCat=Natural&q=Machado%20de%20Assis%20Poesias%20Completas%202%C2%AA%20Ed%20Com%20Erro%20Tipogr%C3%A1gico%20Lhe%20Cagara%201902&searchField=titulo-autor&ano-de-publicacao=1902,,vendido,2026-07-30 15:30,2026-07-23 02:14,
Machado de Assis,Fundador,Dom Casmurro,1938,30,SIM,https://www.estantevirtual.com.br/busca?nsCat=Natural&q=Machado%20de%20Assis%20Dom%20Casmurro&searchField=titulo-autor&ano-de-publicacao=1938,,ativo,2026-09-06 13:20,2026-07-23 02:14,
Machado de Assis,Fundador,Poesias Completas,1938,38,SIM,https://www.estantevirtual.com.br/busca?nsCat=Natural&q=Machado%20de%20Assis%20Poesias%20Completas&searchField=titulo-autor&ano-de-publicacao=1938,,ativo,2026-09-06 13:20,2026-07-23 02:14,
Machado de Assis,Fundador,Historias Romanticas,1938,130,SIM,https://www.estantevirtual.com.br/busca?nsCat=Natural&q=Machado%20de%20Assis%20Historias%20Romanticas&searchField=titulo-autor&ano-de-publicacao=1938,,ativo,2026-09-06 13:20,2026-07-23 02:14,
Machado de Assis,Fundador,Histórias sem Data,1938,30,SIM,https://www.estantevirtual.com.br/busca?nsCat=Natural&q=Machado%20de%20Assis%20Hist%C3%B3rias%20sem%20Data&searchField=titulo-autor&ano-de-publicacao=1938,,ativo,2026-09-06 13:20,2026-07-23 02:14,
Machado de Assis,Fundador,Chronicas 1864-1867 - Vol. 2,1938,30,SIM,https://www.estantevirtual.com.br/busca?nsCat=Natural&q=Machado%20de%20Assis%20Chronicas%201864-1867%20-%20Vol.%202&searchField=titulo-autor&ano-de-publicacao=1938,,ativo,2026-09-06 13:20,2026-07-23 02:14,
Machado de Assis,Fundador,A Semana - 1895-1900 - Vol. 3,1938,30,SIM,https://www.estantevirtual.com.br/livro/a-semana-18951900-vol-3-grp-Q6Y-9038-000?_preco=3000-10000000&tipo-de-livro=usado,,ativo,2026-09-06 13:20,2026-07-23 02:14,Sebo Rebouças
Machado de Assis,Fundador,Relíquias de Casa Velha - Vol. 1,1938,60,SIM,https://www.estantevirtual.com.br/busca?nsCat=Natural&q=Machado%20de%20Assis%20Rel%C3%ADquias%20de%20Casa%20Velha%20-%20Vol.%201&searchField=titulo-autor&ano-de-publicacao=1938,,ativo,2026-09-06 13:20,2026-07-23 02:14,
Machado de Assis,Fundador,Páginas Recolhidas - 2ª Edição,1900,275,SIM,https://www.estantevirtual.com.br/busca?nsCat=Natural&q=Machado%20de%20Assis%20P%C3%A1ginas%20Recolhidas%20-%202%C2%AA%20Edi%C3%A7%C3%A3o&searchField=titulo-autor&ano-de-publicacao=1900,,ativo,2026-09-06 13:20,2026-07-23 02:14,
Machado de Assis,Fundador,Poesias Completas,1924,87,SIM,https://www.estantevirtual.com.br/busca?nsCat=Natural&q=Machado%20de%20Assis%20Poesias%20Completas&searchField=titulo-autor&ano-de-publicacao=1924,,ativo,2026-09-06 13:20,2026-07-23 02:14,
Machado de Assis,Fundador,A Semana 1ª Edição,1914,480,SIM,https://www.estantevirtual.com.br/busca?nsCat=Natural&q=Machado%20de%20Assis%20A%20Semana%201%C2%AA%20Edi%C3%A7%C3%A3o&searchField=titulo-autor&ano-de-publicacao=1914,,ativo,2026-09-06 13:20,2026-07-23 02:14,
Machado de Assis,Fundador,Tu Só Tu Puro Amor - Primeira Edição,1880,2000,SIM,https://www.estantevirtual.com.br/busca?nsCat=Natural&q=Machado%20de%20Assis%20Tu%20S%C3%B3%20Tu%20Puro%20Amor%20-%20Primeira%20Edi%C3%A7%C3%A3o&searchField=titulo-autor&ano-de-publicacao=1880,,ativo,2026-09-06 13:20,2026-07-23 02:14,
Machado de Assis,Fundador,Novas Relíquias - 1ª Edição,1932,100,SIM,https://www.estantevirtual.com.br/busca?nsCat=Natural&q=Machado%20de%20Assis%20Novas%20Rel%C3%ADquias%20-%201%C2%AA%20Edi%C3%A7%C3%A3o&searchField=titulo-autor&ano-de-publicacao=1932,,ativo,2026-09-06 13:20,2026-07-23 02:14,
Machado de Assis,Fundador,"Esaú, Jacó e o Memorial de Aires: a Madureira de um Gênio",1908,39.99,SIM,https://www.estantevirtual.com.br/busca?nsCat=Natural&q=Machado%20de%20Assis%20Esa%C3%BA%2C%20Jac%C3%B3%20e%20o%20Memorial%20de%20Aires%3A%20a%20Madureira%20de%20um%20G%C3%AAnio&searchField=titulo-autor&ano-de-publicacao=1908,,ativo,2026-09-06 13:20,2026-07-23 02:14,
Machado de Assis,Fundador,Quincas Borba,1899,330,SIM,https://www.estantevirtual.com.br/livro/quincas-borba-07Z-6234-000-BK,,ativo,2026-09-06 13:20,2026-07-23 02:14,
Machado de Assis,Fundador,Contos Fluminenses - 2ª Edição,1899,550,SIM,https://www.estantevirtual.com.br/livro/contos-fluminenses-2-edicao-grp-OYR-0113-000?_preco=3000-10000000&tipo-de-livro=usado,,vendido,2026-08-17 11:02,2026-07-23 02:14,O Buquineiro
Machado de Assis,Fundador,Criica,1910,320,SIM,https://www.estantevirtual.com.br/livro/criica-grp-OYQ-1229-000?_preco=3000-10000000&tipo-de-livro=usado,,ativo,2026-09-06 13:21,2026-07-23 02:14,Livraria Virtual Incunábulo
Machado de Assis,Fundador,Outra Reliquias Proza e Verso Coleção Postuma,1910,320,SIM,https://www.estantevirtual.com.br/livro/outra-reliquias-proza-e-verso-colecao-postuma-grp-OYQ-1218-000?_preco=3000-10000000&tipo-de-livro=usado,,ativo,2026-09-06 13:21,2026-07-23 02:14,Livraria Virtual Incunábulo
Machado de Assis,Fundador,Teatro - 1ª Edição,1910,200,SIM,https://www.estantevirtual.com.br/busca?nsCat=Natural&q=Machado%20de%20Assis%20Teatro%20-%201%C2%AA%20Edi%C3%A7%C3%A3o&searchField=titulo-autor&ano-de-publicacao=1910,,ativo,2026-09-06 13:21,2026-07-23 02:14,
Machado de Assis,Fundador,Papéis Avulsos - 1ª Edição,1882,1800,SIM,https://www.estantevirtual.com.br/busca?nsCat=Natural&q=Machado%20de%20Assis%20Pap%C3%A9is%20Avulsos%20-%201%C2%AA%20Edi%C3%A7%C3%A3o&searchField=titulo-autor&ano-de-publicacao=1882,,ativo,2026-09-06 13:21,2026-07-23 02:14,
Machado de Assis,Fundador,Páginas Recolhidas - 1ª Edição,1899,1800,SIM,https://www.estantevirtual.com.br/busca?nsCat=Natural&q=Machado%20de%20Assis%20P%C3%A1ginas%20Recolhidas%20-%201%C2%AA%20Edi%C3%A7%C3%A3o&searchField=titulo-autor&ano-de-publicacao=1899,,ativo,2026-09-06 13:21,2026-07-23 02:14,
Machado de Assis,Fundador,Americanas - 1ª Edição,1875,2800,SIM,https://www.estantevirtual.com.br/busca?nsCat=Natural&q=Machado%20de%20Assis%20Americanas%20-%201%C2%AA%20Edi%C3%A7%C3%A3o&searchField=titulo-autor&ano-de-publicacao=1875,,ativo,2026-09-06 13:21,2026-07-23 02:14,
Machado de Assis,Fundador,A Mão e a Luva - 2ª Edição,1907,450,SIM,https://www.estantevirtual.com.br/busca?nsCat=Natural&q=Machado%20de%20Assis%20A%20M%C3%A3o%20e%20a%20Luva%20-%202%C2%AA%20Edi%C3%A7%C3%A3o&searchField=titulo-autor&ano-de-publicacao=1907,,ativo,2026-09-06 13:21,2026-07-23 02:14,
Machado de Assis,Fundador,Poesias Completas - Com Erro Corrigido,1902,2600,SIM,https://www.estantevirtual.com.br/busca?nsCat=Natural&q=Machado%20de%20Assis%20Poesias%20Completas%20-%20Com%20Erro%20Corrigido&searchField=titulo-autor&ano-de-publicacao=1902,,ativo,2026-09-06 13:21,2026-07-23 02:14,
Machado de Assis,Fundador,Contos Fluminenses Nova Edição,1899,380,SIM,https://www.estantevirtual.com.br/busca?nsCat=Natural&q=Machado%20de%20Assis%20Contos%20Fluminenses%20Nova%20Edi%C3%A7%C3%A3o&searchField=titulo-autor&ano-de-publicacao=1899,,ativo,2026-09-06 13:21,2026-07-23 02:14,
Machado de Assis,Fundador,Páginas Escolhidas,1938,30,SIM,https://www.estantevirtual.com.br/busca?nsCat=Natural&q=Machado%20de%20Assis%20P%C3%A1ginas%20Escolhidas&searchField=titulo-autor&ano-de-publicacao=1938,,ativo,2026-09-06 13:21,2026-07-23 02:14,
Machado de Assis,Fundador,Reliquias de Casa Velha 2,1938,30,SIM,https://www.estantevirtual.com.br/busca?nsCat=Natural&q=Machado%20de%20Assis%20Reliquias%20de%20Casa%20Velha%202&searchField=titulo-autor&ano-de-publicacao=1938,,ativo,2026-09-06 13:21,2026-07-23 02:14,
Machado de Assis,Fundador,Histórias Romanticas,1938,30,SIM,https://www.estantevirtual.com.br/busca?nsCat=Natural&q=Machado%20de%20Assis%20Hist%C3%B3rias%20Romanticas&searchField=titulo-autor&ano-de-publicacao=1938,,ativo,2026-09-06 13:21,2026-07-23 02:14,
Machado de Assis,Fundador,Critica Theatral,1938,30,SIM,https://www.estantevirtual.com.br/busca?nsCat=Natural&q=Machado%20de%20Assis%20Critica%20Theatral&searchField=titulo-autor&ano-de-publicacao=1938,,ativo,2026-09-06 13:21,2026-07-23 02:14,
Machado de Assis,Fundador,Ressurreição,1938,30,SIM,https://www.estantevirtual.com.br/livro/ressurreicao-ORR-9082-000-BK,,ativo,2026-09-06 13:21,2026-07-23 02:14,
Machado de Assis,Fundador,Reliquias de Casa Velha,1906,450,SIM,https://www.estantevirtual.com.br/busca?nsCat=Natural&q=Machado%20de%20Assis%20Reliquias%20de%20Casa%20Velha&searchField=titulo-autor&ano-de-publicacao=1906,,ativo,2026-09-06 13:21,2026-07-23 02:14,
Machado de Assis,Fundador,Poesias - 1ª Edição,1901,2500,SIM,https://www.estantevirtual.com.br/busca?nsCat=Natural&q=Machado%20de%20Assis%20Poesias%20-%201%C2%AA%20Edi%C3%A7%C3%A3o&searchField=titulo-autor&ano-de-publicacao=1901,,ativo,2026-09-06 13:21,2026-07-23 02:14,
Machado de Assis,Fundador,Memorial de Ayres Nova Ediçao,1908,360,SIM,https://www.estantevirtual.com.br/livro/memorial-de-ayres-nova-edicao-grp-O63-1364-000?_preco=3000-10000000&tipo-de-livro=usado,,ativo,2026-09-06 13:21,2026-07-23 02:14,Casa da Cultura
Machado de Assis,Fundador,Teatro,1910,80,SIM,https://www.estantevirtual.com.br/busca?nsCat=Natural&q=Machado%20de%20Assis%20Teatro&searchField=titulo-autor&ano-de-publicacao=1910,,ativo,2026-09-06 13:22,2026-07-23 02:14,
Machado de Assis,Fundador,Helena,1922,80,SIM,https://www.estantevirtual.com.br/busca?nsCat=Natural&q=Machado%20de%20Assis%20Helena&searchField=titulo-autor&ano-de-publicacao=1922,,ativo,2026-09-06 13:22,2026-07-23 02:14,
Machado de Assis,Fundador,Historias sem Data,1909,200,SIM,https://www.estantevirtual.com.br/busca?nsCat=Natural&q=Machado%20de%20Assis%20Historias%20sem%20Data&searchField=titulo-autor&ano-de-publicacao=1909,,ativo,2026-09-06 13:22,2026-07-23 02:14,
Machado de Assis,Fundador,Poesias Completas - Com Erro Corrigido,1902,2400,SIM,https://www.estantevirtual.com.br/busca?nsCat=Natural&q=Machado%20de%20Assis%20Poesias%20Completas%20-%20Com%20Erro%20Corrigido&searchField=titulo-autor&ano-de-publicacao=1902,,ativo,2026-09-06 13:22,2026-07-23 02:14,
Machado de Assis,Fundador,Poesias Completas,1924,160,SIM,https://www.estantevirtual.com.br/busca?nsCat=Natural&q=Machado%20de%20Assis%20Poesias%20Completas&searchField=titulo-autor&ano-de-publicacao=1924,,ativo,2026-09-06 13:22,2026-07-23 02:14,
Machado de Assis,Fundador,Contos Fluminenses II,1938,400,SIM,https://www.estantevirtual.com.br/busca?nsCat=Natural&q=Machado%20de%20Assis%20Contos%20Fluminenses%20II&searchField=titulo-autor&ano-de-publicacao=1938,,ativo,2026-09-06 13:22,2026-07-23 02:14,
Machado de Assis,Fundador,Esaú e Jacob - 2a. Edição,1917,300,SIM,https://www.estantevirtual.com.br/busca?nsCat=Natural&q=Machado%20de%20Assis%20Esa%C3%BA%20e%20Jacob%20-%202a.%20Edi%C3%A7%C3%A3o&searchField=titulo-autor&ano-de-publicacao=1917,,ativo,2026-09-06 13:22,2026-07-23 02:14,
Machado de Assis,Fundador,Coleção Machado de Assis: 29 Volumes,1938,1300,SIM,https://www.estantevirtual.com.br/busca?nsCat=Natural&q=Machado%20de%20Assis%20Cole%C3%A7%C3%A3o%20Machado%20de%20Assis%3A%2029%20Volumes&searchField=titulo-autor&ano-de-publicacao=1938,,ativo,2026-09-06 13:22,2026-07-23 02:14,
Machado de Assis,Fundador,Quincas Borba,1914,150,SIM,https://www.estantevirtual.com.br/livro/quincas-borba-07Z-6234-000-BK,,ativo,2026-09-06 13:22,2026-07-23 02:14,
Machado de Assis,Fundador,Papéis Avulsos,1882,2800,SIM,https://www.estantevirtual.com.br/busca?nsCat=Natural&q=Machado%20de%20Assis%20Pap%C3%A9is%20Avulsos&searchField=titulo-autor&ano-de-publicacao=1882,,ativo,2026-09-06 13:22,2026-07-23 02:14,
Machado de Assis,Fundador,Quincas Borba + Brinde,1923,120,SIM,https://www.estantevirtual.com.br/livro/quincas-borba-ed2-FWJ-1340-000-BK,,ativo,2026-09-06 13:22,2026-07-23 02:14,
Machado de Assis,Fundador,Outras Reliquias - Proza e Verso (collecção Póstuma),1927,259.89,SIM,https://www.estantevirtual.com.br/busca?nsCat=Natural&q=Machado%20de%20Assis%20Outras%20Reliquias%20-%20Proza%20e%20Verso%20(collec%C3%A7%C3%A3o%20P%C3%B3stuma)&searchField=titulo-autor&ano-de-publicacao=1927,,ativo,2026-09-06 13:22,2026-07-23 02:14,
Machado de Assis,Fundador,Yaya Garcia,1900,250,SIM,https://www.estantevirtual.com.br/busca?nsCat=Natural&q=Machado%20de%20Assis%20Yaya%20Garcia&searchField=titulo-autor&ano-de-publicacao=1900,,ativo,2026-09-06 13:22,2026-07-23 02:14,
Machado de Assis,Fundador,Reliquias de Casa Velha,1921,50.99,SIM,https://www.estantevirtual.com.br/busca?nsCat=Natural&q=Machado%20de%20Assis%20Reliquias%20de%20Casa%20Velha&searchField=titulo-autor&ano-de-publicacao=1921,,ativo,2026-09-06 13:22,2026-07-23 02:14,
Machado de Assis,Fundador,Conceitos e Pensamentos,1934,90,SIM,https://www.estantevirtual.com.br/busca?nsCat=Natural&q=Machado%20de%20Assis%20Conceitos%20e%20Pensamentos&searchField=titulo-autor&ano-de-publicacao=1934,,ativo,2026-09-06 13:22,2026-07-23 02:14,
Machado de Assis,Fundador,Yayá Garcia - Iaiá Garcia -,1925,85,SIM,https://www.estantevirtual.com.br/busca?nsCat=Natural&q=Machado%20de%20Assis%20Yay%C3%A1%20Garcia%20-%20Iai%C3%A1%20Garcia%20-&searchField=titulo-autor&ano-de-publicacao=1925,,ativo,2026-09-06 13:22,2026-07-23 02:14,
Machado de Assis,Fundador,Poesias Completas - sem Correção do Erro,1902,8200,SIM,https://www.estantevirtual.com.br/busca?nsCat=Natural&q=Machado%20de%20Assis%20Poesias%20Completas%20-%20sem%20Corre%C3%A7%C3%A3o%20do%20Erro&searchField=titulo-autor&ano-de-publicacao=1902,,ativo,2026-09-06 13:23,2026-07-23 02:14,
Machado de Assis,Fundador,A Semana 2ª Edição,1922,49,SIM,https://www.estantevirtual.com.br/busca?nsCat=Natural&q=Machado%20de%20Assis%20A%20Semana%202%C2%AA%20Edi%C3%A7%C3%A3o&searchField=titulo-autor&ano-de-publicacao=1922,,ativo,2026-09-06 13:23,2026-07-23 02:14,
Machado de Assis,Fundador,Teatro Colijido por Mário de Alencar 1ª Edição,1910,59,SIM,https://www.estantevirtual.com.br/busca?nsCat=Natural&q=Machado%20de%20Assis%20Teatro%20Colijido%20por%20M%C3%A1rio%20de%20Alencar%201%C2%AA%20Edi%C3%A7%C3%A3o&searchField=titulo-autor&ano-de-publicacao=1910,,ativo,2026-09-06 13:23,2026-07-23 02:14,
Machado de Assis,Fundador,Papeis Avulsos 2ª Edição,1920,159,SIM,https://www.estantevirtual.com.br/busca?nsCat=Natural&q=Machado%20de%20Assis%20Papeis%20Avulsos%202%C2%AA%20Edi%C3%A7%C3%A3o&searchField=titulo-autor&ano-de-publicacao=1920,,ativo,2026-09-06 13:23,2026-07-23 02:14,
Machado de Assis,Fundador,Quincas Borba 4ª Edição,1914,165,SIM,https://www.estantevirtual.com.br/busca?nsCat=Natural&q=Machado%20de%20Assis%20Quincas%20Borba%204%C2%AA%20Edi%C3%A7%C3%A3o&searchField=titulo-autor&ano-de-publicacao=1914,,ativo,2026-09-06 13:23,2026-07-23 02:14,
Machado de Assis,Fundador,Reliquias da Casa Velha 3ª Edição,1915,265,SIM,https://www.estantevirtual.com.br/busca?nsCat=Natural&q=Machado%20de%20Assis%20Reliquias%20da%20Casa%20Velha%203%C2%AA%20Edi%C3%A7%C3%A3o&searchField=titulo-autor&ano-de-publicacao=1915,,ativo,2026-09-06 13:23,2026-07-23 02:14,
Machado de Assis,Fundador,Quincas Borba,1923,100,SIM,https://www.estantevirtual.com.br/livro/quincas-borba-07Z-6234-000-BK,,ativo,2026-09-06 13:23,2026-07-23 02:14,
Machado de Assis,Fundador,A mão e a luva,1907,150,SIM,https://www.estantevirtual.com.br/busca?nsCat=Natural&q=Machado%20de%20Assis%20A%20m%C3%A3o%20e%20a%20luva&searchField=titulo-autor&ano-de-publicacao=1907,,ativo,2026-09-06 13:23,2026-07-23 02:14,
Machado de Assis,Fundador,Memorial de Ayres - 1ª Edição,1908,2800,SIM,https://www.estantevirtual.com.br/busca?nsCat=Natural&q=Machado%20de%20Assis%20Memorial%20de%20Ayres%20-%201%C2%AA%20Edi%C3%A7%C3%A3o&searchField=titulo-autor&ano-de-publicacao=1908,,ativo,2026-09-06 13:23,2026-07-23 02:14,
Machado de Assis,Fundador,Papeis Avulsos,1920,220,SIM,https://www.estantevirtual.com.br/busca?nsCat=Natural&q=Machado%20de%20Assis%20Papeis%20Avulsos&searchField=titulo-autor&ano-de-publicacao=1920,,ativo,2026-09-06 13:23,2026-07-23 02:14,
Machado de Assis,Fundador,Esau e Jacob,1920,180,SIM,https://www.estantevirtual.com.br/busca?nsCat=Natural&q=Machado%20de%20Assis%20Esau%20e%20Jacob&searchField=titulo-autor&ano-de-publicacao=1920,,ativo,2026-09-06 13:23,2026-07-23 02:14,
Machado de Assis,Fundador,Memorial de Ayres,1923,50.99,SIM,https://www.estantevirtual.com.br/busca?nsCat=Natural&q=Machado%20de%20Assis%20Memorial%20de%20Ayres&searchField=titulo-autor&ano-de-publicacao=1923,,ativo,2026-09-06 13:23,2026-07-23 02:14,
Machado de Assis,Fundador,Esaú e Jacob,1904,500,SIM,https://www.estantevirtual.com.br/busca?nsCat=Natural&q=Machado%20de%20Assis%20Esa%C3%BA%20e%20Jacob&searchField=titulo-autor&ano-de-publicacao=1904,,ativo,2026-09-06 13:23,2026-07-23 02:14,
Machado de Assis,Fundador,Esaú e Jacob,1904,500,SIM,https://www.estantevirtual.com.br/busca?nsCat=Natural&q=Machado%20de%20Assis%20Esa%C3%BA%20e%20Jacob&searchField=titulo-autor&ano-de-publicacao=1904,,ativo,2026-09-06 13:23,2026-07-23 02:14,
Machado de Assis,Fundador,Esaú e Jacob,1917,100,SIM,https://www.estantevirtual.com.br/busca?nsCat=Natural&q=Machado%20de%20Assis%20Esa%C3%BA%20e%20Jacob&searchField=titulo-autor&ano-de-publicacao=1917,,ativo,2026-09-06 13:23,2026-07-23 02:14,
Machado de Assis,Fundador,Teatro,1929,180,SIM,https://www.estantevirtual.com.br/busca?nsCat=Natural&q=Machado%20de%20Assis%20Teatro&searchField=titulo-autor&ano-de-publicacao=1929,,ativo,2026-09-06 13:23,2026-07-23 02:14,
Machado de Assis,Fundador,Reliquias de Casa Velha,1921,55,SIM,https://www.estantevirtual.com.br/busca?nsCat=Natural&q=Machado%20de%20Assis%20Reliquias%20de%20Casa%20Velha&searchField=titulo-autor&ano-de-publicacao=1921,,ativo,2026-09-06 13:23,2026-07-23 02:14,
Machado de Assis,Fundador,Historia sem data,1924,33.79,SIM,https://www.estantevirtual.com.br/busca?nsCat=Natural&q=Machado%20de%20Assis%20Historia%20sem%20data&searchField=titulo-autor&ano-de-publicacao=1924,,ativo,2026-09-06 13:24,2026-07-23 02:14,
Machado de Assis,Fundador,Relíquias de Casa Velha - 1ª Edição,1906,2200,SIM,https://www.estantevirtual.com.br/busca?nsCat=Natural&q=Machado%20de%20Assis%20Rel%C3%ADquias%20de%20Casa%20Velha%20-%201%C2%AA%20Edi%C3%A7%C3%A3o&searchField=titulo-autor&ano-de-publicacao=1906,,ativo,2026-09-06 13:24,2026-07-23 02:14,
Machado de Assis,Fundador,Outras Reliquias: Proza e Verso 1ª Ed.,1910,350,SIM,https://www.estantevirtual.com.br/busca?nsCat=Natural&q=Machado%20de%20Assis%20Outras%20Reliquias%3A%20Proza%20e%20Verso%201%C2%AA%20Ed.&searchField=titulo-autor&ano-de-publicacao=1910,,ativo,2026-09-06 13:24,2026-07-23 02:14,
Machado de Assis,Fundador,Resurreiçao,1917,500,SIM,https://www.estantevirtual.com.br/busca?nsCat=Natural&q=Machado%20de%20Assis%20Resurrei%C3%A7ao&searchField=titulo-autor&ano-de-publicacao=1917,,ativo,2026-09-06 13:24,2026-07-23 02:14,
Machado de Assis,Fundador,Páginas Recolhidas - 1 Edição,1899,899,SIM,https://www.estantevirtual.com.br/busca?nsCat=Natural&q=Machado%20de%20Assis%20P%C3%A1ginas%20Recolhidas%20-%201%20Edi%C3%A7%C3%A3o&searchField=titulo-autor&ano-de-publicacao=1899,,ativo,2026-09-06 13:24,2026-07-23 02:14,
Machado de Assis,Fundador,Varias Histórias,1938,30,SIM,https://www.estantevirtual.com.br/livro/a-causa-secreta-e-varias-outras-historias-0A9-3709-000-BK,,ativo,2026-09-06 13:24,2026-07-23 02:14,
Machado de Assis,Fundador,Memorial de Ayres - 1938,1938,65,SIM,https://www.estantevirtual.com.br/busca?nsCat=Natural&q=Machado%20de%20Assis%20Memorial%20de%20Ayres%20-%201938&searchField=titulo-autor&ano-de-publicacao=1938,,ativo,2026-09-06 13:24,2026-07-23 02:14,
Machado de Assis,Fundador,Critica,1910,80,SIM,https://www.estantevirtual.com.br/livro/critica-grp-GTU-7076-000?_preco=3000-10000000&tipo-de-livro=usado,,ativo,2026-09-06 13:24,2026-07-23 02:14,Mundo dos Livros RS
Machado de Assis,Fundador,Esaú e Jacob,1925,85,SIM,https://www.estantevirtual.com.br/busca?nsCat=Natural&q=Machado%20de%20Assis%20Esa%C3%BA%20e%20Jacob&searchField=titulo-autor&ano-de-publicacao=1925,,ativo,2026-09-06 13:24,2026-07-23 02:14,
Machado de Assis,Fundador,Contos Fluminenses,1924,85,SIM,https://www.estantevirtual.com.br/livro/contos-fluminenses-0EG-8397-000-BK,,ativo,2026-09-06 13:24,2026-07-23 02:14,
Machado de Assis,Fundador,Páginas Recolhidas,1923,85,SIM,https://www.estantevirtual.com.br/busca?nsCat=Natural&q=Machado%20de%20Assis%20P%C3%A1ginas%20Recolhidas&searchField=titulo-autor&ano-de-publicacao=1923,,ativo,2026-09-06 13:24,2026-07-23 02:14,
Machado de Assis,Fundador,Conceitos e Pensamentos,1925,218.90,SIM,https://www.estantevirtual.com.br/livro/conceitos-e-pensamentos-grp-EYC-5904-000?_preco=3000-10000000&tipo-de-livro=usado,,ativo,2026-09-06 13:24,2026-07-23 02:14,Livros e Luzes
Machado de Assis,Fundador,Varias Historias - 15507,1904,144,SIM,https://www.estantevirtual.com.br/busca?nsCat=Natural&q=Machado%20de%20Assis%20Varias%20Historias%20-%2015507&searchField=titulo-autor&ano-de-publicacao=1904,,ativo,2026-09-06 13:24,2026-07-23 02:14,
Machado de Assis,Fundador,Yayá Garcia,1919,300,SIM,https://www.estantevirtual.com.br/busca?nsCat=Natural&q=Machado%20de%20Assis%20Yay%C3%A1%20Garcia&searchField=titulo-autor&ano-de-publicacao=1919,,ativo,2026-09-06 13:24,2026-07-23 02:14,
Machado de Assis,Fundador,Memorial de Ayres,1937,80,SIM,https://www.estantevirtual.com.br/busca?nsCat=Natural&q=Machado%20de%20Assis%20Memorial%20de%20Ayres&searchField=titulo-autor&ano-de-publicacao=1937,,ativo,2026-09-06 13:24,2026-07-23 02:14,
Machado de Assis,Fundador,Correspondencia,1937,80,SIM,https://www.estantevirtual.com.br/busca?nsCat=Natural&q=Machado%20de%20Assis%20Correspondencia&searchField=titulo-autor&ano-de-publicacao=1937,,ativo,2026-09-06 13:24,2026-07-23 02:14,
Machado de Assis,Fundador,Várias Historias,1896,5200,SIM,https://www.estantevirtual.com.br/livro/a-causa-secreta-e-varias-outras-historias-0A9-3709-000-BK,,ativo,2026-09-06 13:24,2026-07-23 02:14,
Machado de Assis,Fundador,Chronicas 4º Volume 1878-1888,1938,40,SIM,https://www.estantevirtual.com.br/busca?nsCat=Natural&q=Machado%20de%20Assis%20Chronicas%204%C2%BA%20Volume%201878-1888&searchField=titulo-autor&ano-de-publicacao=1938,,ativo,2026-09-06 13:25,2026-07-23 02:14,
Machado de Assis,Fundador,Chronica sem 4 Volume 1878 1888,1878,45,SIM,https://www.estantevirtual.com.br/busca?nsCat=Natural&q=Machado%20de%20Assis%20Chronica%20sem%204%20Volume%201878%201888&searchField=titulo-autor&ano-de-publicacao=1878,,ativo,2026-09-06 13:25,2026-07-23 02:14,
Machado de Assis,Fundador,Chronica sem 3 Volume 1871 1878,1871,45,SIM,https://www.estantevirtual.com.br/busca?nsCat=Natural&q=Machado%20de%20Assis%20Chronica%20sem%203%20Volume%201871%201878&searchField=titulo-autor&ano-de-publicacao=1871,,ativo,2026-09-06 13:25,2026-07-23 02:14,
Machado de Assis,Fundador,Chronica sem 2 Volume 1864 1867,1864,45,SIM,https://www.estantevirtual.com.br/busca?nsCat=Natural&q=Machado%20de%20Assis%20Chronica%20sem%202%20Volume%201864%201867&searchField=titulo-autor&ano-de-publicacao=1864,,ativo,2026-09-06 13:25,2026-07-23 02:14,
Machado de Assis,Fundador,Histórias sem Data - 2ª Edição,1909,150,SIM,https://www.estantevirtual.com.br/busca?nsCat=Natural&q=Machado%20de%20Assis%20Hist%C3%B3rias%20sem%20Data%20-%202%C2%AA%20Edi%C3%A7%C3%A3o&searchField=titulo-autor&ano-de-publicacao=1909,,ativo,2026-09-06 13:25,2026-07-23 02:14,
Machado de Assis,Fundador,Ressurreição,1920,36.59,SIM,https://www.estantevirtual.com.br/livro/ressurreicao-ORR-9082-000-BK,,ativo,2026-09-06 13:25,2026-07-23 02:14,
Machado de Assis,Fundador,Contos Fluminenses,1924,36.59,SIM,https://www.estantevirtual.com.br/livro/contos-fluminenses-0EG-8397-000-BK,,ativo,2026-09-06 13:25,2026-07-23 02:14,
Machado de Assis,Fundador,Páginas Recolhidas - 3ª Edição,1923,58,SIM,https://www.estantevirtual.com.br/busca?nsCat=Natural&q=Machado%20de%20Assis%20P%C3%A1ginas%20Recolhidas%20-%203%C2%AA%20Edi%C3%A7%C3%A3o&searchField=titulo-autor&ano-de-publicacao=1923,,ativo,2026-09-06 13:25,2026-07-23 02:14,
Machado de Assis,Fundador,Critica,1913,48,SIM,https://www.estantevirtual.com.br/busca?nsCat=Natural&q=Machado%20de%20Assis%20Critica&searchField=titulo-autor&ano-de-publicacao=1913,,ativo,2026-09-06 13:25,2026-07-23 02:14,
Machado de Assis,Fundador,Yayá Garcia,1925,55,SIM,https://www.estantevirtual.com.br/busca?nsCat=Natural&q=Machado%20de%20Assis%20Yay%C3%A1%20Garcia&searchField=titulo-autor&ano-de-publicacao=1925,,ativo,2026-09-06 13:25,2026-07-23 02:14,
Machado de Assis,Fundador,Páginas Recolhidas - 3ª Edição,1923,60,SIM,https://www.estantevirtual.com.br/busca?nsCat=Natural&q=Machado%20de%20Assis%20P%C3%A1ginas%20Recolhidas%20-%203%C2%AA%20Edi%C3%A7%C3%A3o&searchField=titulo-autor&ano-de-publicacao=1923,,ativo,2026-09-06 13:25,2026-07-23 02:14,
Machado de Assis,Fundador,Estante Classica da Revista de Lingua Portuguesa Vol. 2,1921,42.75,SIM,https://www.estantevirtual.com.br/busca?nsCat=Natural&q=Machado%20de%20Assis%20Estante%20Classica%20da%20Revista%20de%20Lingua%20Portuguesa%20Vol.%202&searchField=titulo-autor&ano-de-publicacao=1921,,ativo,2026-09-06 13:25,2026-07-23 02:14,
Machado de Assis,Fundador,Yayá Garcia,1925,45,SIM,https://www.estantevirtual.com.br/busca?nsCat=Natural&q=Machado%20de%20Assis%20Yay%C3%A1%20Garcia&searchField=titulo-autor&ano-de-publicacao=1925,,ativo,2026-09-06 13:25,2026-07-23 02:14,
Machado de Assis,Fundador,Esaú e Jacob - 3ª Edição,1917,200,SIM,https://www.estantevirtual.com.br/busca?nsCat=Natural&q=Machado%20de%20Assis%20Esa%C3%BA%20e%20Jacob%20-%203%C2%AA%20Edi%C3%A7%C3%A3o&searchField=titulo-autor&ano-de-publicacao=1917,,ativo,2026-09-06 13:25,2026-07-23 02:14,
Machado de Assis,Fundador,Relíquias de Casa Velha - 1ª Edição,1906,1800,SIM,https://www.estantevirtual.com.br/busca?nsCat=Natural&q=Machado%20de%20Assis%20Rel%C3%ADquias%20de%20Casa%20Velha%20-%201%C2%AA%20Edi%C3%A7%C3%A3o&searchField=titulo-autor&ano-de-publicacao=1906,,ativo,2026-09-06 13:25,2026-07-23 02:14,
Machado de Assis,Fundador,Páginas Recolhidas - 2ª Edição,1900,300,SIM,https://www.estantevirtual.com.br/livro/paginas-recolhidas-2-edicao-grp-22O-3733-000?_preco=3000-10000000&tipo-de-livro=usado,,ativo,2026-09-06 13:25,2026-07-23 02:14,O Buquineiro
Machado de Assis,Fundador,Helena,1920,90,SIM,https://www.estantevirtual.com.br/livro/helena-grp-22N-8574-000?_preco=3000-10000000&tipo-de-livro=usado,,ativo,2026-09-06 13:25,2026-07-23 02:14,O Buquineiro
Machado de Assis,Fundador,A Mão e a Luva,1922,65,SIM,https://www.estantevirtual.com.br/busca?nsCat=Natural&q=Machado%20de%20Assis%20A%20M%C3%A3o%20e%20a%20Luva&searchField=titulo-autor&ano-de-publicacao=1922,,ativo,2026-09-06 13:26,2026-07-23 02:14,
Machado de Assis,Fundador,Historias sem Data,1909,150,SIM,https://www.estantevirtual.com.br/busca?nsCat=Natural&q=Machado%20de%20Assis%20Historias%20sem%20Data&searchField=titulo-autor&ano-de-publicacao=1909,,ativo,2026-09-06 13:26,2026-07-23 02:14,
Machado de Assis,Fundador,Esaú e Jacob - Esaú e Jacó - 3ª Edição,1917,225,SIM,https://www.estantevirtual.com.br/busca?nsCat=Natural&q=Machado%20de%20Assis%20Esa%C3%BA%20e%20Jacob%20-%20Esa%C3%BA%20e%20Jac%C3%B3%20-%203%C2%AA%20Edi%C3%A7%C3%A3o&searchField=titulo-autor&ano-de-publicacao=1917,,ativo,2026-09-06 13:26,2026-07-23 02:14,
Machado de Assis,Fundador,Memorial de Ayres,1923,90,SIM,https://www.estantevirtual.com.br/busca?nsCat=Natural&q=Machado%20de%20Assis%20Memorial%20de%20Ayres&searchField=titulo-autor&ano-de-publicacao=1923,,ativo,2026-09-06 13:26,2026-07-23 02:14,
Machado de Assis,Fundador,Teatro -encadernado,1910,150,SIM,https://www.estantevirtual.com.br/busca?nsCat=Natural&q=Machado%20de%20Assis%20Teatro%20-encadernado&searchField=titulo-autor&ano-de-publicacao=1910,,ativo,2026-09-06 13:26,2026-07-23 02:14,
Machado de Assis,Fundador,Poesias Completas- Encadernado,1924,70,SIM,https://www.estantevirtual.com.br/busca?nsCat=Natural&q=Machado%20de%20Assis%20Poesias%20Completas-%20Encadernado&searchField=titulo-autor&ano-de-publicacao=1924,,ativo,2026-09-06 13:26,2026-07-23 02:14,
Machado de Assis,Fundador,Collecção dos Autores Celebres - Esaú e Jacob,1925,120,SIM,https://www.estantevirtual.com.br/busca?nsCat=Natural&q=Machado%20de%20Assis%20Collec%C3%A7%C3%A3o%20dos%20Autores%20Celebres%20-%20Esa%C3%BA%20e%20Jacob&searchField=titulo-autor&ano-de-publicacao=1925,,ativo,2026-09-06 13:26,2026-07-23 02:14,
Machado de Assis,Fundador,Collecção dos Autores Celebres - Resurreição,1925,90,SIM,https://www.estantevirtual.com.br/busca?nsCat=Natural&q=Machado%20de%20Assis%20Collec%C3%A7%C3%A3o%20dos%20Autores%20Celebres%20-%20Resurrei%C3%A7%C3%A3o&searchField=titulo-autor&ano-de-publicacao=1925,,ativo,2026-09-06 13:26,2026-07-23 02:14,
Machado de Assis,Fundador,Collecção dos Autores Celebres - Contos Fluminenses,1924,80,SIM,https://www.estantevirtual.com.br/busca?nsCat=Natural&q=Machado%20de%20Assis%20Collec%C3%A7%C3%A3o%20dos%20Autores%20Celebres%20-%20Contos%20Fluminenses&searchField=titulo-autor&ano-de-publicacao=1924,,ativo,2026-09-06 13:26,2026-07-23 02:14,
Machado de Assis,Fundador,Colecção dos Autores Celebres - Páginas Recolhidas,1923,60,SIM,https://www.estantevirtual.com.br/busca?nsCat=Natural&q=Machado%20de%20Assis%20Colec%C3%A7%C3%A3o%20dos%20Autores%20Celebres%20-%20P%C3%A1ginas%20Recolhidas&searchField=titulo-autor&ano-de-publicacao=1923,,ativo,2026-09-06 13:26,2026-07-23 02:14,
Machado de Assis,Fundador,Historias sem Data - Collecção dos Autores Celebres,1924,90,SIM,https://www.estantevirtual.com.br/busca?nsCat=Natural&q=Machado%20de%20Assis%20Historias%20sem%20Data%20-%20Collec%C3%A7%C3%A3o%20dos%20Autores%20Celebres&searchField=titulo-autor&ano-de-publicacao=1924,,ativo,2026-09-06 13:26,2026-07-23 02:14,
Machado de Assis,Fundador,Historias da Meia Noite - Collecção dos Autores Celebres,1923,90,SIM,https://www.estantevirtual.com.br/busca?nsCat=Natural&q=Machado%20de%20Assis%20Historias%20da%20Meia%20Noite%20-%20Collec%C3%A7%C3%A3o%20dos%20Autores%20Celebres&searchField=titulo-autor&ano-de-publicacao=1923,,ativo,2026-09-06 13:26,2026-07-23 02:14,
Machado de Assis,Fundador,Outra Reliquias Proza e Verso - Collecção dos Autores Celebres,1924,90,SIM,https://www.estantevirtual.com.br/busca?nsCat=Natural&q=Machado%20de%20Assis%20Outra%20Reliquias%20Proza%20e%20Verso%20-%20Collec%C3%A7%C3%A3o%20dos%20Autores%20Celebres&searchField=titulo-autor&ano-de-publicacao=1924,,ativo,2026-09-06 13:26,2026-07-23 02:14,
Machado de Assis,Fundador,Relíquias de Casa Velha - Collecção dos Autores Célebres,1926,110,SIM,https://www.estantevirtual.com.br/busca?nsCat=Natural&q=Machado%20de%20Assis%20Rel%C3%ADquias%20de%20Casa%20Velha%20-%20Collec%C3%A7%C3%A3o%20dos%20Autores%20C%C3%A9lebres&searchField=titulo-autor&ano-de-publicacao=1926,,ativo,2026-09-06 13:26,2026-07-23 02:14,
Machado de Assis,Fundador,"Poesias Completas - Chrysalidas, Phalenas, Americanas, Occidentaes",1924,85,SIM,https://www.estantevirtual.com.br/busca?nsCat=Natural&q=Machado%20de%20Assis%20Poesias%20Completas%20-%20Chrysalidas%2C%20Phalenas%2C%20Americanas%2C%20Occidentaes&searchField=titulo-autor&ano-de-publicacao=1924,,ativo,2026-09-06 13:26,2026-07-23 02:14,
Machado de Assis,Fundador,Collecção dos Autores Célebres da Litteratura - Páginas Recolhidas,1923,90,SIM,https://www.estantevirtual.com.br/busca?nsCat=Natural&q=Machado%20de%20Assis%20Collec%C3%A7%C3%A3o%20dos%20Autores%20C%C3%A9lebres%20da%20Litteratura%20-%20P%C3%A1ginas%20Recolhidas&searchField=titulo-autor&ano-de-publicacao=1923,,ativo,2026-09-06 13:26,2026-07-23 02:14,
Machado de Assis,Fundador,Historias Sem Data,1909,190,SIM,https://www.estantevirtual.com.br/busca?nsCat=Natural&q=Machado%20de%20Assis%20Historias%20Sem%20Data&searchField=titulo-autor&ano-de-publicacao=1909,,ativo,2026-09-06 13:26,2026-07-23 02:14,
Machado de Assis,Fundador,A Máo e a Luva (2ª Edição),1907,200,SIM,https://www.estantevirtual.com.br/busca?nsCat=Natural&q=Machado%20de%20Assis%20A%20M%C3%A1o%20e%20a%20Luva%20(2%C2%AA%20Edi%C3%A7%C3%A3o)&searchField=titulo-autor&ano-de-publicacao=1907,,ativo,2026-09-06 13:26,2026-07-23 02:14,
Machado de Assis,Fundador,Paginas Recolhidas,1900,200,SIM,https://www.estantevirtual.com.br/busca?nsCat=Natural&q=Machado%20de%20Assis%20Paginas%20Recolhidas&searchField=titulo-autor&ano-de-publicacao=1900,,ativo,2026-09-06 13:27,2026-07-23 02:14,
Machado de Assis,Fundador,Critica,1924,150,SIM,https://www.estantevirtual.com.br/busca?nsCat=Natural&q=Machado%20de%20Assis%20Critica&searchField=titulo-autor&ano-de-publicacao=1924,,ativo,2026-09-06 13:27,2026-07-23 02:14,
Machado de Assis,Fundador,A Mão e a Luva,1907,472.50,SIM,https://www.estantevirtual.com.br/busca?nsCat=Natural&q=Machado%20de%20Assis%20A%20M%C3%A3o%20e%20a%20Luva&searchField=titulo-autor&ano-de-publicacao=1907,,ativo,2026-09-06 13:27,2026-07-23 02:14,
Machado de Assis,Fundador,Relíquias de Casa Velha,1926,305.27,SIM,https://www.estantevirtual.com.br/busca?nsCat=Natural&q=Machado%20de%20Assis%20Rel%C3%ADquias%20de%20Casa%20Velha&searchField=titulo-autor&ano-de-publicacao=1926,,ativo,2026-09-06 13:27,2026-07-23 02:14,
Machado de Assis,Fundador,Várias Histórias,1924,305.27,SIM,https://www.estantevirtual.com.br/livro/a-causa-secreta-e-varias-outras-historias-0A9-3709-000-BK,,ativo,2026-09-06 13:27,2026-07-23 02:14,
Machado de Assis,Fundador,Conceitos e Pensamentos,1925,50,SIM,https://www.estantevirtual.com.br/busca?nsCat=Natural&q=Machado%20de%20Assis%20Conceitos%20e%20Pensamentos&searchField=titulo-autor&ano-de-publicacao=1925,,ativo,2026-09-06 13:27,2026-07-23 02:14,
Machado de Assis,Fundador,Páginas Recolhidas,1923,50,SIM,https://www.estantevirtual.com.br/busca?nsCat=Natural&q=Machado%20de%20Assis%20P%C3%A1ginas%20Recolhidas&searchField=titulo-autor&ano-de-publicacao=1923,,ativo,2026-09-06 13:27,2026-07-23 02:14,
Machado de Assis,Fundador,Poesias Completas,1924,45,SIM,https://www.estantevirtual.com.br/busca?nsCat=Natural&q=Machado%20de%20Assis%20Poesias%20Completas&searchField=titulo-autor&ano-de-publicacao=1924,,ativo,2026-09-06 13:27,2026-07-23 02:14,
Machado de Assis,Fundador,Poesias Completas,1938,30,SIM,https://www.estantevirtual.com.br/busca?nsCat=Natural&q=Machado%20de%20Assis%20Poesias%20Completas&searchField=titulo-autor&ano-de-publicacao=1938,,ativo,2026-09-06 13:27,2026-07-23 02:14,
Machado de Assis,Fundador,Relíquias de Casa Velha - Collecção dos Autores Celebres da Litteratur,1926,200,SIM,https://www.estantevirtual.com.br/busca?nsCat=Natural&q=Machado%20de%20Assis%20Rel%C3%ADquias%20de%20Casa%20Velha%20-%20Collec%C3%A7%C3%A3o%20dos%20Autores%20Celebres%20da%20Litteratur&searchField=titulo-autor&ano-de-publicacao=1926,,ativo,2026-09-06 13:27,2026-07-23 02:14,
Machado de Assis,Fundador,Poesias Completas,1924,450,SIM,https://www.estantevirtual.com.br/busca?nsCat=Natural&q=Machado%20de%20Assis%20Poesias%20Completas&searchField=titulo-autor&ano-de-publicacao=1924,,ativo,2026-09-06 13:27,2026-07-23 02:14,
Machado de Assis,Fundador,Esaú e Jacob - Collecção dos Autores Celebres da Litteratura Brasileir,1925,200,SIM,https://www.estantevirtual.com.br/busca?nsCat=Natural&q=Machado%20de%20Assis%20Esa%C3%BA%20e%20Jacob%20-%20Collec%C3%A7%C3%A3o%20dos%20Autores%20Celebres%20da%20Litteratura%20Brasileir&searchField=titulo-autor&ano-de-publicacao=1925,,ativo,2026-09-06 13:27,2026-07-23 02:14,
Machado de Assis,Fundador,Yayá Garcia - Collecção dos Autores Celebres da Litteratura Brasileira,1925,200,SIM,https://www.estantevirtual.com.br/busca?nsCat=Natural&q=Machado%20de%20Assis%20Yay%C3%A1%20Garcia%20-%20Collec%C3%A7%C3%A3o%20dos%20Autores%20Celebres%20da%20Litteratura%20Brasileira&searchField=titulo-autor&ano-de-publicacao=1925,,ativo,2026-09-06 13:27,2026-07-23 02:14,
Machado de Assis,Fundador,Papéis Avulsos,1937,180,SIM,https://www.estantevirtual.com.br/busca?nsCat=Natural&q=Machado%20de%20Assis%20Pap%C3%A9is%20Avulsos&searchField=titulo-autor&ano-de-publicacao=1937,,ativo,2026-09-06 13:27,2026-07-23 02:14,
Machado de Assis,Fundador,Quinca Borba,1920,600,SIM,https://www.estantevirtual.com.br/busca?nsCat=Natural&q=Machado%20de%20Assis%20Quinca%20Borba&searchField=titulo-autor&ano-de-publicacao=1920,,ativo,2026-09-06 13:27,2026-07-23 02:14,
Machado de Assis,Fundador,Resurreição,1902,81.90,SIM,https://www.estantevirtual.com.br/busca?nsCat=Natural&q=Machado%20de%20Assis%20Resurrei%C3%A7%C3%A3o&searchField=titulo-autor&ano-de-publicacao=1902,,ativo,2026-09-06 13:27,2026-07-23 02:14,
Machado de Assis,Fundador,Critica Theatral,1937,55.40,SIM,https://www.estantevirtual.com.br/busca?nsCat=Natural&q=Machado%20de%20Assis%20Critica%20Theatral&searchField=titulo-autor&ano-de-publicacao=1937,,ativo,2026-09-06 13:27,2026-07-23 02:14,
Machado de Assis,Fundador,Helena,1930,97.56,SIM,https://www.estantevirtual.com.br/busca?nsCat=Natural&q=Machado%20de%20Assis%20Helena&searchField=titulo-autor&ano-de-publicacao=1930,,ativo,2026-09-06 13:28,2026-07-23 02:14,
Machado de Assis,Fundador,Quincas Borba,1914,79.20,SIM,https://www.estantevirtual.com.br/livro/quincas-borba-07Z-6234-000-BK,,ativo,2026-09-06 13:28,2026-07-23 02:14,
Machado de Assis,Fundador,Yayá Garcia,1938,125,SIM,https://www.estantevirtual.com.br/busca?nsCat=Natural&q=Machado%20de%20Assis%20Yay%C3%A1%20Garcia&searchField=titulo-autor&ano-de-publicacao=1938,,ativo,2026-09-06 13:28,2026-07-23 02:14,
Machado de Assis,Fundador,Histórias Sem Data,1909,140,SIM,https://www.estantevirtual.com.br/busca?nsCat=Natural&q=Machado%20de%20Assis%20Hist%C3%B3rias%20Sem%20Data&searchField=titulo-autor&ano-de-publicacao=1909,,ativo,2026-09-06 13:28,2026-07-23 02:14,
Machado de Assis,Fundador,Conceitos e Pensamentos,1934,68,SIM,https://www.estantevirtual.com.br/busca?nsCat=Natural&q=Machado%20de%20Assis%20Conceitos%20e%20Pensamentos&searchField=titulo-autor&ano-de-publicacao=1934,,ativo,2026-09-06 13:28,2026-07-23 02:14,
Machado de Assis,Fundador,Seus Trinta Melhores (spanish Edition),1908,39.90,SIM,https://www.estantevirtual.com.br/busca?nsCat=Natural&q=Machado%20de%20Assis%20Seus%20Trinta%20Melhores%20(spanish%20Edition)&searchField=titulo-autor&ano-de-publicacao=1908,,ativo,2026-09-06 13:28,2026-07-23 02:14,
Machado de Assis,Fundador,Histórias sem Data,1909,200,SIM,https://www.estantevirtual.com.br/busca?nsCat=Natural&q=Machado%20de%20Assis%20Hist%C3%B3rias%20sem%20Data&searchField=titulo-autor&ano-de-publicacao=1909,,ativo,2026-09-06 13:28,2026-07-23 02:14,
Machado de Assis,Fundador,A Semana,1922,67,SIM,https://www.estantevirtual.com.br/busca?nsCat=Natural&q=Machado%20de%20Assis%20A%20Semana&searchField=titulo-autor&ano-de-publicacao=1922,,ativo,2026-09-06 13:28,2026-07-23 02:14,
Machado de Assis,Fundador,Conceitos e Pensamentos,1934,50,SIM,https://www.estantevirtual.com.br/busca?nsCat=Natural&q=Machado%20de%20Assis%20Conceitos%20e%20Pensamentos&searchField=titulo-autor&ano-de-publicacao=1934,,ativo,2026-09-06 13:28,2026-07-23 02:14,
Machado de Assis,Fundador,Helena - 3º Edição,1911,500,SIM,https://www.estantevirtual.com.br/busca?nsCat=Natural&q=Machado%20de%20Assis%20Helena%20-%203%C2%BA%20Edi%C3%A7%C3%A3o&searchField=titulo-autor&ano-de-publicacao=1911,,ativo,2026-09-06 13:28,2026-07-23 02:14,
Machado de Assis,Fundador,Historias da Meia Noite - 2 Edição,1917,240,SIM,https://www.estantevirtual.com.br/busca?nsCat=Natural&q=Machado%20de%20Assis%20Historias%20da%20Meia%20Noite%20-%202%20Edi%C3%A7%C3%A3o&searchField=titulo-autor&ano-de-publicacao=1917,,ativo,2026-09-06 13:28,2026-07-23 02:14,
Machado de Assis,Fundador,A Semana - 1 Edição Póstuma,1914,1000,SIM,https://www.estantevirtual.com.br/busca?nsCat=Natural&q=Machado%20de%20Assis%20A%20Semana%20-%201%20Edi%C3%A7%C3%A3o%20P%C3%B3stuma&searchField=titulo-autor&ano-de-publicacao=1914,,ativo,2026-09-06 13:28,2026-07-23 02:14,
Machado de Assis,Fundador,Esau e Jacob - 2 Edição,1917,290,SIM,https://www.estantevirtual.com.br/busca?nsCat=Natural&q=Machado%20de%20Assis%20Esau%20e%20Jacob%20-%202%20Edi%C3%A7%C3%A3o&searchField=titulo-autor&ano-de-publicacao=1917,,ativo,2026-09-06 13:28,2026-07-23 02:14,
Machado de Assis,Fundador,Historias sem Data,1909,290,SIM,https://www.estantevirtual.com.br/busca?nsCat=Natural&q=Machado%20de%20Assis%20Historias%20sem%20Data&searchField=titulo-autor&ano-de-publicacao=1909,,ativo,2026-09-06 13:28,2026-07-23 02:14,
Machado de Assis,Fundador,Machado de Assis - Obra Completa - 3 Livros Em Bom Estado,1908,300.01,SIM,https://www.estantevirtual.com.br/busca?nsCat=Natural&q=Machado%20de%20Assis%20Machado%20de%20Assis%20-%20Obra%20Completa%20-%203%20Livros%20Em%20Bom%20Estado&searchField=titulo-autor&ano-de-publicacao=1908,,ativo,2026-09-06 13:28,2026-07-23 02:14,
Machado de Assis,Fundador,Machado de Assis - Obra Completa - 3 Livros Em Bom Estado,1908,300.01,SIM,https://www.estantevirtual.com.br/busca?nsCat=Natural&q=Machado%20de%20Assis%20Machado%20de%20Assis%20-%20Obra%20Completa%20-%203%20Livros%20Em%20Bom%20Estado&searchField=titulo-autor&ano-de-publicacao=1908,,ativo,2026-09-06 13:28,2026-07-23 02:14,
Machado de Assis,Fundador,Chronicas,1938,30,SIM,https://www.estantevirtual.com.br/busca?nsCat=Natural&q=Machado%20de%20Assis%20Chronicas&searchField=titulo-autor&ano-de-publicacao=1938,,ativo,2026-09-06 13:28,2026-07-23 02:14,
Machado de Assis,Fundador,Memorias Posthumas de Braz Cubas,1914,780,SIM,https://www.estantevirtual.com.br/busca?nsCat=Natural&q=Machado%20de%20Assis%20Memorias%20Posthumas%20de%20Braz%20Cubas&searchField=titulo-autor&ano-de-publicacao=1914,,ativo,2026-09-06 13:29,2026-07-23 02:14,
Machado de Assis,Fundador,Teatro,1910,150,SIM,https://www.estantevirtual.com.br/busca?nsCat=Natural&q=Machado%20de%20Assis%20Teatro&searchField=titulo-autor&ano-de-publicacao=1910,,ativo,2026-09-06 13:29,2026-07-23 02:14,
Machado de Assis,Fundador,Poesias Completas,1924,150,SIM,https://www.estantevirtual.com.br/busca?nsCat=Natural&q=Machado%20de%20Assis%20Poesias%20Completas&searchField=titulo-autor&ano-de-publicacao=1924,,ativo,2026-09-06 13:29,2026-07-23 02:14,
Machado de Assis,Fundador,Historias Sem Data,1924,130,SIM,https://www.estantevirtual.com.br/busca?nsCat=Natural&q=Machado%20de%20Assis%20Historias%20Sem%20Data&searchField=titulo-autor&ano-de-publicacao=1924,,ativo,2026-09-06 13:29,2026-07-23 02:14,
Machado de Assis,Fundador,Poesias Completas Com o Erro Corrigido,1902,5000,SIM,https://www.estantevirtual.com.br/busca?nsCat=Natural&q=Machado%20de%20Assis%20Poesias%20Completas%20Com%20o%20Erro%20Corrigido&searchField=titulo-autor&ano-de-publicacao=1902,,ativo,2026-09-06 13:29,2026-07-23 02:14,
Machado de Assis,Fundador,A semana,1914,1800,SIM,https://www.estantevirtual.com.br/livro/a-semana-grp-17Z-1195-000?_preco=3000-10000000&tipo-de-livro=usado,,ativo,2026-09-06 13:29,2026-07-23 02:14,Livraria Virtual Incunábulo
Machado de Assis,Fundador,Poesias Completas,1924,150,SIM,https://www.estantevirtual.com.br/busca?nsCat=Natural&q=Machado%20de%20Assis%20Poesias%20Completas&searchField=titulo-autor&ano-de-publicacao=1924,,ativo,2026-09-06 13:29,2026-07-23 02:14,
Machado de Assis,Fundador,Critica Literaria. C,1938,40,SIM,https://www.estantevirtual.com.br/busca?nsCat=Natural&q=Machado%20de%20Assis%20Critica%20Literaria.%20C&searchField=titulo-autor&ano-de-publicacao=1938,,ativo,2026-09-06 13:29,2026-07-23 02:14,
Machado de Assis,Fundador,Esaú e Jacó,1940,104,SIM,https://www.estantevirtual.com.br/busca?nsCat=Natural&q=Machado%20de%20Assis%20Esa%C3%BA%20e%20Jac%C3%B3&searchField=titulo-autor&ano-de-publicacao=1940,,ativo,2026-09-06 13:29,2026-07-23 02:14,
Machado de Assis,Fundador,A Semana - Collecção dos Autores Celebres,1922,498.40,SIM,https://www.estantevirtual.com.br/busca?nsCat=Natural&q=Machado%20de%20Assis%20A%20Semana%20-%20Collec%C3%A7%C3%A3o%20dos%20Autores%20Celebres&searchField=titulo-autor&ano-de-publicacao=1922,,ativo,2026-09-06 13:29,2026-07-23 02:14,
Machado de Assis,Fundador,Ressurreição (encadernado),1920,192.56,SIM,https://www.estantevirtual.com.br/busca?nsCat=Natural&q=Machado%20de%20Assis%20Ressurrei%C3%A7%C3%A3o%20(encadernado)&searchField=titulo-autor&ano-de-publicacao=1920,,ativo,2026-09-06 13:29,2026-07-23 02:14,
Machado de Assis,Fundador,Theatro - várias peças,1938,100,SIM,https://www.estantevirtual.com.br/livro/theatro-varias-pecas-grp-11I-9983-000?_preco=3000-10000000&tipo-de-livro=usado,,ativo,2026-09-06 13:29,2026-07-23 02:14,Arcádia Sebo e Café
Machado de Assis,Fundador,Memórias Posthumas de Braz Cunas,1938,50,SIM,https://www.estantevirtual.com.br/busca?nsCat=Natural&q=Machado%20de%20Assis%20Mem%C3%B3rias%20Posthumas%20de%20Braz%20Cunas&searchField=titulo-autor&ano-de-publicacao=1938,,ativo,2026-09-06 13:29,2026-07-23 02:14,
Medeiros e Albuquerque,Fundador,O Silencio é de Ouro,1916,100,SIM,https://www.estantevirtual.com.br/busca?nsCat=Natural&q=Medeiros%20e%20Albuquerque%20O%20Silencio%20%C3%A9%20de%20Ouro&searchField=titulo-autor&ano-de-publicacao=1916,,ativo,2026-09-06 13:29,2026-07-23 02:14,
Medeiros e Albuquerque,Fundador,Poesias - Edição Definitiva 1885-1901,1905,150,SIM,https://www.estantevirtual.com.br/busca?nsCat=Natural&q=Medeiros%20e%20Albuquerque%20Poesias%20-%20Edi%C3%A7%C3%A3o%20Definitiva%201885-1901&searchField=titulo-autor&ano-de-publicacao=1905,,ativo,2026-09-06 13:29,2026-07-23 02:14,
Medeiros e Albuquerque,Fundador,Poemas sem Versos - Medeiros e Albuquerque,1924,50,SIM,https://www.estantevirtual.com.br/busca?nsCat=Natural&q=Medeiros%20e%20Albuquerque%20Poemas%20sem%20Versos%20-%20Medeiros%20e%20Albuquerque&searchField=titulo-autor&ano-de-publicacao=1924,,ativo,2026-09-06 13:29,2026-07-23 02:14,
Medeiros e Albuquerque,Fundador,Tests,1924,70,SIM,https://www.estantevirtual.com.br/busca?nsCat=Natural&q=Medeiros%20e%20Albuquerque%20Tests&searchField=titulo-autor&ano-de-publicacao=1924,,ativo,2026-09-06 13:29,2026-07-23 02:14,
Medeiros e Albuquerque,Fundador,Homens e Cousas da Academia Brasileira,1934,61,SIM,https://www.estantevirtual.com.br/busca?nsCat=Natural&q=Medeiros%20e%20Albuquerque%20Homens%20e%20Cousas%20da%20Academia%20Brasileira&searchField=titulo-autor&ano-de-publicacao=1934,,ativo,2026-09-06 13:30,2026-07-23 02:14,
Medeiros e Albuquerque,Fundador,Minha Vida - Memórias,1933,90,SIM,https://www.estantevirtual.com.br/busca?nsCat=Natural&q=Medeiros%20e%20Albuquerque%20Minha%20Vida%20-%20Mem%C3%B3rias&searchField=titulo-autor&ano-de-publicacao=1933,,ativo,2026-09-06 13:30,2026-07-23 02:14,
Medeiros e Albuquerque,Fundador,Literatura Alheia,1914,100,SIM,https://www.estantevirtual.com.br/busca?nsCat=Natural&q=Medeiros%20e%20Albuquerque%20Literatura%20Alheia&searchField=titulo-autor&ano-de-publicacao=1914,,ativo,2026-09-06 13:30,2026-07-23 02:14,
Medeiros e Albuquerque,Fundador,Parlamentarismo & Presidencialismo No Brasil,1932,140,SIM,https://www.estantevirtual.com.br/busca?nsCat=Natural&q=Medeiros%20e%20Albuquerque%20Parlamentarismo%20%26%20Presidencialismo%20No%20Brasil&searchField=titulo-autor&ano-de-publicacao=1932,,ativo,2026-09-06 13:30,2026-07-23 02:14,
Medeiros e Albuquerque,Fundador,Contos Escolhidos - 2 Edição Auhmentada,1924,100,SIM,https://www.estantevirtual.com.br/busca?nsCat=Natural&q=Medeiros%20e%20Albuquerque%20Contos%20Escolhidos%20-%202%20Edi%C3%A7%C3%A3o%20Auhmentada&searchField=titulo-autor&ano-de-publicacao=1924,,ativo,2026-09-06 13:30,2026-07-23 02:14,
Medeiros e Albuquerque,Fundador,O Hypnotismo,1923,50,SIM,https://www.estantevirtual.com.br/busca?nsCat=Natural&q=Medeiros%20e%20Albuquerque%20O%20Hypnotismo&searchField=titulo-autor&ano-de-publicacao=1923,,ativo,2026-09-06 13:30,2026-07-23 02:14,
Medeiros e Albuquerque,Fundador,Surprezas,1934,40,SIM,https://www.estantevirtual.com.br/busca?nsCat=Natural&q=Medeiros%20e%20Albuquerque%20Surprezas&searchField=titulo-autor&ano-de-publicacao=1934,,ativo,2026-09-06 13:30,2026-07-23 02:14,
Medeiros e Albuquerque,Fundador,Poesias Completas de Pedro II (livro Raro),1932,250,SIM,https://www.estantevirtual.com.br/busca?nsCat=Natural&q=Medeiros%20e%20Albuquerque%20Poesias%20Completas%20de%20Pedro%20II%20(livro%20Raro)&searchField=titulo-autor&ano-de-publicacao=1932,,ativo,2026-09-06 13:30,2026-07-23 02:14,
Medeiros e Albuquerque,Fundador,Um Homem Prático - 1ª Edição,1898,300,SIM,https://www.estantevirtual.com.br/busca?nsCat=Natural&q=Medeiros%20e%20Albuquerque%20Um%20Homem%20Pr%C3%A1tico%20-%201%C2%AA%20Edi%C3%A7%C3%A3o&searchField=titulo-autor&ano-de-publicacao=1898,,ativo,2026-09-06 13:30,2026-07-23 02:14,
Medeiros e Albuquerque,Fundador,Pontos de Vista - Ano 1913,1913,64,SIM,https://www.estantevirtual.com.br/busca?nsCat=Natural&q=Medeiros%20e%20Albuquerque%20Pontos%20de%20Vista%20-%20Ano%201913&searchField=titulo-autor&ano-de-publicacao=1913,,ativo,2026-09-06 13:30,2026-07-23 02:14,
Medeiros e Albuquerque,Fundador,O Hypnotismo,1923,50,SIM,https://www.estantevirtual.com.br/busca?nsCat=Natural&q=Medeiros%20e%20Albuquerque%20O%20Hypnotismo&searchField=titulo-autor&ano-de-publicacao=1923,,ativo,2026-09-06 13:30,2026-07-23 02:14,
Medeiros e Albuquerque,Fundador,O Hypnotismo,1923,40,SIM,https://www.estantevirtual.com.br/busca?nsCat=Natural&q=Medeiros%20e%20Albuquerque%20O%20Hypnotismo&searchField=titulo-autor&ano-de-publicacao=1923,,ativo,2026-09-06 13:30,2026-07-23 02:14,
Medeiros e Albuquerque,Fundador,Surprezas...,1934,38,SIM,https://www.estantevirtual.com.br/busca?nsCat=Natural&q=Medeiros%20e%20Albuquerque%20Surprezas...&searchField=titulo-autor&ano-de-publicacao=1934,,ativo,2026-09-06 13:30,2026-07-23 02:14,
Medeiros e Albuquerque,Fundador,Pontos de Vista,1913,65,SIM,https://www.estantevirtual.com.br/busca?nsCat=Natural&q=Medeiros%20e%20Albuquerque%20Pontos%20de%20Vista&searchField=titulo-autor&ano-de-publicacao=1913,,ativo,2026-09-06 13:30,2026-07-23 02:14,
Medeiros e Albuquerque,Fundador,Em Voz Alta - Conferencias Literárias,1913,45,SIM,https://www.estantevirtual.com.br/livro/em-voz-alta-conferencias-literarias-grp-EGY-0196-000?_preco=3000-10000000&tipo-de-livro=usado,,vendido,2026-08-08 12:20,2026-07-23 02:14,
Medeiros e Albuquerque,Fundador,Em Voz Alta,1909,100,SIM,https://www.estantevirtual.com.br/busca?nsCat=Natural&q=Medeiros%20e%20Albuquerque%20Em%20Voz%20Alta&searchField=titulo-autor&ano-de-publicacao=1909,,ativo,2026-09-06 13:30,2026-07-23 02:14,
Medeiros e Albuquerque,Fundador,O Perigo Americano,1919,250,SIM,https://www.estantevirtual.com.br/busca?nsCat=Natural&q=Medeiros%20e%20Albuquerque%20O%20Perigo%20Americano&searchField=titulo-autor&ano-de-publicacao=1919,,ativo,2026-09-06 13:30,2026-07-23 02:14,
Medeiros e Albuquerque,Fundador,Poemas sem Versos,1924,39.10,SIM,https://www.estantevirtual.com.br/busca?nsCat=Natural&q=Medeiros%20e%20Albuquerque%20Poemas%20sem%20Versos&searchField=titulo-autor&ano-de-publicacao=1924,,ativo,2026-09-06 13:31,2026-07-23 02:14,
Medeiros e Albuquerque,Fundador,Em Voz Alta - Conferencias Literárias,1913,40,SIM,https://www.estantevirtual.com.br/busca?nsCat=Natural&q=Medeiros%20e%20Albuquerque%20Em%20Voz%20Alta%20-%20Conferencias%20Liter%C3%A1rias&searchField=titulo-autor&ano-de-publicacao=1913,,ativo,2026-09-06 13:31,2026-07-23 02:14,
Medeiros e Albuquerque,Fundador,Poesias - Edição Definitiva - 1885-1901,1905,200,SIM,https://www.estantevirtual.com.br/busca?nsCat=Natural&q=Medeiros%20e%20Albuquerque%20Poesias%20-%20Edi%C3%A7%C3%A3o%20Definitiva%20-%201885-1901&searchField=titulo-autor&ano-de-publicacao=1905,,ativo,2026-09-06 13:31,2026-07-23 02:14,
Medeiros e Albuquerque,Fundador,Homens e Coisas da Academia,1934,65,SIM,https://www.estantevirtual.com.br/busca?nsCat=Natural&q=Medeiros%20e%20Albuquerque%20Homens%20e%20Coisas%20da%20Academia&searchField=titulo-autor&ano-de-publicacao=1934,,ativo,2026-09-06 13:31,2026-07-23 02:14,
Medeiros e Albuquerque,Fundador,O hypnotismo,1926,46.80,SIM,https://www.estantevirtual.com.br/busca?nsCat=Natural&q=Medeiros%20e%20Albuquerque%20O%20hypnotismo&searchField=titulo-autor&ano-de-publicacao=1926,,ativo,2026-09-06 13:31,2026-07-23 02:14,
Medeiros e Albuquerque,Fundador,Graves e Futeis,1922,120,SIM,https://www.estantevirtual.com.br/busca?nsCat=Natural&q=Medeiros%20e%20Albuquerque%20Graves%20e%20Futeis&searchField=titulo-autor&ano-de-publicacao=1922,,ativo,2026-09-06 13:31,2026-07-23 02:14,
Medeiros e Albuquerque,Fundador,Fim,1921,50,SIM,https://www.estantevirtual.com.br/busca?nsCat=Natural&q=Medeiros%20e%20Albuquerque%20Fim&searchField=titulo-autor&ano-de-publicacao=1921,,ativo,2026-09-06 13:31,2026-07-23 02:14,
Medeiros e Albuquerque,Fundador,Pontos de Vista/ Literatura Alheia,1913,140,SIM,https://www.estantevirtual.com.br/busca?nsCat=Natural&q=Medeiros%20e%20Albuquerque%20Pontos%20de%20Vista%2F%20Literatura%20Alheia&searchField=titulo-autor&ano-de-publicacao=1913,,ativo,2026-09-06 13:31,2026-07-23 02:14,
Medeiros e Albuquerque,Fundador,Minha Vida- da Infância a Mocidade- Memórias -1867-1893- 3ªed - Vol. 1,1933,95,SIM,https://www.estantevirtual.com.br/busca?nsCat=Natural&q=Medeiros%20e%20Albuquerque%20Minha%20Vida-%20da%20Inf%C3%A2ncia%20a%20Mocidade-%20Mem%C3%B3rias%20-1867-1893-%203%C2%AAed%20-%20Vol.%201&searchField=titulo-autor&ano-de-publicacao=1933,,ativo,2026-09-06 13:31,2026-07-23 02:14,
Medeiros e Albuquerque,Fundador,Homens e Cousas da Academia Brasileira,1934,40,SIM,https://www.estantevirtual.com.br/busca?nsCat=Natural&q=Medeiros%20e%20Albuquerque%20Homens%20e%20Cousas%20da%20Academia%20Brasileira&searchField=titulo-autor&ano-de-publicacao=1934,,ativo,2026-09-06 13:31,2026-07-23 02:14,
Medeiros e Albuquerque,Fundador,Literatura Alheia Encadernado Com Capa Original,1914,72,SIM,https://www.estantevirtual.com.br/busca?nsCat=Natural&q=Medeiros%20e%20Albuquerque%20Literatura%20Alheia%20Encadernado%20Com%20Capa%20Original&searchField=titulo-autor&ano-de-publicacao=1914,,ativo,2026-09-06 13:31,2026-07-23 02:14,
Medeiros e Albuquerque,Fundador,Suprezas....,1934,45,SIM,https://www.estantevirtual.com.br/busca?nsCat=Natural&q=Medeiros%20e%20Albuquerque%20Suprezas....&searchField=titulo-autor&ano-de-publicacao=1934,,ativo,2026-09-06 13:31,2026-07-23 02:14,
Medeiros e Albuquerque,Fundador,Teatro - Meu e dos Outros,1923,45,SIM,https://www.estantevirtual.com.br/busca?nsCat=Natural&q=Medeiros%20e%20Albuquerque%20Teatro%20-%20Meu%20e%20dos%20Outros&searchField=titulo-autor&ano-de-publicacao=1923,,ativo,2026-09-06 13:31,2026-07-23 02:14,
Medeiros e Albuquerque,Fundador,Hypnotismo,1937,45.44,SIM,https://www.estantevirtual.com.br/busca?nsCat=Natural&q=Medeiros%20e%20Albuquerque%20Hypnotismo&searchField=titulo-autor&ano-de-publicacao=1937,,ativo,2026-09-06 13:31,2026-07-23 02:14,
Medeiros e Albuquerque,Fundador,Hipnotismo,1923,60,SIM,https://www.estantevirtual.com.br/busca?nsCat=Natural&q=Medeiros%20e%20Albuquerque%20Hipnotismo&searchField=titulo-autor&ano-de-publicacao=1923,,ativo,2026-09-06 13:31,2026-07-23 02:14,
Medeiros e Albuquerque,Fundador,Literatura Alheia,1914,32,SIM,https://www.estantevirtual.com.br/busca?nsCat=Natural&q=Medeiros%20e%20Albuquerque%20Literatura%20Alheia&searchField=titulo-autor&ano-de-publicacao=1914,,ativo,2026-09-06 13:31,2026-07-23 02:14,
Medeiros e Albuquerque,Fundador,Surprezas... Contos,1934,48,SIM,https://www.estantevirtual.com.br/busca?nsCat=Natural&q=Medeiros%20e%20Albuquerque%20Surprezas...%20Contos&searchField=titulo-autor&ano-de-publicacao=1934,,ativo,2026-09-06 13:31,2026-07-23 02:14,
Medeiros e Albuquerque,Fundador,Pontos de Vista - 1ª edição,1913,71.90,SIM,https://www.estantevirtual.com.br/busca?nsCat=Natural&q=Medeiros%20e%20Albuquerque%20Pontos%20de%20Vista%20-%201%C2%AA%20edi%C3%A7%C3%A3o&searchField=titulo-autor&ano-de-publicacao=1913,,ativo,2026-09-06 13:32,2026-07-23 02:14,
Medeiros e Albuquerque,Fundador,OS QUE PODEM CASAR-SE...,1929,32.50,SIM,https://www.estantevirtual.com.br/busca?nsCat=Natural&q=Medeiros%20e%20Albuquerque%20OS%20QUE%20PODEM%20CASAR-SE...&searchField=titulo-autor&ano-de-publicacao=1929,,ativo,2026-09-06 13:32,2026-07-23 02:14,
Medeiros e Albuquerque,Fundador,Em Voz Alta:conferências Literárias,1913,65,SIM,https://www.estantevirtual.com.br/busca?nsCat=Natural&q=Medeiros%20e%20Albuquerque%20Em%20Voz%20Alta%3Aconfer%C3%AAncias%20Liter%C3%A1rias&searchField=titulo-autor&ano-de-publicacao=1913,,ativo,2026-09-06 13:32,2026-07-23 02:14,
Medeiros e Albuquerque,Fundador,Poesias (1885-191),1905,240,SIM,https://www.estantevirtual.com.br/busca?nsCat=Natural&q=Medeiros%20e%20Albuquerque%20Poesias%20(1885-191)&searchField=titulo-autor&ano-de-publicacao=1905,,ativo,2026-09-06 13:32,2026-07-23 02:14,
Medeiros e Albuquerque,Fundador,Contos Escolhidos - 2 Edição,1924,160,SIM,https://www.estantevirtual.com.br/busca?nsCat=Natural&q=Medeiros%20e%20Albuquerque%20Contos%20Escolhidos%20-%202%20Edi%C3%A7%C3%A3o&searchField=titulo-autor&ano-de-publicacao=1924,,ativo,2026-09-06 13:32,2026-07-23 02:14,
Medeiros e Albuquerque,Fundador,Pontos de Vista - 1 Edição,1913,150,SIM,https://www.estantevirtual.com.br/busca?nsCat=Natural&q=Medeiros%20e%20Albuquerque%20Pontos%20de%20Vista%20-%201%20Edi%C3%A7%C3%A3o&searchField=titulo-autor&ano-de-publicacao=1913,,ativo,2026-09-06 13:32,2026-07-23 02:14,
Medeiros e Albuquerque,Fundador,Literatura Alheia - 1º Milheiro,1914,30,SIM,https://www.estantevirtual.com.br/busca?nsCat=Natural&q=Medeiros%20e%20Albuquerque%20Literatura%20Alheia%20-%201%C2%BA%20Milheiro&searchField=titulo-autor&ano-de-publicacao=1914,,ativo,2026-09-06 13:32,2026-07-23 02:14,
Medeiros e Albuquerque,Fundador,Pontos de Vista - 1º Milheiro,1913,49,SIM,https://www.estantevirtual.com.br/busca?nsCat=Natural&q=Medeiros%20e%20Albuquerque%20Pontos%20de%20Vista%20-%201%C2%BA%20Milheiro&searchField=titulo-autor&ano-de-publicacao=1913,,ativo,2026-09-06 13:32,2026-07-23 02:14,
Medeiros e Albuquerque,Fundador,Surprezas...,1934,40,SIM,https://www.estantevirtual.com.br/busca?nsCat=Natural&q=Medeiros%20e%20Albuquerque%20Surprezas...&searchField=titulo-autor&ano-de-publicacao=1934,,ativo,2026-09-06 13:32,2026-07-23 02:14,
Medeiros e Albuquerque,Fundador,O Umbigo de Adao,1932,64,SIM,https://www.estantevirtual.com.br/busca?nsCat=Natural&q=Medeiros%20e%20Albuquerque%20O%20Umbigo%20de%20Adao&searchField=titulo-autor&ano-de-publicacao=1932,,ativo,2026-09-06 13:32,2026-07-23 02:14,
Medeiros e Albuquerque,Fundador,Marta,1920,150,SIM,https://www.estantevirtual.com.br/busca?nsCat=Natural&q=Medeiros%20e%20Albuquerque%20Marta&searchField=titulo-autor&ano-de-publicacao=1920,,ativo,2026-09-06 13:32,2026-07-23 02:14,
Medeiros e Albuquerque,Fundador,Homens e Cousas da Academia Brasileira,1934,45,SIM,https://www.estantevirtual.com.br/busca?nsCat=Natural&q=Medeiros%20e%20Albuquerque%20Homens%20e%20Cousas%20da%20Academia%20Brasileira&searchField=titulo-autor&ano-de-publicacao=1934,,ativo,2026-09-06 13:32,2026-07-23 02:14,
Medeiros e Albuquerque,Fundador,Em Voz Alta,1913,90,SIM,https://www.estantevirtual.com.br/busca?nsCat=Natural&q=Medeiros%20e%20Albuquerque%20Em%20Voz%20Alta&searchField=titulo-autor&ano-de-publicacao=1913,,ativo,2026-09-06 13:32,2026-07-23 02:14,
Medeiros e Albuquerque,Fundador,Poesias Completas de D. Pedro II,1932,250,SIM,https://www.estantevirtual.com.br/busca?nsCat=Natural&q=Medeiros%20e%20Albuquerque%20Poesias%20Completas%20de%20D.%20Pedro%20II&searchField=titulo-autor&ano-de-publicacao=1932,,ativo,2026-09-06 13:32,2026-07-23 02:14,
Medeiros e Albuquerque,Fundador,Parlamentarismo e Presidencialismo no Brasil,1932,140,SIM,https://www.estantevirtual.com.br/busca?nsCat=Natural&q=Medeiros%20e%20Albuquerque%20Parlamentarismo%20e%20Presidencialismo%20no%20Brasil&searchField=titulo-autor&ano-de-publicacao=1932,,ativo,2026-09-06 13:32,2026-07-23 02:14,
Medeiros e Albuquerque,Fundador,Em voz Alta,1909,70,SIM,https://www.estantevirtual.com.br/busca?nsCat=Natural&q=Medeiros%20e%20Albuquerque%20Em%20voz%20Alta&searchField=titulo-autor&ano-de-publicacao=1909,,ativo,2026-09-06 13:32,2026-07-23 02:14,
Medeiros e Albuquerque,Fundador,Marta Romance,1920,300,SIM,https://www.estantevirtual.com.br/busca?nsCat=Natural&q=Medeiros%20e%20Albuquerque%20Marta%20Romance&searchField=titulo-autor&ano-de-publicacao=1920,,ativo,2026-09-06 13:32,2026-07-23 02:14,
Medeiros e Albuquerque,Fundador,Por alheias terras...,1931,50,SIM,https://www.estantevirtual.com.br/busca?nsCat=Natural&q=Medeiros%20e%20Albuquerque%20Por%20alheias%20terras...&searchField=titulo-autor&ano-de-publicacao=1931,,ativo,2026-09-06 13:33,2026-07-23 02:14,
Medeiros e Albuquerque,Fundador,Paginas de Critica,1920,62,SIM,https://www.estantevirtual.com.br/busca?nsCat=Natural&q=Medeiros%20e%20Albuquerque%20Paginas%20de%20Critica&searchField=titulo-autor&ano-de-publicacao=1920,,ativo,2026-09-06 13:33,2026-07-23 02:14,
Medeiros e Albuquerque,Fundador,Teatro... Meu e dos outros,1923,50,SIM,https://www.estantevirtual.com.br/livro/teatro-meu-e-dos-outros-grp-17X-8328-000?_preco=3000-10000000&tipo-de-livro=usado,,ativo,2026-09-06 13:33,2026-07-23 02:14,Livraria Virtual Incunábulo
Medeiros e Albuquerque,Fundador,Pontos de Vista,1913,100,SIM,https://www.estantevirtual.com.br/livro/pontos-de-vista-grp-17W-5502-000?_preco=3000-10000000&tipo-de-livro=usado,,ativo,2026-09-06 13:33,2026-07-23 02:14,Livraria Virtual Incunábulo
Medeiros e Albuquerque,Fundador,Teatro Meu e dos Outros,1923,50,SIM,https://www.estantevirtual.com.br/livro/teatro-meu-e-dos-outros-grp-17W-2941-000?_preco=3000-10000000&tipo-de-livro=usado,,ativo,2026-09-06 13:33,2026-07-23 02:14,Livraria Virtual Incunábulo
Medeiros e Albuquerque,Fundador,Hypnotismo,1937,65.90,SIM,https://www.estantevirtual.com.br/busca?nsCat=Natural&q=Medeiros%20e%20Albuquerque%20Hypnotismo&searchField=titulo-autor&ano-de-publicacao=1937,,ativo,2026-09-06 13:33,2026-07-23 02:14,
Medeiros e Albuquerque,Fundador,Hypnotismo,1937,98.84,SIM,https://www.estantevirtual.com.br/busca?nsCat=Natural&q=Medeiros%20e%20Albuquerque%20Hypnotismo&searchField=titulo-autor&ano-de-publicacao=1937,,ativo,2026-09-06 13:33,2026-07-23 02:14,
Medeiros e Albuquerque,Fundador,Homens e Cousas da Academia Brasileira,1934,70,SIM,https://www.estantevirtual.com.br/busca?nsCat=Natural&q=Medeiros%20e%20Albuquerque%20Homens%20e%20Cousas%20da%20Academia%20Brasileira&searchField=titulo-autor&ano-de-publicacao=1934,,ativo,2026-09-06 13:33,2026-07-23 02:14,
Medeiros e Albuquerque,Fundador,Paginas de Critica - 5549,1920,45,SIM,https://www.estantevirtual.com.br/busca?nsCat=Natural&q=Medeiros%20e%20Albuquerque%20Paginas%20de%20Critica%20-%205549&searchField=titulo-autor&ano-de-publicacao=1920,,ativo,2026-09-06 13:33,2026-07-23 02:14,
Medeiros e Albuquerque,Fundador,Por Alheias Terras...,1931,40,SIM,https://www.estantevirtual.com.br/busca?nsCat=Natural&q=Medeiros%20e%20Albuquerque%20Por%20Alheias%20Terras...&searchField=titulo-autor&ano-de-publicacao=1931,,ativo,2026-09-06 13:33,2026-07-23 02:14,
Medeiros e Albuquerque,Fundador,Em Voz Alta 1ª Edição 8317,1909,65,SIM,https://www.estantevirtual.com.br/busca?nsCat=Natural&q=Medeiros%20e%20Albuquerque%20Em%20Voz%20Alta%201%C2%AA%20Edi%C3%A7%C3%A3o%208317&searchField=titulo-autor&ano-de-publicacao=1909,,ativo,2026-09-06 13:33,2026-07-23 02:14,
Medeiros e Albuquerque,Fundador,Marta - Romance,1920,215,SIM,https://www.estantevirtual.com.br/busca?nsCat=Natural&q=Medeiros%20e%20Albuquerque%20Marta%20-%20Romance&searchField=titulo-autor&ano-de-publicacao=1920,,ativo,2026-09-06 13:33,2026-07-23 02:14,
Medeiros e Albuquerque,Fundador,Poemas sem Versos,1924,30,SIM,https://www.estantevirtual.com.br/busca?nsCat=Natural&q=Medeiros%20e%20Albuquerque%20Poemas%20sem%20Versos&searchField=titulo-autor&ano-de-publicacao=1924,,ativo,2026-09-06 13:33,2026-07-23 02:14,
Medeiros e Albuquerque,Fundador,Páginas de Crítica,1920,59,SIM,https://www.estantevirtual.com.br/busca?nsCat=Natural&q=Medeiros%20e%20Albuquerque%20P%C3%A1ginas%20de%20Cr%C3%ADtica&searchField=titulo-autor&ano-de-publicacao=1920,,ativo,2026-09-06 13:33,2026-07-23 02:14,
Medeiros e Albuquerque,Fundador,Minha Vida. Memórias 1867-1893 da Infância a Mocidade,1933,41.55,SIM,https://www.estantevirtual.com.br/busca?nsCat=Natural&q=Medeiros%20e%20Albuquerque%20Minha%20Vida.%20Mem%C3%B3rias%201867-1893%20da%20Inf%C3%A2ncia%20a%20Mocidade&searchField=titulo-autor&ano-de-publicacao=1933,,ativo,2026-09-06 13:33,2026-07-23 02:14,
Medeiros e Albuquerque,Fundador,O Silencio É de Ouro... Conferencias Literarias - 2° Milheiro,1916,68.16,SIM,https://www.estantevirtual.com.br/busca?nsCat=Natural&q=Medeiros%20e%20Albuquerque%20O%20Silencio%20%C3%89%20de%20Ouro...%20Conferencias%20Literarias%20-%202%C2%B0%20Milheiro&searchField=titulo-autor&ano-de-publicacao=1916,,ativo,2026-09-06 13:33,2026-07-23 02:14,
Medeiros e Albuquerque,Fundador,Por Alheias Terras...,1931,40.43,SIM,https://www.estantevirtual.com.br/busca?nsCat=Natural&q=Medeiros%20e%20Albuquerque%20Por%20Alheias%20Terras...&searchField=titulo-autor&ano-de-publicacao=1931,,ativo,2026-09-06 13:33,2026-07-23 02:14,
Medeiros e Albuquerque,Fundador,Pontos de Vista,1913,82.47,SIM,https://www.estantevirtual.com.br/busca?nsCat=Natural&q=Medeiros%20e%20Albuquerque%20Pontos%20de%20Vista&searchField=titulo-autor&ano-de-publicacao=1913,,ativo,2026-09-06 13:33,2026-07-23 02:14,
Medeiros e Albuquerque,Fundador,Pontos de Vista,1913,82.47,SIM,https://www.estantevirtual.com.br/busca?nsCat=Natural&q=Medeiros%20e%20Albuquerque%20Pontos%20de%20Vista&searchField=titulo-autor&ano-de-publicacao=1913,,ativo,2026-09-06 13:34,2026-07-23 02:14,
Medeiros e Albuquerque,Fundador,O Hypnotismo,1923,66.70,SIM,https://www.estantevirtual.com.br/busca?nsCat=Natural&q=Medeiros%20e%20Albuquerque%20O%20Hypnotismo&searchField=titulo-autor&ano-de-publicacao=1923,,ativo,2026-09-06 13:34,2026-07-23 02:14,
Medeiros e Albuquerque,Fundador,Pontos de vista,1913,40,SIM,https://www.estantevirtual.com.br/busca?nsCat=Natural&q=Medeiros%20e%20Albuquerque%20Pontos%20de%20vista&searchField=titulo-autor&ano-de-publicacao=1913,,ativo,2026-09-06 13:34,2026-07-23 02:14,
Olavo Bilac,Fundador,Critica e Fantasia,1904,264.60,SIM,https://www.estantevirtual.com.br/busca?nsCat=Natural&q=Olavo%20Bilac%20Critica%20e%20Fantasia&searchField=titulo-autor&ano-de-publicacao=1904,,ativo,2026-09-06 13:34,2026-07-23 02:14,
Olavo Bilac,Fundador,Ultimas Conferencias e Discursos,1927,53,SIM,https://www.estantevirtual.com.br/busca?nsCat=Natural&q=Olavo%20Bilac%20Ultimas%20Conferencias%20e%20Discursos&searchField=titulo-autor&ano-de-publicacao=1927,,ativo,2026-09-06 13:34,2026-07-23 02:14,
Olavo Bilac,Fundador,Poesias Infantis,1916,349.90,SIM,https://www.estantevirtual.com.br/livro/poesias-infantis-FWD-2340-000-BK,,ativo,2026-09-06 13:34,2026-07-23 02:14,
Olavo Bilac,Fundador,Contos Pátrios (para Crianças),1940,100,SIM,https://www.estantevirtual.com.br/busca?nsCat=Natural&q=Olavo%20Bilac%20Contos%20P%C3%A1trios%20(para%20Crian%C3%A7as)&searchField=titulo-autor&ano-de-publicacao=1940,,ativo,2026-09-06 13:34,2026-07-23 02:14,
Olavo Bilac,Fundador,Ironia e Piedade - 3ª Edição,1926,100,SIM,https://www.estantevirtual.com.br/busca?nsCat=Natural&q=Olavo%20Bilac%20Ironia%20e%20Piedade%20-%203%C2%AA%20Edi%C3%A7%C3%A3o&searchField=titulo-autor&ano-de-publicacao=1926,,ativo,2026-09-06 13:34,2026-07-23 02:14,
Olavo Bilac,Fundador,Tarde,1919,80,SIM,https://www.estantevirtual.com.br/livro/tarde-K1R-6403-000-BK,,ativo,2026-09-06 13:34,2026-07-23 02:14,
Olavo Bilac,Fundador,Poesias,1926,72,SIM,https://www.estantevirtual.com.br/busca?nsCat=Natural&q=Olavo%20Bilac%20Poesias&searchField=titulo-autor&ano-de-publicacao=1926,,ativo,2026-09-06 13:34,2026-07-23 02:14,
Olavo Bilac,Fundador,Tarde - 1ª Edição,1919,200,SIM,https://www.estantevirtual.com.br/busca?nsCat=Natural&q=Olavo%20Bilac%20Tarde%20-%201%C2%AA%20Edi%C3%A7%C3%A3o&searchField=titulo-autor&ano-de-publicacao=1919,,ativo,2026-09-06 13:34,2026-07-23 02:14,
Olavo Bilac,Fundador,Tarde - 1ª Edição,1919,200,SIM,https://www.estantevirtual.com.br/busca?nsCat=Natural&q=Olavo%20Bilac%20Tarde%20-%201%C2%AA%20Edi%C3%A7%C3%A3o&searchField=titulo-autor&ano-de-publicacao=1919,,ativo,2026-09-06 13:34,2026-07-23 02:14,
Olavo Bilac,Fundador,Critica e Fantasia,1904,60,SIM,https://www.estantevirtual.com.br/livro/critica-e-fantasia-grp-PZQ-0296-000?_preco=3000-10000000&tipo-de-livro=usado,,ativo,2026-09-06 13:34,2026-07-23 02:14,Livraria Martins 2
Olavo Bilac,Fundador,Poesias Nova Edição,1904,290,SIM,https://www.estantevirtual.com.br/busca?nsCat=Natural&q=Olavo%20Bilac%20Poesias%20Nova%20Edi%C3%A7%C3%A3o&searchField=titulo-autor&ano-de-publicacao=1904,,ativo,2026-09-06 13:34,2026-07-23 02:14,
Olavo Bilac,Fundador,Poesias Infantis,1927,100,SIM,https://www.estantevirtual.com.br/busca?nsCat=Natural&q=Olavo%20Bilac%20Poesias%20Infantis&searchField=titulo-autor&ano-de-publicacao=1927,,ativo,2026-09-06 13:34,2026-07-23 02:14,
Olavo Bilac,Fundador,Conferências Literárias 1ª Edição,1912,63,SIM,https://www.estantevirtual.com.br/busca?nsCat=Natural&q=Olavo%20Bilac%20Confer%C3%AAncias%20Liter%C3%A1rias%201%C2%AA%20Edi%C3%A7%C3%A3o&searchField=titulo-autor&ano-de-publicacao=1912,,ativo,2026-09-06 13:34,2026-07-23 02:14,
Olavo Bilac,Fundador,CONFERENCIAS LITERARIAS,1906,220,SIM,https://www.estantevirtual.com.br/busca?nsCat=Natural&q=Olavo%20Bilac%20CONFERENCIAS%20LITERARIAS&searchField=titulo-autor&ano-de-publicacao=1906,,ativo,2026-09-06 13:34,2026-07-23 02:14,
Olavo Bilac,Fundador,A Defesa Nacional ( Discursos ),1917,80,SIM,https://www.estantevirtual.com.br/busca?nsCat=Natural&q=Olavo%20Bilac%20A%20Defesa%20Nacional%20(%20Discursos%20)&searchField=titulo-autor&ano-de-publicacao=1917,,ativo,2026-09-06 13:35,2026-07-23 02:14,
Olavo Bilac,Fundador,Poesias,1913,120,SIM,https://www.estantevirtual.com.br/busca?nsCat=Natural&q=Olavo%20Bilac%20Poesias&searchField=titulo-autor&ano-de-publicacao=1913,,vendido,2026-07-30 15:44,2026-07-23 02:14,
Olavo Bilac,Fundador,Ironia e Piedade,1926,70,SIM,https://www.estantevirtual.com.br/busca?nsCat=Natural&q=Olavo%20Bilac%20Ironia%20e%20Piedade&searchField=titulo-autor&ano-de-publicacao=1926,,ativo,2026-09-06 13:35,2026-07-23 02:14,
Olavo Bilac,Fundador,Poesias - Olavo Bilac,1905,1000,SIM,https://www.estantevirtual.com.br/busca?nsCat=Natural&q=Olavo%20Bilac%20Poesias%20-%20Olavo%20Bilac&searchField=titulo-autor&ano-de-publicacao=1905,,ativo,2026-09-06 13:35,2026-07-23 02:14,
Olavo Bilac,Fundador,Ultimas Conferencias e Discursos / 1ª Edição,1924,70,SIM,https://www.estantevirtual.com.br/busca?nsCat=Natural&q=Olavo%20Bilac%20Ultimas%20Conferencias%20e%20Discursos%20%2F%201%C2%AA%20Edi%C3%A7%C3%A3o&searchField=titulo-autor&ano-de-publicacao=1924,,ativo,2026-09-06 13:35,2026-07-23 02:14,
Olavo Bilac,Fundador,Poesias Infantis-1919,1919,211.46,SIM,https://www.estantevirtual.com.br/busca?nsCat=Natural&q=Olavo%20Bilac%20Poesias%20Infantis-1919&searchField=titulo-autor&ano-de-publicacao=1919,,ativo,2026-09-06 13:35,2026-07-23 02:14,
Olavo Bilac,Fundador,Poesias,1922,148.88,SIM,https://www.estantevirtual.com.br/busca?nsCat=Natural&q=Olavo%20Bilac%20Poesias&searchField=titulo-autor&ano-de-publicacao=1922,,ativo,2026-09-06 13:35,2026-07-23 02:14,
Olavo Bilac,Fundador,Tarde (ano: 1919),1919,125,SIM,https://www.estantevirtual.com.br/busca?nsCat=Natural&q=Olavo%20Bilac%20Tarde%20(ano%3A%201919)&searchField=titulo-autor&ano-de-publicacao=1919,,ativo,2026-09-06 13:35,2026-07-23 02:14,
Olavo Bilac,Fundador,Conferencias Literarias,1912,49.20,SIM,https://www.estantevirtual.com.br/busca?nsCat=Natural&q=Olavo%20Bilac%20Conferencias%20Literarias&searchField=titulo-autor&ano-de-publicacao=1912,,ativo,2026-09-06 13:35,2026-07-23 02:14,
Olavo Bilac,Fundador,Tarde - Olavo Bilac - Francisco Alvres - 1ª Edição,1919,168,SIM,https://www.estantevirtual.com.br/busca?nsCat=Natural&q=Olavo%20Bilac%20Tarde%20-%20Olavo%20Bilac%20-%20Francisco%20Alvres%20-%201%C2%AA%20Edi%C3%A7%C3%A3o&searchField=titulo-autor&ano-de-publicacao=1919,,ativo,2026-09-06 13:35,2026-07-23 02:14,
Olavo Bilac,Fundador,Tarde - Primeira Edição,1919,230,SIM,https://www.estantevirtual.com.br/busca?nsCat=Natural&q=Olavo%20Bilac%20Tarde%20-%20Primeira%20Edi%C3%A7%C3%A3o&searchField=titulo-autor&ano-de-publicacao=1919,,ativo,2026-09-06 13:35,2026-07-23 02:14,
Olavo Bilac,Fundador,Critica e Fantasia,1904,66,SIM,https://www.estantevirtual.com.br/busca?nsCat=Natural&q=Olavo%20Bilac%20Critica%20e%20Fantasia&searchField=titulo-autor&ano-de-publicacao=1904,,ativo,2026-09-06 13:35,2026-07-23 02:14,
Olavo Bilac,Fundador,Conferencias Literarias,1912,70,SIM,https://www.estantevirtual.com.br/busca?nsCat=Natural&q=Olavo%20Bilac%20Conferencias%20Literarias&searchField=titulo-autor&ano-de-publicacao=1912,,ativo,2026-09-06 13:35,2026-07-23 02:14,
Olavo Bilac,Fundador,Conferencias Literarias,1912,49.90,SIM,https://www.estantevirtual.com.br/busca?nsCat=Natural&q=Olavo%20Bilac%20Conferencias%20Literarias&searchField=titulo-autor&ano-de-publicacao=1912,,ativo,2026-09-06 13:35,2026-07-23 02:14,
Olavo Bilac,Fundador,Ironia e Piedade,1916,210,SIM,https://www.estantevirtual.com.br/busca?nsCat=Natural&q=Olavo%20Bilac%20Ironia%20e%20Piedade&searchField=titulo-autor&ano-de-publicacao=1916,,ativo,2026-09-06 13:35,2026-07-23 02:14,
Olavo Bilac,Fundador,Critica e Fantasia,1904,60,SIM,https://www.estantevirtual.com.br/busca?nsCat=Natural&q=Olavo%20Bilac%20Critica%20e%20Fantasia&searchField=titulo-autor&ano-de-publicacao=1904,,ativo,2026-09-06 13:35,2026-07-23 02:14,
Olavo Bilac,Fundador,Conferencias Literarias,1912,110,SIM,https://www.estantevirtual.com.br/busca?nsCat=Natural&q=Olavo%20Bilac%20Conferencias%20Literarias&searchField=titulo-autor&ano-de-publicacao=1912,,ativo,2026-09-06 13:35,2026-07-23 02:14,
Olavo Bilac,Fundador,Poesias Panoplias Via Láctea Sarças de Fogo Alma Inquieta as Viagens..,1913,300,SIM,https://www.estantevirtual.com.br/busca?nsCat=Natural&q=Olavo%20Bilac%20Poesias%20Panoplias%20Via%20L%C3%A1ctea%20Sar%C3%A7as%20de%20Fogo%20Alma%20Inquieta%20as%20Viagens..&searchField=titulo-autor&ano-de-publicacao=1913,,vendido,2026-07-30 15:45,2026-07-23 02:14,
Olavo Bilac,Fundador,Critica e Fantasia,1904,99,SIM,https://www.estantevirtual.com.br/busca?nsCat=Natural&q=Olavo%20Bilac%20Critica%20e%20Fantasia&searchField=titulo-autor&ano-de-publicacao=1904,,ativo,2026-09-06 13:35,2026-07-23 02:14,
Olavo Bilac,Fundador,Poesias Encadernado,1940,298.55,SIM,https://www.estantevirtual.com.br/busca?nsCat=Natural&q=Olavo%20Bilac%20Poesias%20Encadernado&searchField=titulo-autor&ano-de-publicacao=1940,,ativo,2026-09-06 13:35,2026-07-23 02:14,
Olavo Bilac,Fundador,Poesias,1938,35,SIM,https://www.estantevirtual.com.br/busca?nsCat=Natural&q=Olavo%20Bilac%20Poesias&searchField=titulo-autor&ano-de-publicacao=1938,,ativo,2026-09-06 13:36,2026-07-23 02:14,
Olavo Bilac,Fundador,Conferências Literárias - 1ª Edição,1906,225,SIM,https://www.estantevirtual.com.br/busca?nsCat=Natural&q=Olavo%20Bilac%20Confer%C3%AAncias%20Liter%C3%A1rias%20-%201%C2%AA%20Edi%C3%A7%C3%A3o&searchField=titulo-autor&ano-de-publicacao=1906,,ativo,2026-09-06 13:36,2026-07-23 02:14,
Olavo Bilac,Fundador,Tarde - 1ª Edição,1919,250,SIM,https://www.estantevirtual.com.br/busca?nsCat=Natural&q=Olavo%20Bilac%20Tarde%20-%201%C2%AA%20Edi%C3%A7%C3%A3o&searchField=titulo-autor&ano-de-publicacao=1919,,ativo,2026-09-06 13:36,2026-07-23 02:14,
Olavo Bilac,Fundador,Poesias,1940,65,SIM,https://www.estantevirtual.com.br/busca?nsCat=Natural&q=Olavo%20Bilac%20Poesias&searchField=titulo-autor&ano-de-publicacao=1940,,ativo,2026-09-06 13:36,2026-07-23 02:14,
Olavo Bilac,Fundador,Conferencias Literarias,1930,45.90,SIM,https://www.estantevirtual.com.br/busca?nsCat=Natural&q=Olavo%20Bilac%20Conferencias%20Literarias&searchField=titulo-autor&ano-de-publicacao=1930,,ativo,2026-09-06 13:36,2026-07-23 02:14,
Olavo Bilac,Fundador,Ironia e Piedade,1926,65,SIM,https://www.estantevirtual.com.br/livro/ironia-e-piedade-grp-22O-9263-000?_preco=3000-10000000&tipo-de-livro=usado,,ativo,2026-09-06 13:36,2026-07-23 02:14,O Buquineiro
Olavo Bilac,Fundador,Últimas Conferências e Discursos - 1ª Edição,1927,65,SIM,https://www.estantevirtual.com.br/livro/ultimas-conferencias-e-discursos-1-edicao-grp-22M-9090-000?_preco=3000-10000000&tipo-de-livro=usado,,ativo,2026-09-06 13:36,2026-07-23 02:14,O Buquineiro
Olavo Bilac,Fundador,Conferências Literárias,1930,65,SIM,https://www.estantevirtual.com.br/livro/conferencias-literarias-grp-22M-4900-000?_preco=3000-10000000&tipo-de-livro=usado,,ativo,2026-09-06 13:36,2026-07-23 02:14,O Buquineiro
Olavo Bilac,Fundador,Ultimas Conferencias e Discursos,1927,40,SIM,https://www.estantevirtual.com.br/busca?nsCat=Natural&q=Olavo%20Bilac%20Ultimas%20Conferencias%20e%20Discursos&searchField=titulo-autor&ano-de-publicacao=1927,,ativo,2026-09-06 13:36,2026-07-23 02:14,
Olavo Bilac,Fundador,Crítica e Fantasia - 1ª Edição,1904,145,SIM,https://www.estantevirtual.com.br/busca?nsCat=Natural&q=Olavo%20Bilac%20Cr%C3%ADtica%20e%20Fantasia%20-%201%C2%AA%20Edi%C3%A7%C3%A3o&searchField=titulo-autor&ano-de-publicacao=1904,,ativo,2026-09-06 13:36,2026-07-23 02:14,
Olavo Bilac,Fundador,Conferências Literárias,1912,90,SIM,https://www.estantevirtual.com.br/busca?nsCat=Natural&q=Olavo%20Bilac%20Confer%C3%AAncias%20Liter%C3%A1rias&searchField=titulo-autor&ano-de-publicacao=1912,,ativo,2026-09-06 13:36,2026-07-23 02:14,
Olavo Bilac,Fundador,Últimas Conferências e Discursos,1924,60,SIM,https://www.estantevirtual.com.br/busca?nsCat=Natural&q=Olavo%20Bilac%20%C3%9Altimas%20Confer%C3%AAncias%20e%20Discursos&searchField=titulo-autor&ano-de-publicacao=1924,,ativo,2026-09-06 13:36,2026-07-23 02:14,
Olavo Bilac,Fundador,Poesias,1940,35,SIM,https://www.estantevirtual.com.br/busca?nsCat=Natural&q=Olavo%20Bilac%20Poesias&searchField=titulo-autor&ano-de-publicacao=1940,,ativo,2026-09-06 13:36,2026-07-23 02:14,
Olavo Bilac,Fundador,Ironia e Piedade,1900,290,SIM,https://www.estantevirtual.com.br/busca?nsCat=Natural&q=Olavo%20Bilac%20Ironia%20e%20Piedade&searchField=titulo-autor&ano-de-publicacao=1900,,ativo,2026-09-06 13:36,2026-07-23 02:14,
Olavo Bilac,Fundador,Ironia e Piedade,1916,40,SIM,https://www.estantevirtual.com.br/busca?nsCat=Natural&q=Olavo%20Bilac%20Ironia%20e%20Piedade&searchField=titulo-autor&ano-de-publicacao=1916,,ativo,2026-09-06 13:36,2026-07-23 02:14,
Olavo Bilac,Fundador,Conferencias Literarias,1930,37,SIM,https://www.estantevirtual.com.br/busca?nsCat=Natural&q=Olavo%20Bilac%20Conferencias%20Literarias&searchField=titulo-autor&ano-de-publicacao=1930,,ativo,2026-09-06 13:36,2026-07-23 02:14,
Olavo Bilac,Fundador,ULTIMAS CONFERENCIS E DISCURSOS,1927,35,SIM,https://www.estantevirtual.com.br/busca?nsCat=Natural&q=Olavo%20Bilac%20ULTIMAS%20CONFERENCIS%20E%20DISCURSOS&searchField=titulo-autor&ano-de-publicacao=1927,,ativo,2026-09-06 13:36,2026-07-23 02:14,
Olavo Bilac,Fundador,Poesias Completas- 10 Edição,1923,53.72,SIM,https://www.estantevirtual.com.br/busca?nsCat=Natural&q=Olavo%20Bilac%20Poesias%20Completas-%2010%20Edi%C3%A7%C3%A3o&searchField=titulo-autor&ano-de-publicacao=1923,,ativo,2026-09-06 13:36,2026-07-23 02:14,
Olavo Bilac,Fundador,Crítica e Fantasia,1904,120,SIM,https://www.estantevirtual.com.br/busca?nsCat=Natural&q=Olavo%20Bilac%20Cr%C3%ADtica%20e%20Fantasia&searchField=titulo-autor&ano-de-publicacao=1904,,ativo,2026-09-06 13:37,2026-07-23 02:14,
Olavo Bilac,Fundador,Poesias (nova Edição),1904,150,SIM,https://www.estantevirtual.com.br/busca?nsCat=Natural&q=Olavo%20Bilac%20Poesias%20(nova%20Edi%C3%A7%C3%A3o)&searchField=titulo-autor&ano-de-publicacao=1904,,ativo,2026-09-06 13:37,2026-07-23 02:14,
Olavo Bilac,Fundador,Ironia e Piedade 3ª Edição,1926,44,SIM,https://www.estantevirtual.com.br/busca?nsCat=Natural&q=Olavo%20Bilac%20Ironia%20e%20Piedade%203%C2%AA%20Edi%C3%A7%C3%A3o&searchField=titulo-autor&ano-de-publicacao=1926,,ativo,2026-09-06 13:37,2026-07-23 02:14,
Olavo Bilac,Fundador,Conferencias Literarias,1930,39,SIM,https://www.estantevirtual.com.br/busca?nsCat=Natural&q=Olavo%20Bilac%20Conferencias%20Literarias&searchField=titulo-autor&ano-de-publicacao=1930,,ativo,2026-09-06 13:37,2026-07-23 02:14,
Olavo Bilac,Fundador,Conferencias Literarias,1912,55.80,SIM,https://www.estantevirtual.com.br/busca?nsCat=Natural&q=Olavo%20Bilac%20Conferencias%20Literarias&searchField=titulo-autor&ano-de-publicacao=1912,,ativo,2026-09-06 13:37,2026-07-23 02:14,
Olavo Bilac,Fundador,Poesias,1925,35,SIM,https://www.estantevirtual.com.br/busca?nsCat=Natural&q=Olavo%20Bilac%20Poesias&searchField=titulo-autor&ano-de-publicacao=1925,,ativo,2026-09-06 13:37,2026-07-23 02:14,
Olavo Bilac,Fundador,Poesias 12a Edição Revista,1926,110,SIM,https://www.estantevirtual.com.br/busca?nsCat=Natural&q=Olavo%20Bilac%20Poesias%2012a%20Edi%C3%A7%C3%A3o%20Revista&searchField=titulo-autor&ano-de-publicacao=1926,,ativo,2026-09-06 13:37,2026-07-23 02:14,
Olavo Bilac,Fundador,Critica e Fantasia,1904,92,SIM,https://www.estantevirtual.com.br/busca?nsCat=Natural&q=Olavo%20Bilac%20Critica%20e%20Fantasia&searchField=titulo-autor&ano-de-publicacao=1904,,ativo,2026-09-06 13:37,2026-07-23 02:14,
Olavo Bilac,Fundador,Crítica e Fantasia,1904,50,SIM,https://www.estantevirtual.com.br/busca?nsCat=Natural&q=Olavo%20Bilac%20Cr%C3%ADtica%20e%20Fantasia&searchField=titulo-autor&ano-de-publicacao=1904,,ativo,2026-09-06 13:37,2026-07-23 02:14,
Olavo Bilac,Fundador,Últimas Conferências e Discursos,1927,40,SIM,https://www.estantevirtual.com.br/busca?nsCat=Natural&q=Olavo%20Bilac%20%C3%9Altimas%20Confer%C3%AAncias%20e%20Discursos&searchField=titulo-autor&ano-de-publicacao=1927,,ativo,2026-09-06 13:37,2026-07-23 02:14,
Olavo Bilac,Fundador,Poesias - Olavo Bilac,1928,45,SIM,https://www.estantevirtual.com.br/busca?nsCat=Natural&q=Olavo%20Bilac%20Poesias%20-%20Olavo%20Bilac&searchField=titulo-autor&ano-de-publicacao=1928,,ativo,2026-09-06 13:37,2026-07-23 02:14,
Olavo Bilac,Fundador,Ultimas Conferencias e Discursos,1927,35,SIM,https://www.estantevirtual.com.br/busca?nsCat=Natural&q=Olavo%20Bilac%20Ultimas%20Conferencias%20e%20Discursos&searchField=titulo-autor&ano-de-publicacao=1927,,ativo,2026-09-06 13:37,2026-07-23 02:14,
Olavo Bilac,Fundador,Conferências Literárias,1912,55,SIM,https://www.estantevirtual.com.br/busca?nsCat=Natural&q=Olavo%20Bilac%20Confer%C3%AAncias%20Liter%C3%A1rias&searchField=titulo-autor&ano-de-publicacao=1912,,ativo,2026-09-06 13:37,2026-07-23 02:14,
Olavo Bilac,Fundador,Ironia e Piedade,1916,122,SIM,https://www.estantevirtual.com.br/busca?nsCat=Natural&q=Olavo%20Bilac%20Ironia%20e%20Piedade&searchField=titulo-autor&ano-de-publicacao=1916,,ativo,2026-09-06 13:37,2026-07-23 02:14,
Olavo Bilac,Fundador,Poesias - Olavo Bilac,1905,1000,SIM,https://www.estantevirtual.com.br/livro/poesias-olavo-bilac-grp-1F1-2239-000?_preco=3000-10000000&tipo-de-livro=usado,,ativo,2026-09-06 13:37,2026-07-23 02:14,Ler Faz Bem
Olavo Bilac,Fundador,Conferencias Literarias - 2 Edição,1930,130,SIM,https://www.estantevirtual.com.br/busca?nsCat=Natural&q=Olavo%20Bilac%20Conferencias%20Literarias%20-%202%20Edi%C3%A7%C3%A3o&searchField=titulo-autor&ano-de-publicacao=1930,,ativo,2026-09-06 13:37,2026-07-23 02:14,
Olavo Bilac,Fundador,Ironia e Piedade - 3 Edição,1926,170,SIM,https://www.estantevirtual.com.br/busca?nsCat=Natural&q=Olavo%20Bilac%20Ironia%20e%20Piedade%20-%203%20Edi%C3%A7%C3%A3o&searchField=titulo-autor&ano-de-publicacao=1926,,ativo,2026-09-06 13:37,2026-07-23 02:14,
Olavo Bilac,Fundador,Poesias Infantis,1935,170,SIM,https://www.estantevirtual.com.br/busca?nsCat=Natural&q=Olavo%20Bilac%20Poesias%20Infantis&searchField=titulo-autor&ano-de-publicacao=1935,,ativo,2026-09-06 13:37,2026-07-23 02:14,
Olavo Bilac,Fundador,Ironia e Piedade,1921,40,SIM,https://www.estantevirtual.com.br/busca?nsCat=Natural&q=Olavo%20Bilac%20Ironia%20e%20Piedade&searchField=titulo-autor&ano-de-publicacao=1921,,ativo,2026-09-06 13:38,2026-07-23 02:14,
Olavo Bilac,Fundador,Poesias,1931,70,SIM,https://www.estantevirtual.com.br/busca?nsCat=Natural&q=Olavo%20Bilac%20Poesias&searchField=titulo-autor&ano-de-publicacao=1931,,ativo,2026-09-06 13:38,2026-07-23 02:14,
Olavo Bilac,Fundador,Poesias,1925,30,SIM,https://www.estantevirtual.com.br/busca?nsCat=Natural&q=Olavo%20Bilac%20Poesias&searchField=titulo-autor&ano-de-publicacao=1925,,ativo,2026-09-06 13:38,2026-07-23 02:14,
Olavo Bilac,Fundador,Poesias,1922,60,SIM,https://www.estantevirtual.com.br/busca?nsCat=Natural&q=Olavo%20Bilac%20Poesias&searchField=titulo-autor&ano-de-publicacao=1922,,ativo,2026-09-06 13:38,2026-07-23 02:14,
Olavo Bilac,Fundador,Ironia e Piedade,1921,60,SIM,https://www.estantevirtual.com.br/busca?nsCat=Natural&q=Olavo%20Bilac%20Ironia%20e%20Piedade&searchField=titulo-autor&ano-de-publicacao=1921,,ativo,2026-09-06 13:38,2026-07-23 02:14,
Olavo Bilac,Fundador,Ultimas Conferencias e Discursos,1924,83,SIM,https://www.estantevirtual.com.br/busca?nsCat=Natural&q=Olavo%20Bilac%20Ultimas%20Conferencias%20e%20Discursos&searchField=titulo-autor&ano-de-publicacao=1924,,ativo,2026-09-06 13:38,2026-07-23 02:14,
Olavo Bilac,Fundador,Conferencias Literarias,1912,70,SIM,https://www.estantevirtual.com.br/busca?nsCat=Natural&q=Olavo%20Bilac%20Conferencias%20Literarias&searchField=titulo-autor&ano-de-publicacao=1912,,ativo,2026-09-06 13:38,2026-07-23 02:14,
Olavo Bilac,Fundador,Tarde,1919,225,SIM,https://www.estantevirtual.com.br/livro/tarde-K1R-6403-000-BK,,ativo,2026-09-06 13:38,2026-07-23 02:14,
Olavo Bilac,Fundador,Ironia e Piedade. 1° Ed,1916,480,SIM,https://www.estantevirtual.com.br/busca?nsCat=Natural&q=Olavo%20Bilac%20Ironia%20e%20Piedade.%201%C2%B0%20Ed&searchField=titulo-autor&ano-de-publicacao=1916,,ativo,2026-09-06 13:38,2026-07-23 02:14,
Olavo Bilac,Fundador,Chronicas e Novellas,1894,560,SIM,https://www.estantevirtual.com.br/busca?nsCat=Natural&q=Olavo%20Bilac%20Chronicas%20e%20Novellas&searchField=titulo-autor&ano-de-publicacao=1894,,ativo,2026-09-06 13:38,2026-07-23 02:14,
Olavo Bilac,Fundador,Ultimas Conferencias e Discursos,1924,45,SIM,https://www.estantevirtual.com.br/busca?nsCat=Natural&q=Olavo%20Bilac%20Ultimas%20Conferencias%20e%20Discursos&searchField=titulo-autor&ano-de-publicacao=1924,,ativo,2026-09-06 13:38,2026-07-23 02:14,
Olavo Bilac,Fundador,Poesias,1916,35,SIM,https://www.estantevirtual.com.br/busca?nsCat=Natural&q=Olavo%20Bilac%20Poesias&searchField=titulo-autor&ano-de-publicacao=1916,,ativo,2026-09-06 13:38,2026-07-23 02:14,
Olavo Bilac,Fundador,Conferencias Literarias,1912,70,SIM,https://www.estantevirtual.com.br/busca?nsCat=Natural&q=Olavo%20Bilac%20Conferencias%20Literarias&searchField=titulo-autor&ano-de-publicacao=1912,,ativo,2026-09-06 13:38,2026-07-23 02:14,
Olavo Bilac,Fundador,Ultimas Conferencias e Discursos,1927,40,SIM,https://www.estantevirtual.com.br/busca?nsCat=Natural&q=Olavo%20Bilac%20Ultimas%20Conferencias%20e%20Discursos&searchField=titulo-autor&ano-de-publicacao=1927,,ativo,2026-09-06 13:38,2026-07-23 02:14,
Olavo Bilac,Fundador,Ironia e Piedade,1926,45,SIM,https://www.estantevirtual.com.br/busca?nsCat=Natural&q=Olavo%20Bilac%20Ironia%20e%20Piedade&searchField=titulo-autor&ano-de-publicacao=1926,,ativo,2026-09-06 13:38,2026-07-23 02:14,
Olavo Bilac,Fundador,Chronicas e Novellas. 1ª Edição,1894,800,SIM,https://www.estantevirtual.com.br/busca?nsCat=Natural&q=Olavo%20Bilac%20Chronicas%20e%20Novellas.%201%C2%AA%20Edi%C3%A7%C3%A3o&searchField=titulo-autor&ano-de-publicacao=1894,,ativo,2026-09-06 13:38,2026-07-23 02:14,
Olavo Bilac,Fundador,Chronicas e Novellas 1893-1894,1894,980,SIM,https://www.estantevirtual.com.br/busca?nsCat=Natural&q=Olavo%20Bilac%20Chronicas%20e%20Novellas%201893-1894&searchField=titulo-autor&ano-de-publicacao=1894,,ativo,2026-09-06 13:38,2026-07-23 02:14,
Olavo Bilac,Fundador,Crítica e Fantasia,1904,150,SIM,https://www.estantevirtual.com.br/busca?nsCat=Natural&q=Olavo%20Bilac%20Cr%C3%ADtica%20e%20Fantasia&searchField=titulo-autor&ano-de-publicacao=1904,,ativo,2026-09-06 13:38,2026-07-23 02:14,
Olavo Bilac,Fundador,Conferencias Literarias. Desgastado,1912,70,SIM,https://www.estantevirtual.com.br/busca?nsCat=Natural&q=Olavo%20Bilac%20Conferencias%20Literarias.%20Desgastado&searchField=titulo-autor&ano-de-publicacao=1912,,ativo,2026-09-06 13:39,2026-07-23 02:14,
Olavo Bilac,Fundador,Conferencias Literárias - 2ª Edição,1930,100,SIM,https://www.estantevirtual.com.br/busca?nsCat=Natural&q=Olavo%20Bilac%20Conferencias%20Liter%C3%A1rias%20-%202%C2%AA%20Edi%C3%A7%C3%A3o&searchField=titulo-autor&ano-de-publicacao=1930,,ativo,2026-09-06 13:39,2026-07-23 02:14,
Olavo Bilac,Fundador,Poesias,1938,45,SIM,https://www.estantevirtual.com.br/busca?nsCat=Natural&q=Olavo%20Bilac%20Poesias&searchField=titulo-autor&ano-de-publicacao=1938,,ativo,2026-09-06 13:39,2026-07-23 02:14,
Olavo Bilac,Fundador,Critica e Fantasia,1904,150,SIM,https://www.estantevirtual.com.br/busca?nsCat=Natural&q=Olavo%20Bilac%20Critica%20e%20Fantasia&searchField=titulo-autor&ano-de-publicacao=1904,,ativo,2026-09-06 13:39,2026-07-23 02:14,
Olavo Bilac,Fundador,Últimas Conferências e Discursos.,1924,64,SIM,https://www.estantevirtual.com.br/busca?nsCat=Natural&q=Olavo%20Bilac%20%C3%9Altimas%20Confer%C3%AAncias%20e%20Discursos.&searchField=titulo-autor&ano-de-publicacao=1924,,ativo,2026-09-06 13:39,2026-07-23 02:14,
Olavo Bilac,Fundador,Poesias,1921,35,SIM,https://www.estantevirtual.com.br/busca?nsCat=Natural&q=Olavo%20Bilac%20Poesias&searchField=titulo-autor&ano-de-publicacao=1921,,ativo,2026-09-06 13:39,2026-07-23 02:14,
Olavo Bilac,Fundador,Poesias 14ª edição,1930,35,SIM,https://www.estantevirtual.com.br/busca?nsCat=Natural&q=Olavo%20Bilac%20Poesias%2014%C2%AA%20edi%C3%A7%C3%A3o&searchField=titulo-autor&ano-de-publicacao=1930,,ativo,2026-09-06 13:39,2026-07-23 02:14,
Olavo Bilac,Fundador,Livro de Leitura para o Curso Complementar das Escolas Primárias,1932,150,SIM,https://www.estantevirtual.com.br/busca?nsCat=Natural&q=Olavo%20Bilac%20Livro%20de%20Leitura%20para%20o%20Curso%20Complementar%20das%20Escolas%20Prim%C3%A1rias&searchField=titulo-autor&ano-de-publicacao=1932,,ativo,2026-09-06 13:39,2026-07-23 02:14,
Olavo Bilac,Fundador,Conferências Litterárias - 1ª Edição - 640,1906,90,SIM,https://www.estantevirtual.com.br/busca?nsCat=Natural&q=Olavo%20Bilac%20Confer%C3%AAncias%20Litter%C3%A1rias%20-%201%C2%AA%20Edi%C3%A7%C3%A3o%20-%20640&searchField=titulo-autor&ano-de-publicacao=1906,,ativo,2026-09-06 13:39,2026-07-23 02:14,
Olavo Bilac,Fundador,Conferencias Literarias,1912,50,SIM,https://www.estantevirtual.com.br/busca?nsCat=Natural&q=Olavo%20Bilac%20Conferencias%20Literarias&searchField=titulo-autor&ano-de-publicacao=1912,,ativo,2026-09-06 13:39,2026-07-23 02:14,
Olavo Bilac,Fundador,Ironia e Piedade,1926,99.99,SIM,https://www.estantevirtual.com.br/busca?nsCat=Natural&q=Olavo%20Bilac%20Ironia%20e%20Piedade&searchField=titulo-autor&ano-de-publicacao=1926,,ativo,2026-09-06 13:39,2026-07-23 02:14,
Olavo Bilac,Fundador,poesias decima edição revista,1923,40,SIM,https://www.estantevirtual.com.br/busca?nsCat=Natural&q=Olavo%20Bilac%20poesias%20decima%20edi%C3%A7%C3%A3o%20revista&searchField=titulo-autor&ano-de-publicacao=1923,,ativo,2026-09-06 13:39,2026-07-23 02:14,
Olavo Bilac,Fundador,Ultimas Conferenicas e Discursos,1924,93,SIM,https://www.estantevirtual.com.br/busca?nsCat=Natural&q=Olavo%20Bilac%20Ultimas%20Conferenicas%20e%20Discursos&searchField=titulo-autor&ano-de-publicacao=1924,,ativo,2026-09-06 13:39,2026-07-23 02:14,
Oliveira Lima,Fundador,O Movimento da Independência (1821-1822),1922,57.90,SIM,https://www.estantevirtual.com.br/busca?nsCat=Natural&q=Oliveira%20Lima%20O%20Movimento%20da%20Independ%C3%AAncia%20(1821-1822)&searchField=titulo-autor&ano-de-publicacao=1922,,ativo,2026-09-06 13:39,2026-07-23 02:14,
Oliveira Lima,Fundador,HISTÓRIA DA CIVILIZAÇÃO 4 VOLUMES,1900,160,SIM,https://www.estantevirtual.com.br/busca?nsCat=Natural&q=Oliveira%20Lima%20HIST%C3%93RIA%20DA%20CIVILIZA%C3%87%C3%83O%204%20VOLUMES&searchField=titulo-autor&ano-de-publicacao=1900,,ativo,2026-09-06 13:39,2026-07-23 02:14,
Oliveira Lima,Fundador,História da Givilização,1921,69.90,SIM,https://www.estantevirtual.com.br/busca?nsCat=Natural&q=Oliveira%20Lima%20Hist%C3%B3ria%20da%20Giviliza%C3%A7%C3%A3o&searchField=titulo-autor&ano-de-publicacao=1921,,ativo,2026-09-06 13:39,2026-07-23 02:14,
Oliveira Lima,Fundador,D.João VI no Brazil 2 vols,1908,251,SIM,https://www.estantevirtual.com.br/livro/djoao-vi-no-brazil-2-vols-grp-Q0D-6438-000?_preco=3000-10000000&tipo-de-livro=usado,,ativo,2026-09-06 13:39,2026-07-23 02:14,Mania Antiga
Oliveira Lima,Fundador,O Movimento da Independência 1821 1822,1922,130,SIM,https://www.estantevirtual.com.br/busca?nsCat=Natural&q=Oliveira%20Lima%20O%20Movimento%20da%20Independ%C3%AAncia%201821%201822&searchField=titulo-autor&ano-de-publicacao=1922,,ativo,2026-09-06 13:40,2026-07-23 02:14,
Oliveira Lima,Fundador,Historia da Civilização (traços Geraes),1922,39,SIM,https://www.estantevirtual.com.br/busca?nsCat=Natural&q=Oliveira%20Lima%20Historia%20da%20Civiliza%C3%A7%C3%A3o%20(tra%C3%A7os%20Geraes)&searchField=titulo-autor&ano-de-publicacao=1922,,ativo,2026-09-06 13:40,2026-07-23 02:14,
Oliveira Lima,Fundador,Coleção Documentos Brasileiros 2 - Memorias,1937,250,SIM,https://www.estantevirtual.com.br/busca?nsCat=Natural&q=Oliveira%20Lima%20Cole%C3%A7%C3%A3o%20Documentos%20Brasileiros%202%20-%20Memorias&searchField=titulo-autor&ano-de-publicacao=1937,,ativo,2026-09-06 13:40,2026-07-23 02:14,
Oliveira Lima,Fundador,Aspectos da Litteratura Colonial Brazileira,1896,250,SIM,https://www.estantevirtual.com.br/busca?nsCat=Natural&q=Oliveira%20Lima%20Aspectos%20da%20Litteratura%20Colonial%20Brazileira&searchField=titulo-autor&ano-de-publicacao=1896,,ativo,2026-09-06 13:40,2026-07-23 02:14,
Oliveira Lima,Fundador,Secretário de El Rey - 1a Edição,1904,250,SIM,https://www.estantevirtual.com.br/busca?nsCat=Natural&q=Oliveira%20Lima%20Secret%C3%A1rio%20de%20El%20Rey%20-%201a%20Edi%C3%A7%C3%A3o&searchField=titulo-autor&ano-de-publicacao=1904,,ativo,2026-09-06 13:40,2026-07-23 02:14,
Oliveira Lima,Fundador,O Movimento da Independencia - 1821-1822,1921,40,SIM,https://www.estantevirtual.com.br/busca?nsCat=Natural&q=Oliveira%20Lima%20O%20Movimento%20da%20Independencia%20-%201821-1822&searchField=titulo-autor&ano-de-publicacao=1921,,ativo,2026-09-06 13:40,2026-07-23 02:14,
Oliveira Lima,Fundador,Memórias - 13750,1937,150,SIM,https://www.estantevirtual.com.br/livro/memorias-13750-grp-NDI-9431-000?_preco=3000-10000000&tipo-de-livro=usado,,ativo,2026-09-06 13:40,2026-07-23 02:14,Sebo Paulistano
Oliveira Lima,Fundador,Bibliographical and Historical Description of the Rarest Books,1926,600,SIM,https://www.estantevirtual.com.br/busca?nsCat=Natural&q=Oliveira%20Lima%20Bibliographical%20and%20Historical%20Description%20of%20the%20Rarest%20Books&searchField=titulo-autor&ano-de-publicacao=1926,,ativo,2026-09-06 13:40,2026-07-23 02:14,
Oliveira Lima,Fundador,O Movimento da Independência (1821-1822),1920,280,SIM,https://www.estantevirtual.com.br/busca?nsCat=Natural&q=Oliveira%20Lima%20O%20Movimento%20da%20Independ%C3%AAncia%20(1821-1822)&searchField=titulo-autor&ano-de-publicacao=1920,,ativo,2026-09-06 13:40,2026-07-23 02:14,
Oliveira Lima,Fundador,Dom Pedro e Dom Miguel A Querela da Successao,1925,50,SIM,https://www.estantevirtual.com.br/busca?nsCat=Natural&q=Oliveira%20Lima%20Dom%20Pedro%20e%20Dom%20Miguel%20A%20Querela%20da%20Successao&searchField=titulo-autor&ano-de-publicacao=1925,,ativo,2026-09-06 13:40,2026-07-23 02:14,
Oliveira Lima,Fundador,O Movimento da Independência 1821-1822,1922,55,SIM,https://www.estantevirtual.com.br/busca?nsCat=Natural&q=Oliveira%20Lima%20O%20Movimento%20da%20Independ%C3%AAncia%201821-1822&searchField=titulo-autor&ano-de-publicacao=1922,,ativo,2026-09-06 13:40,2026-07-23 02:14,
Oliveira Lima,Fundador,Dom João Vi - 2 Volumes,1908,300,SIM,https://www.estantevirtual.com.br/busca?nsCat=Natural&q=Oliveira%20Lima%20Dom%20Jo%C3%A3o%20Vi%20-%202%20Volumes&searchField=titulo-autor&ano-de-publicacao=1908,,ativo,2026-09-06 13:40,2026-07-23 02:14,
Oliveira Lima,Fundador,historia da civilização,1922,399,SIM,https://www.estantevirtual.com.br/busca?nsCat=Natural&q=Oliveira%20Lima%20historia%20da%20civiliza%C3%A7%C3%A3o&searchField=titulo-autor&ano-de-publicacao=1922,,ativo,2026-09-06 13:40,2026-07-23 02:14,
Oliveira Lima,Fundador,Dom Pedro e Dom Miguiel - a Querela da Sucessão (1826-1828),1925,50,SIM,https://www.estantevirtual.com.br/busca?nsCat=Natural&q=Oliveira%20Lima%20Dom%20Pedro%20e%20Dom%20Miguiel%20-%20a%20Querela%20da%20Sucess%C3%A3o%20(1826-1828)&searchField=titulo-autor&ano-de-publicacao=1925,,ativo,2026-09-06 13:40,2026-07-23 02:14,
Oliveira Lima,Fundador,Memorias Estas Minhas Reminiscencias,1937,220,SIM,https://www.estantevirtual.com.br/busca?nsCat=Natural&q=Oliveira%20Lima%20Memorias%20Estas%20Minhas%20Reminiscencias&searchField=titulo-autor&ano-de-publicacao=1937,,ativo,2026-09-06 13:40,2026-07-23 02:14,
Oliveira Lima,Fundador,O Movimento da Independencia 1821-1822,1921,49,SIM,https://www.estantevirtual.com.br/livro/o-movimento-da-independencia-18211822-grp-BAA-9738-000?_preco=3000-10000000&tipo-de-livro=usado,,ativo,2026-09-06 13:40,2026-07-23 02:14,Academia do Saber Passos
Oliveira Lima,Fundador,O Movimento da Independencia 1821-1822,1921,100,SIM,https://www.estantevirtual.com.br/busca?nsCat=Natural&q=Oliveira%20Lima%20O%20Movimento%20da%20Independencia%201821-1822&searchField=titulo-autor&ano-de-publicacao=1921,,ativo,2026-09-06 13:41,2026-07-23 02:14,
Oliveira Lima,Fundador,Historia da Civilização,1921,40,SIM,https://www.estantevirtual.com.br/busca?nsCat=Natural&q=Oliveira%20Lima%20Historia%20da%20Civiliza%C3%A7%C3%A3o&searchField=titulo-autor&ano-de-publicacao=1921,,ativo,2026-09-06 13:41,2026-07-23 02:14,
Oliveira Lima,Fundador,História Diplomática do Brazil: o Reconhecimento do Império,1901,140,SIM,https://www.estantevirtual.com.br/busca?nsCat=Natural&q=Oliveira%20Lima%20Hist%C3%B3ria%20Diplom%C3%A1tica%20do%20Brazil%3A%20o%20Reconhecimento%20do%20Imp%C3%A9rio&searchField=titulo-autor&ano-de-publicacao=1901,,vendido,2026-08-08 12:31,2026-07-23 02:14,
Oliveira Lima,Fundador,Formation Historique de La Nationalité Brésilienne - 1ª Edição,1911,200,SIM,https://www.estantevirtual.com.br/busca?nsCat=Natural&q=Oliveira%20Lima%20Formation%20Historique%20de%20La%20Nationalit%C3%A9%20Br%C3%A9silienne%20-%201%C2%AA%20Edi%C3%A7%C3%A3o&searchField=titulo-autor&ano-de-publicacao=1911,,ativo,2026-09-06 13:41,2026-07-23 02:14,
Oliveira Lima,Fundador,O Reconhecimento do Império,1902,145,SIM,https://www.estantevirtual.com.br/busca?nsCat=Natural&q=Oliveira%20Lima%20O%20Reconhecimento%20do%20Imp%C3%A9rio&searchField=titulo-autor&ano-de-publicacao=1902,,ativo,2026-09-06 13:41,2026-07-23 02:14,
Oliveira Lima,Fundador,Formation Historique de La Nationalité Brésilienne,1911,99,SIM,https://www.estantevirtual.com.br/busca?nsCat=Natural&q=Oliveira%20Lima%20Formation%20Historique%20de%20La%20Nationalit%C3%A9%20Br%C3%A9silienne&searchField=titulo-autor&ano-de-publicacao=1911,,ativo,2026-09-06 13:41,2026-07-23 02:14,
Oliveira Lima,Fundador,Dom João VI no Brazil - 2 Volumes,1908,220,SIM,https://www.estantevirtual.com.br/busca?nsCat=Natural&q=Oliveira%20Lima%20Dom%20Jo%C3%A3o%20VI%20no%20Brazil%20-%202%20Volumes&searchField=titulo-autor&ano-de-publicacao=1908,,ativo,2026-09-06 13:41,2026-07-23 02:14,
Oliveira Lima,Fundador,Dom Pedro e Dom Miguel - a querela da successão 1826-1828,1925,65,SIM,https://www.estantevirtual.com.br/busca?nsCat=Natural&q=Oliveira%20Lima%20Dom%20Pedro%20e%20Dom%20Miguel%20-%20a%20querela%20da%20success%C3%A3o%201826-1828&searchField=titulo-autor&ano-de-publicacao=1925,,ativo,2026-09-06 13:41,2026-07-23 02:14,
Oliveira Lima,Fundador,Historia da Civilização - ( Traços Geraes ),1921,38.32,SIM,https://www.estantevirtual.com.br/livro/historia-da-civilizacao-tracos-geraes-grp-1OV-8216-000?_preco=3000-10000000&tipo-de-livro=usado,,ativo,2026-09-06 13:41,2026-07-23 02:14,Amantes Leituras
Oliveira Lima,Fundador,Dom Pedro e Dom Miguel - a Quereca da Sucessao 1826-1829,1925,39.90,SIM,https://www.estantevirtual.com.br/busca?nsCat=Natural&q=Oliveira%20Lima%20Dom%20Pedro%20e%20Dom%20Miguel%20-%20a%20Quereca%20da%20Sucessao%201826-1829&searchField=titulo-autor&ano-de-publicacao=1925,,ativo,2026-09-06 13:41,2026-07-23 02:14,
Oliveira Lima,Fundador,O Movimento da Independência - o Império Brasileiro,1928,48,SIM,https://www.estantevirtual.com.br/busca?nsCat=Natural&q=Oliveira%20Lima%20O%20Movimento%20da%20Independ%C3%AAncia%20-%20o%20Imp%C3%A9rio%20Brasileiro&searchField=titulo-autor&ano-de-publicacao=1928,,ativo,2026-09-06 13:41,2026-07-23 02:14,
Oliveira Lima,Fundador,Historia da Civilização (traços Geraes),1921,92,SIM,https://www.estantevirtual.com.br/busca?nsCat=Natural&q=Oliveira%20Lima%20Historia%20da%20Civiliza%C3%A7%C3%A3o%20(tra%C3%A7os%20Geraes)&searchField=titulo-autor&ano-de-publicacao=1921,,ativo,2026-09-06 13:41,2026-07-23 02:14,
Oliveira Lima,Fundador,Dom Pedro e Dom Miguel: a Querela da Successão,1925,72,SIM,https://www.estantevirtual.com.br/busca?nsCat=Natural&q=Oliveira%20Lima%20Dom%20Pedro%20e%20Dom%20Miguel%3A%20a%20Querela%20da%20Success%C3%A3o&searchField=titulo-autor&ano-de-publicacao=1925,,ativo,2026-09-06 13:41,2026-07-23 02:14,
Oliveira Lima,Fundador,Historia da Civilização Traços Geraes,1922,102,SIM,https://www.estantevirtual.com.br/busca?nsCat=Natural&q=Oliveira%20Lima%20Historia%20da%20Civiliza%C3%A7%C3%A3o%20Tra%C3%A7os%20Geraes&searchField=titulo-autor&ano-de-publicacao=1922,,ativo,2026-09-06 13:41,2026-07-23 02:14,
Oliveira Lima,Fundador,Dom Pedro e Dom Miguel a Querida da Successão (1826-1828),1925,45.50,SIM,https://www.estantevirtual.com.br/busca?nsCat=Natural&q=Oliveira%20Lima%20Dom%20Pedro%20e%20Dom%20Miguel%20a%20Querida%20da%20Success%C3%A3o%20(1826-1828)&searchField=titulo-autor&ano-de-publicacao=1925,,ativo,2026-09-06 13:41,2026-07-23 02:14,
Oliveira Lima,Fundador,O Movimento da Independencia 1821-1822,1922,110,SIM,https://www.estantevirtual.com.br/busca?nsCat=Natural&q=Oliveira%20Lima%20O%20Movimento%20da%20Independencia%201821-1822&searchField=titulo-autor&ano-de-publicacao=1922,,ativo,2026-09-06 13:41,2026-07-23 02:14,
Oliveira Lima,Fundador,O Imperio Brazileiro 1822-1889,1927,90,SIM,https://www.estantevirtual.com.br/busca?nsCat=Natural&q=Oliveira%20Lima%20O%20Imperio%20Brazileiro%201822-1889&searchField=titulo-autor&ano-de-publicacao=1927,,ativo,2026-09-06 13:41,2026-07-23 02:14,
Oliveira Lima,Fundador,Nos Estados Unidos: Impressões Politicas e Sociaes,1899,350,SIM,https://www.estantevirtual.com.br/busca?nsCat=Natural&q=Oliveira%20Lima%20Nos%20Estados%20Unidos%3A%20Impress%C3%B5es%20Politicas%20e%20Sociaes&searchField=titulo-autor&ano-de-publicacao=1899,,vendido,2026-08-08 12:37,2026-07-23 02:14,
Oliveira Lima,Fundador,Aspectos da Literatura Colonial Brazileira-1ª Edição,1896,280,SIM,https://www.estantevirtual.com.br/busca?nsCat=Natural&q=Oliveira%20Lima%20Aspectos%20da%20Literatura%20Colonial%20Brazileira-1%C2%AA%20Edi%C3%A7%C3%A3o&searchField=titulo-autor&ano-de-publicacao=1896,,ativo,2026-09-06 13:41,2026-07-23 02:14,
Oliveira Lima,Fundador,O Reconhecimento do Imperio,1902,210,SIM,https://www.estantevirtual.com.br/busca?nsCat=Natural&q=Oliveira%20Lima%20O%20Reconhecimento%20do%20Imperio&searchField=titulo-autor&ano-de-publicacao=1902,,ativo,2026-09-06 13:42,2026-07-23 02:14,
Oliveira Lima,Fundador,O Movimento da Independencia 1821-1822,1922,100,SIM,https://www.estantevirtual.com.br/busca?nsCat=Natural&q=Oliveira%20Lima%20O%20Movimento%20da%20Independencia%201821-1822&searchField=titulo-autor&ano-de-publicacao=1922,,ativo,2026-09-06 13:42,2026-07-23 02:14,
Oliveira Lima,Fundador,Aspectos da Litteratura Colonial Brazileira,1896,320,SIM,https://www.estantevirtual.com.br/busca?nsCat=Natural&q=Oliveira%20Lima%20Aspectos%20da%20Litteratura%20Colonial%20Brazileira&searchField=titulo-autor&ano-de-publicacao=1896,,ativo,2026-09-06 13:42,2026-07-23 02:14,
Oliveira Lima,Fundador,O Imperio Brazileiro 1822-1889,1927,130,SIM,https://www.estantevirtual.com.br/busca?nsCat=Natural&q=Oliveira%20Lima%20O%20Imperio%20Brazileiro%201822-1889&searchField=titulo-autor&ano-de-publicacao=1927,,ativo,2026-09-06 13:42,2026-07-23 02:14,
Oliveira Lima,Fundador,Aspectos da Litteratura Colonial Brazileira,1896,2996.60,SIM,https://www.estantevirtual.com.br/busca?nsCat=Natural&q=Oliveira%20Lima%20Aspectos%20da%20Litteratura%20Colonial%20Brazileira&searchField=titulo-autor&ano-de-publicacao=1896,,ativo,2026-09-06 13:42,2026-07-23 02:14,
Rodrigo Octavio,Fundador,Divisão e Demarcação de Terras Particulares ( Edição Revista ),1913,69,SIM,https://www.estantevirtual.com.br/livro/divisao-e-demarcacao-de-terras-particulares-edicao-revista-grp-QZR-9976-000?_preco=3000-10000000&tipo-de-livro=usado,,vendido,2026-08-11 11:45,2026-07-23 02:14,Verso e Prosa
Rodrigo Octavio,Fundador,Minhas Memórias dos Outros última Série,1936,43.90,SIM,https://www.estantevirtual.com.br/livro/minhas-memorias-dos-outros-ultima-serie-grp-QDP-9968-000?_preco=3000-10000000&tipo-de-livro=usado,,ativo,2026-09-06 13:42,2026-07-23 02:14,A Savassi Livros
Rodrigo Octavio,Fundador,Lamerique et La Codification Du Droit International Prive,1930,122,SIM,https://www.estantevirtual.com.br/busca?nsCat=Natural&q=Rodrigo%20Octavio%20Lamerique%20et%20La%20Codification%20Du%20Droit%20International%20Prive&searchField=titulo-autor&ano-de-publicacao=1930,,ativo,2026-09-06 13:42,2026-07-23 02:14,
Rodrigo Octavio,Fundador,Na terra da virgem Índia,1923,132,SIM,https://www.estantevirtual.com.br/busca?nsCat=Natural&q=Rodrigo%20Octavio%20Na%20terra%20da%20virgem%20%C3%8Dndia&searchField=titulo-autor&ano-de-publicacao=1923,,ativo,2026-09-06 13:42,2026-07-23 02:14,
Rodrigo Octavio,Fundador,Do Domínio da União e dos Estados,1924,240,SIM,https://www.estantevirtual.com.br/busca?nsCat=Natural&q=Rodrigo%20Octavio%20Do%20Dom%C3%ADnio%20da%20Uni%C3%A3o%20e%20dos%20Estados&searchField=titulo-autor&ano-de-publicacao=1924,,ativo,2026-09-06 13:42,2026-07-23 02:14,
Rodrigo Octavio,Fundador,Coração Aberto,1928,250,SIM,https://www.estantevirtual.com.br/busca?nsCat=Natural&q=Rodrigo%20Octavio%20Cora%C3%A7%C3%A3o%20Aberto&searchField=titulo-autor&ano-de-publicacao=1928,,ativo,2026-09-06 13:42,2026-07-23 02:14,
Rodrigo Octavio,Fundador,La Legislación Uniforme y El Derecho Internacional Privado,1928,132,SIM,https://www.estantevirtual.com.br/busca?nsCat=Natural&q=Rodrigo%20Octavio%20La%20Legislaci%C3%B3n%20Uniforme%20y%20El%20Derecho%20Internacional%20Privado&searchField=titulo-autor&ano-de-publicacao=1928,,ativo,2026-09-06 13:42,2026-07-23 02:14,
Rodrigo Octavio,Fundador,Acções de Divisão e Demarcação de Terras Particulares,1893,80,SIM,https://www.estantevirtual.com.br/busca?nsCat=Natural&q=Rodrigo%20Octavio%20Ac%C3%A7%C3%B5es%20de%20Divis%C3%A3o%20e%20Demarca%C3%A7%C3%A3o%20de%20Terras%20Particulares&searchField=titulo-autor&ano-de-publicacao=1893,,ativo,2026-09-06 13:42,2026-07-23 02:14,
Rodrigo Octavio,Fundador,Felisberto Caldeira - 1a Edição,1900,300,SIM,https://www.estantevirtual.com.br/busca?nsCat=Natural&q=Rodrigo%20Octavio%20Felisberto%20Caldeira%20-%201a%20Edi%C3%A7%C3%A3o&searchField=titulo-autor&ano-de-publicacao=1900,,ativo,2026-09-06 13:42,2026-07-23 02:14,
Rodrigo Octavio,Fundador,Le Droit International Privé Dans La Legislation Brésilienne,1915,149.90,SIM,https://www.estantevirtual.com.br/busca?nsCat=Natural&q=Rodrigo%20Octavio%20Le%20Droit%20International%20Priv%C3%A9%20Dans%20La%20Legislation%20Br%C3%A9silienne&searchField=titulo-autor&ano-de-publicacao=1915,,ativo,2026-09-06 13:42,2026-07-23 02:14,
Rodrigo Octavio,Fundador,Manual do Codigo Civil Brasileiro - Introdução,1932,169,SIM,https://www.estantevirtual.com.br/busca?nsCat=Natural&q=Rodrigo%20Octavio%20Manual%20do%20Codigo%20Civil%20Brasileiro%20-%20Introdu%C3%A7%C3%A3o&searchField=titulo-autor&ano-de-publicacao=1932,,ativo,2026-09-06 13:42,2026-07-23 02:14,
Rodrigo Octavio,Fundador,Le Droit International Privé Dans La Législation Brésilienne,1915,70,SIM,https://www.estantevirtual.com.br/busca?nsCat=Natural&q=Rodrigo%20Octavio%20Le%20Droit%20International%20Priv%C3%A9%20Dans%20La%20L%C3%A9gislation%20Br%C3%A9silienne&searchField=titulo-autor&ano-de-publicacao=1915,,ativo,2026-09-06 13:42,2026-07-23 02:14,
Rodrigo Octavio,Fundador,Do Dominio da União e dos Estados Segundo a Constituição Federal,1924,4999.99,SIM,https://www.estantevirtual.com.br/busca?nsCat=Natural&q=Rodrigo%20Octavio%20Do%20Dominio%20da%20Uni%C3%A3o%20e%20dos%20Estados%20Segundo%20a%20Constitui%C3%A7%C3%A3o%20Federal&searchField=titulo-autor&ano-de-publicacao=1924,,ativo,2026-09-06 13:42,2026-07-23 02:14,
Rodrigo Octavio,Fundador,Les Sauvages Américains Devant Le Droit,1931,199.99,SIM,https://www.estantevirtual.com.br/busca?nsCat=Natural&q=Rodrigo%20Octavio%20Les%20Sauvages%20Am%C3%A9ricains%20Devant%20Le%20Droit&searchField=titulo-autor&ano-de-publicacao=1931,,ativo,2026-09-06 13:42,2026-07-23 02:14,
Rodrigo Octavio,Fundador,Minhas Memórias dos Outros,1935,299.89,SIM,https://www.estantevirtual.com.br/busca?nsCat=Natural&q=Rodrigo%20Octavio%20Minhas%20Mem%C3%B3rias%20dos%20Outros&searchField=titulo-autor&ano-de-publicacao=1935,,ativo,2026-09-06 13:43,2026-07-23 02:14,
Rodrigo Octavio,Fundador,Le Droit International Privé Dans La Législation Brésilienne,1915,85,SIM,https://www.estantevirtual.com.br/busca?nsCat=Natural&q=Rodrigo%20Octavio%20Le%20Droit%20International%20Priv%C3%A9%20Dans%20La%20L%C3%A9gislation%20Br%C3%A9silienne&searchField=titulo-autor&ano-de-publicacao=1915,,ativo,2026-09-06 13:43,2026-07-23 02:14,
Rodrigo Octavio,Fundador,Pampanos,1886,350,SIM,https://www.estantevirtual.com.br/busca?nsCat=Natural&q=Rodrigo%20Octavio%20Pampanos&searchField=titulo-autor&ano-de-publicacao=1886,,ativo,2026-09-06 13:43,2026-07-23 02:14,
Rodrigo Octavio,Fundador,Aristo. Pastoral,1906,220,SIM,https://www.estantevirtual.com.br/busca?nsCat=Natural&q=Rodrigo%20Octavio%20Aristo.%20Pastoral&searchField=titulo-autor&ano-de-publicacao=1906,,ativo,2026-09-06 13:43,2026-07-23 02:14,
Rodrigo Octavio,Fundador,Minhas Memórias dos Outros - última Série,1936,55,SIM,https://www.estantevirtual.com.br/busca?nsCat=Natural&q=Rodrigo%20Octavio%20Minhas%20Mem%C3%B3rias%20dos%20Outros%20-%20%C3%BAltima%20S%C3%A9rie&searchField=titulo-autor&ano-de-publicacao=1936,,ativo,2026-09-06 13:43,2026-07-23 02:14,
Rodrigo Octavio,Fundador,Minhas Memórias dos Outros - Última Série,1936,90,SIM,https://www.estantevirtual.com.br/busca?nsCat=Natural&q=Rodrigo%20Octavio%20Minhas%20Mem%C3%B3rias%20dos%20Outros%20-%20%C3%9Altima%20S%C3%A9rie&searchField=titulo-autor&ano-de-publicacao=1936,,ativo,2026-09-06 13:43,2026-07-23 02:14,
Rodrigo Octavio,Fundador,Contos de Hontem e de Hoje,1932,120,SIM,https://www.estantevirtual.com.br/busca?nsCat=Natural&q=Rodrigo%20Octavio%20Contos%20de%20Hontem%20e%20de%20Hoje&searchField=titulo-autor&ano-de-publicacao=1932,,ativo,2026-09-06 13:43,2026-07-23 02:14,
Rodrigo Octavio,Fundador,Pampanos 1ª Edição Encadernado,1886,163.84,SIM,https://www.estantevirtual.com.br/busca?nsCat=Natural&q=Rodrigo%20Octavio%20Pampanos%201%C2%AA%20Edi%C3%A7%C3%A3o%20Encadernado&searchField=titulo-autor&ano-de-publicacao=1886,,ativo,2026-09-06 13:43,2026-07-23 02:14,
Rodrigo Octavio,Fundador,Felisberto Caldeira - chronica dos tempos coloniaes - 2a. Edição,1921,280,SIM,https://www.estantevirtual.com.br/livro/felisberto-caldeira-chronica-dos-tempos-coloniaes-2a-edicao-grp-1S7-7060-000?_preco=3000-10000000&tipo-de-livro=usado,,ativo,2026-09-06 13:43,2026-07-23 02:14,Sebo Line
Rodrigo Octavio,Fundador,Divisão e Demarcação de Terras Particulares - (3ª Edição Revista),1913,37.26,SIM,https://www.estantevirtual.com.br/livro/divisao-e-demarcacao-de-terras-particulares-3-edicao-revista-grp-1B8-4078-000?_preco=3000-10000000&tipo-de-livro=usado,,ativo,2026-09-06 13:43,2026-07-23 02:14,Red Star Teodoro Sampaio
Rodrigo Octavio,Fundador,Divisão e Demarcação de Terras Particulares,1913,90,SIM,https://www.estantevirtual.com.br/busca?nsCat=Natural&q=Rodrigo%20Octavio%20Divis%C3%A3o%20e%20Demarca%C3%A7%C3%A3o%20de%20Terras%20Particulares&searchField=titulo-autor&ano-de-publicacao=1913,,ativo,2026-09-06 13:43,2026-07-23 02:14,
Rodrigo Octavio,Fundador,Contos de Hontem e de Hoje,1932,180,SIM,https://www.estantevirtual.com.br/busca?nsCat=Natural&q=Rodrigo%20Octavio%20Contos%20de%20Hontem%20e%20de%20Hoje&searchField=titulo-autor&ano-de-publicacao=1932,,ativo,2026-09-06 13:43,2026-07-23 02:14,
Rodrigo Octavio,Fundador,Velhos Amigos,1938,38,SIM,https://www.estantevirtual.com.br/busca?nsCat=Natural&q=Rodrigo%20Octavio%20Velhos%20Amigos&searchField=titulo-autor&ano-de-publicacao=1938,,ativo,2026-09-06 13:43,2026-07-23 02:14,
Rodrigo Octavio,Fundador,Le Droit International Privé Dans La Legislation Brésilienne,1915,80,SIM,https://www.estantevirtual.com.br/busca?nsCat=Natural&q=Rodrigo%20Octavio%20Le%20Droit%20International%20Priv%C3%A9%20Dans%20La%20Legislation%20Br%C3%A9silienne&searchField=titulo-autor&ano-de-publicacao=1915,,ativo,2026-09-06 13:43,2026-07-23 02:14,
Rodrigo Octavio,Fundador,Divisão e Demarcação de Terras Particulares,1913,37.84,SIM,https://www.estantevirtual.com.br/busca?nsCat=Natural&q=Rodrigo%20Octavio%20Divis%C3%A3o%20e%20Demarca%C3%A7%C3%A3o%20de%20Terras%20Particulares&searchField=titulo-autor&ano-de-publicacao=1913,,ativo,2026-09-06 13:43,2026-07-23 02:14,
Rodrigo Octavio,Fundador,São Paulo na Formação do Brasil,1936,96.95,SIM,https://www.estantevirtual.com.br/busca?nsCat=Natural&q=Rodrigo%20Octavio%20S%C3%A3o%20Paulo%20na%20Forma%C3%A7%C3%A3o%20do%20Brasil&searchField=titulo-autor&ano-de-publicacao=1936,,ativo,2026-09-06 13:43,2026-07-23 02:14,
Rodrigo Octavio,Fundador,Divisão e Demarcação de Terras Particulares,1913,64.23,SIM,https://www.estantevirtual.com.br/busca?nsCat=Natural&q=Rodrigo%20Octavio%20Divis%C3%A3o%20e%20Demarca%C3%A7%C3%A3o%20de%20Terras%20Particulares&searchField=titulo-autor&ano-de-publicacao=1913,,ativo,2026-09-06 13:43,2026-07-23 02:14,
Rodrigo Octavio,Fundador,Felisberto Caldeira Chronica dos Tempos Coloniaes,1921,250,SIM,https://www.estantevirtual.com.br/busca?nsCat=Natural&q=Rodrigo%20Octavio%20Felisberto%20Caldeira%20Chronica%20dos%20Tempos%20Coloniaes&searchField=titulo-autor&ano-de-publicacao=1921,,ativo,2026-09-06 13:44,2026-07-23 02:14,
Rodrigo Octavio,Fundador,Le Droit International Privé Dans La Législation Brésilienne,1915,143.75,SIM,https://www.estantevirtual.com.br/busca?nsCat=Natural&q=Rodrigo%20Octavio%20Le%20Droit%20International%20Priv%C3%A9%20Dans%20La%20L%C3%A9gislation%20Br%C3%A9silienne&searchField=titulo-autor&ano-de-publicacao=1915,,ativo,2026-09-06 13:44,2026-07-23 02:14,
Rodrigo Octavio,Fundador,Divisão e Demacarção de Terras Particulares,1913,172.50,SIM,https://www.estantevirtual.com.br/busca?nsCat=Natural&q=Rodrigo%20Octavio%20Divis%C3%A3o%20e%20Demacar%C3%A7%C3%A3o%20de%20Terras%20Particulares&searchField=titulo-autor&ano-de-publicacao=1913,,ativo,2026-09-06 13:44,2026-07-23 02:14,
Rui Barbosa,Fundador,Primores,1932,80,SIM,https://www.estantevirtual.com.br/livro/primores-grp-RLJ-7370-000?_preco=3000-10000000&tipo-de-livro=usado,,ativo,2026-09-06 13:44,2026-07-23 02:14,Casa Sebo da Cris
Rui Barbosa,Fundador,RUY BARBOSA-mocidade e exílio - cartas ao cons albino ...,1940,44.90,SIM,https://www.estantevirtual.com.br/busca?nsCat=Natural&q=Rui%20Barbosa%20RUY%20BARBOSA-mocidade%20e%20ex%C3%ADlio%20-%20cartas%20ao%20cons%20albino%20...&searchField=titulo-autor&ano-de-publicacao=1940,,ativo,2026-09-06 13:44,2026-07-23 02:14,
Rui Barbosa,Fundador,Primores,1932,64.90,SIM,https://www.estantevirtual.com.br/livro/primores-grp-R4G-4538-000?_preco=3000-10000000&tipo-de-livro=usado,,ativo,2026-09-06 13:44,2026-07-23 02:14,Livraria Tesouros Taros
Rui Barbosa,Fundador,Mocidade e Exilio,1934,30,SIM,https://www.estantevirtual.com.br/busca?nsCat=Natural&q=Rui%20Barbosa%20Mocidade%20e%20Exilio&searchField=titulo-autor&ano-de-publicacao=1934,,ativo,2026-09-06 13:44,2026-07-23 02:14,
Rui Barbosa,Fundador,O Partido Republicano Conservador,1897,125,SIM,https://www.estantevirtual.com.br/busca?nsCat=Natural&q=Rui%20Barbosa%20O%20Partido%20Republicano%20Conservador&searchField=titulo-autor&ano-de-publicacao=1897,,ativo,2026-09-06 13:44,2026-07-23 02:14,
Rui Barbosa,Fundador,Obras Completas de Rui Barbosa - a Ditadura de 1893 Jornal do Brasil - Vol. Xx Tomo Ii (encadernado),1893,100,SIM,https://www.estantevirtual.com.br/busca?nsCat=Natural&q=Rui%20Barbosa%20Obras%20Completas%20de%20Rui%20Barbosa%20-%20a%20Ditadura%20de%201893%20Jornal%20do%20Brasil%20-%20Vol.%20Xx%20Tomo%20Ii%20(encadernado)&searchField=titulo-autor&ano-de-publicacao=1893,,ativo,2026-09-06 13:44,2026-07-23 02:14,
Rui Barbosa,Fundador,Problemas de direito internacional,1916,350,SIM,https://www.estantevirtual.com.br/busca?nsCat=Natural&q=Rui%20Barbosa%20Problemas%20de%20direito%20internacional&searchField=titulo-autor&ano-de-publicacao=1916,,ativo,2026-09-06 13:44,2026-07-23 02:14,
Rui Barbosa,Fundador,Obras Completas De Rui Barbosa Vol. Xxvii. 1900 Tomo I,1900,50,SIM,https://www.estantevirtual.com.br/busca?nsCat=Natural&q=Rui%20Barbosa%20Obras%20Completas%20De%20Rui%20Barbosa%20Vol.%20Xxvii.%201900%20Tomo%20I&searchField=titulo-autor&ano-de-publicacao=1900,,ativo,2026-09-06 13:44,2026-07-23 02:14,
Rui Barbosa,Fundador,Obras Completas De Rui Barbosa Vol. Xxiv. 1897 Tomo I: O Partido Repub,1897,50,SIM,https://www.estantevirtual.com.br/busca?nsCat=Natural&q=Rui%20Barbosa%20Obras%20Completas%20De%20Rui%20Barbosa%20Vol.%20Xxiv.%201897%20Tomo%20I%3A%20O%20Partido%20Repub&searchField=titulo-autor&ano-de-publicacao=1897,,ativo,2026-09-06 13:44,2026-07-23 02:14,
Rui Barbosa,Fundador,Finanças e Política da República - Discursos e Escriptos,1892,150,SIM,https://www.estantevirtual.com.br/busca?nsCat=Natural&q=Rui%20Barbosa%20Finan%C3%A7as%20e%20Pol%C3%ADtica%20da%20Rep%C3%BAblica%20-%20Discursos%20e%20Escriptos&searchField=titulo-autor&ano-de-publicacao=1892,,ativo,2026-09-06 13:44,2026-07-23 02:14,
Rui Barbosa,Fundador,Discursos e Orações e Conferências- 5 Volumes,1926,150,SIM,https://www.estantevirtual.com.br/busca?nsCat=Natural&q=Rui%20Barbosa%20Discursos%20e%20Ora%C3%A7%C3%B5es%20e%20Confer%C3%AAncias-%205%20Volumes&searchField=titulo-autor&ano-de-publicacao=1926,,ativo,2026-09-06 13:44,2026-07-23 02:14,
Rui Barbosa,Fundador,Mocidade e Exilio,1934,38,SIM,https://www.estantevirtual.com.br/busca?nsCat=Natural&q=Rui%20Barbosa%20Mocidade%20e%20Exilio&searchField=titulo-autor&ano-de-publicacao=1934,,ativo,2026-09-06 13:44,2026-07-23 02:14,
Rui Barbosa,Fundador,Visita à Terra Natal 1ª Edição,1893,70,SIM,https://www.estantevirtual.com.br/busca?nsCat=Natural&q=Rui%20Barbosa%20Visita%20%C3%A0%20Terra%20Natal%201%C2%AA%20Edi%C3%A7%C3%A3o&searchField=titulo-autor&ano-de-publicacao=1893,,ativo,2026-09-06 13:44,2026-07-23 02:14,
Rui Barbosa,Fundador,O papel e a baixa do câmbio,1900,30,SIM,https://www.estantevirtual.com.br/livro/o-papel-e-a-baixa-do-cambio-FW1-7241-000-BK?_preco=3000-10000000&tipo-de-livro=usado,,ativo,2026-09-06 13:45,2026-07-23 02:14,
Rui Barbosa,Fundador,Cartas de Inglaterra - Encadernado,1929,30,SIM,https://www.estantevirtual.com.br/busca?nsCat=Natural&q=Rui%20Barbosa%20Cartas%20de%20Inglaterra%20-%20Encadernado&searchField=titulo-autor&ano-de-publicacao=1929,,ativo,2026-09-06 13:45,2026-07-23 02:14,
Rui Barbosa,Fundador,Queda do Imperio - Diatio de Noticias ( Vol. Xvi. 1889 - Tomo I ),1889,34,SIM,https://www.estantevirtual.com.br/busca?nsCat=Natural&q=Rui%20Barbosa%20Queda%20do%20Imperio%20-%20Diatio%20de%20Noticias%20(%20Vol.%20Xvi.%201889%20-%20Tomo%20I%20)&searchField=titulo-autor&ano-de-publicacao=1889,,ativo,2026-09-06 13:45,2026-07-23 02:14,
Rui Barbosa,Fundador,Cartas de Inglaterra - 1º Edição,1896,250,SIM,https://www.estantevirtual.com.br/busca?nsCat=Natural&q=Rui%20Barbosa%20Cartas%20de%20Inglaterra%20-%201%C2%BA%20Edi%C3%A7%C3%A3o&searchField=titulo-autor&ano-de-publicacao=1896,,ativo,2026-09-06 13:45,2026-07-23 02:14,
Rui Barbosa,Fundador,Reforma do Ensino Primário. Volume X - Tomo III,1883,45,SIM,https://www.estantevirtual.com.br/busca?nsCat=Natural&q=Rui%20Barbosa%20Reforma%20do%20Ensino%20Prim%C3%A1rio.%20Volume%20X%20-%20Tomo%20III&searchField=titulo-autor&ano-de-publicacao=1883,,ativo,2026-09-06 13:45,2026-07-23 02:14,
Rui Barbosa,Fundador,Reforma do Ensino Primário. Volume X - Tomo IV,1883,45,SIM,https://www.estantevirtual.com.br/busca?nsCat=Natural&q=Rui%20Barbosa%20Reforma%20do%20Ensino%20Prim%C3%A1rio.%20Volume%20X%20-%20Tomo%20IV&searchField=titulo-autor&ano-de-publicacao=1883,,ativo,2026-09-06 13:45,2026-07-23 02:14,
Rui Barbosa,Fundador,Reforma do Ensino Secundário e Superior. Volume IX - I,1882,45,SIM,https://www.estantevirtual.com.br/busca?nsCat=Natural&q=Rui%20Barbosa%20Reforma%20do%20Ensino%20Secund%C3%A1rio%20e%20Superior.%20Volume%20IX%20-%20I&searchField=titulo-autor&ano-de-publicacao=1882,,ativo,2026-09-06 13:45,2026-07-23 02:14,
Rui Barbosa,Fundador,Reforma do Ensino Médio Primário. Volume X - Tomo I,1883,45,SIM,https://www.estantevirtual.com.br/busca?nsCat=Natural&q=Rui%20Barbosa%20Reforma%20do%20Ensino%20M%C3%A9dio%20Prim%C3%A1rio.%20Volume%20X%20-%20Tomo%20I&searchField=titulo-autor&ano-de-publicacao=1883,,ativo,2026-09-06 13:45,2026-07-23 02:14,
Rui Barbosa,Fundador,Obras Completas de Rui Barbosa Tomo III Vol. Xll. 1914,1914,80,SIM,https://www.estantevirtual.com.br/busca?nsCat=Natural&q=Rui%20Barbosa%20Obras%20Completas%20de%20Rui%20Barbosa%20Tomo%20III%20Vol.%20Xll.%201914&searchField=titulo-autor&ano-de-publicacao=1914,,ativo,2026-09-06 13:45,2026-07-23 02:14,
Rui Barbosa,Fundador,Obras Completas de Rui Barbosa - Tomo II Vol. Xll. 1914,1914,80,SIM,https://www.estantevirtual.com.br/busca?nsCat=Natural&q=Rui%20Barbosa%20Obras%20Completas%20de%20Rui%20Barbosa%20-%20Tomo%20II%20Vol.%20Xll.%201914&searchField=titulo-autor&ano-de-publicacao=1914,,ativo,2026-09-06 13:45,2026-07-23 02:14,
Rui Barbosa,Fundador,Obras Completas de Rui Barbosa - Tomo I Vol. Xll. 1914,1914,80,SIM,https://www.estantevirtual.com.br/busca?nsCat=Natural&q=Rui%20Barbosa%20Obras%20Completas%20de%20Rui%20Barbosa%20-%20Tomo%20I%20Vol.%20Xll.%201914&searchField=titulo-autor&ano-de-publicacao=1914,,ativo,2026-09-06 13:45,2026-07-23 02:14,
Rui Barbosa,Fundador,Obras Completas de Rui Barbosa Vol. Xiv 1887 Tomo I,1887,39.99,SIM,https://www.estantevirtual.com.br/busca?nsCat=Natural&q=Rui%20Barbosa%20Obras%20Completas%20de%20Rui%20Barbosa%20Vol.%20Xiv%201887%20Tomo%20I&searchField=titulo-autor&ano-de-publicacao=1887,,ativo,2026-09-06 13:45,2026-07-23 02:14,
Rui Barbosa,Fundador,Cartas de Inglaterra - Encadernado,1929,30,SIM,https://www.estantevirtual.com.br/busca?nsCat=Natural&q=Rui%20Barbosa%20Cartas%20de%20Inglaterra%20-%20Encadernado&searchField=titulo-autor&ano-de-publicacao=1929,,ativo,2026-09-06 13:45,2026-07-23 02:14,
Rui Barbosa,Fundador,Correspondência Íntima Politica e Literária,1933,40,SIM,https://www.estantevirtual.com.br/busca?nsCat=Natural&q=Rui%20Barbosa%20Correspond%C3%AAncia%20%C3%8Dntima%20Politica%20e%20Liter%C3%A1ria&searchField=titulo-autor&ano-de-publicacao=1933,,ativo,2026-09-06 13:45,2026-07-23 02:14,
Rui Barbosa,Fundador,Discursos e Conferências,1907,87,SIM,https://www.estantevirtual.com.br/busca?nsCat=Natural&q=Rui%20Barbosa%20Discursos%20e%20Confer%C3%AAncias&searchField=titulo-autor&ano-de-publicacao=1907,,ativo,2026-09-06 13:45,2026-07-23 02:14,
Rui Barbosa,Fundador,Obras Completas - Vol. XVIII 1891 Tomo II,1891,59.90,SIM,https://www.estantevirtual.com.br/busca?nsCat=Natural&q=Rui%20Barbosa%20Obras%20Completas%20-%20Vol.%20XVIII%201891%20Tomo%20II&searchField=titulo-autor&ano-de-publicacao=1891,,ativo,2026-09-06 13:45,2026-07-23 02:14,
Rui Barbosa,Fundador,Cartas de Inglaterra ( Capa Dura ),1929,44.90,SIM,https://www.estantevirtual.com.br/busca?nsCat=Natural&q=Rui%20Barbosa%20Cartas%20de%20Inglaterra%20(%20Capa%20Dura%20)&searchField=titulo-autor&ano-de-publicacao=1929,,ativo,2026-09-06 13:46,2026-07-23 02:14,
Rui Barbosa,Fundador,Primores,1932,80,SIM,https://www.estantevirtual.com.br/busca?nsCat=Natural&q=Rui%20Barbosa%20Primores&searchField=titulo-autor&ano-de-publicacao=1932,,ativo,2026-09-06 13:46,2026-07-23 02:14,
Rui Barbosa,Fundador,Parecer e Replica,1902,500,SIM,https://www.estantevirtual.com.br/busca?nsCat=Natural&q=Rui%20Barbosa%20Parecer%20e%20Replica&searchField=titulo-autor&ano-de-publicacao=1902,,ativo,2026-09-06 13:46,2026-07-23 02:14,
Rui Barbosa,Fundador,Excursão Eleitoral aos Estados da Bahia e Minas,1910,70,SIM,https://www.estantevirtual.com.br/busca?nsCat=Natural&q=Rui%20Barbosa%20Excurs%C3%A3o%20Eleitoral%20aos%20Estados%20da%20Bahia%20e%20Minas&searchField=titulo-autor&ano-de-publicacao=1910,,ativo,2026-09-06 13:46,2026-07-23 02:14,
Rui Barbosa,Fundador,Cartas de Inglaterra (exemplar Especial) 2ª Edição,1929,1000,SIM,https://www.estantevirtual.com.br/busca?nsCat=Natural&q=Rui%20Barbosa%20Cartas%20de%20Inglaterra%20(exemplar%20Especial)%202%C2%AA%20Edi%C3%A7%C3%A3o&searchField=titulo-autor&ano-de-publicacao=1929,,ativo,2026-09-06 13:46,2026-07-23 02:14,
Rui Barbosa,Fundador,Projeto de Codigo Civil Brasileiro - Réplica Às Defesas da Redacção...,1902,252.95,SIM,https://www.estantevirtual.com.br/busca?nsCat=Natural&q=Rui%20Barbosa%20Projeto%20de%20Codigo%20Civil%20Brasileiro%20-%20R%C3%A9plica%20%C3%80s%20Defesas%20da%20Redac%C3%A7%C3%A3o...&searchField=titulo-autor&ano-de-publicacao=1902,,ativo,2026-09-06 13:46,2026-07-23 02:14,
Salvador de Mendonça,Fundador,Marabá - 1ª Edição,1876,1500,SIM,https://www.estantevirtual.com.br/livro/maraba-1-edicao-grp-JCK-2925-000?_preco=3000-10000000&tipo-de-livro=usado,,ativo,2026-09-06 13:46,2026-07-23 02:14,O Buquineiro
Silva Ramos,Fundador,Pela Vida Fora,1922,90,SIM,https://www.estantevirtual.com.br/livro/pela-vida-fora-grp-1SQ-5259-000?_preco=3000-10000000&tipo-de-livro=usado,,ativo,2026-09-06 13:46,2026-07-23 02:14,Das Raízes aos Frutos
Sílvio Romero,Fundador,O Duque de Caxias e a Integridade do Brasil,1903,300,SIM,https://www.estantevirtual.com.br/livro/o-duque-de-caxias-e-a-integridade-do-brasil-grp-P9Y-2755-000?_preco=3000-10000000&tipo-de-livro=usado,,ativo,2026-09-06 13:46,2026-07-23 02:14,Sebolins
Sílvio Romero,Fundador,História da Litteratura Brasileira,1902,60,SIM,https://www.estantevirtual.com.br/busca?nsCat=Natural&q=S%C3%ADlvio%20Romero%20Hist%C3%B3ria%20da%20Litteratura%20Brasileira&searchField=titulo-autor&ano-de-publicacao=1902,,ativo,2026-09-06 13:46,2026-07-23 02:14,
Sílvio Romero,Fundador,História da Literatura Brasileira,1902,80,SIM,https://www.estantevirtual.com.br/busca?nsCat=Natural&q=S%C3%ADlvio%20Romero%20Hist%C3%B3ria%20da%20Literatura%20Brasileira&searchField=titulo-autor&ano-de-publicacao=1902,,ativo,2026-09-06 13:46,2026-07-23 02:14,
Sílvio Romero,Fundador,Machado De Assis,1936,160,SIM,https://www.estantevirtual.com.br/busca?nsCat=Natural&q=S%C3%ADlvio%20Romero%20Machado%20De%20Assis&searchField=titulo-autor&ano-de-publicacao=1936,,ativo,2026-09-06 13:46,2026-07-23 02:14,
Sílvio Romero,Fundador,História da Literatura Brasileira - Tomos I e II (encadernados/ 14x22,1902,3692.80,SIM,https://www.estantevirtual.com.br/busca?nsCat=Natural&q=S%C3%ADlvio%20Romero%20Hist%C3%B3ria%20da%20Literatura%20Brasileira%20-%20Tomos%20I%20e%20II%20(encadernados%2F%2014x22&searchField=titulo-autor&ano-de-publicacao=1902,,ativo,2026-09-06 13:46,2026-07-23 02:14,
Valentim Magalhães,Fundador,Escriptores e Escriptos,1894,150,SIM,https://www.estantevirtual.com.br/livro/escriptores-e-escriptos-grp-QZS-8827-000?_preco=3000-10000000&tipo-de-livro=usado,,vendido,2026-08-11 11:50,2026-07-23 02:14,Verso e Prosa
Valentim Magalhães,Fundador,A Litteratura Brasileira,1896,170,SIM,https://www.estantevirtual.com.br/livro/a-litteratura-brasileira-grp-NPK-9250-000?_preco=3000-10000000&tipo-de-livro=usado,,ativo,2026-09-06 13:46,2026-07-23 02:14,Sebo Rebouças
Valentim Magalhães,Fundador,Rimário,1900,250,SIM,https://www.estantevirtual.com.br/busca?nsCat=Natural&q=Valentim%20Magalh%C3%A3es%20Rim%C3%A1rio&searchField=titulo-autor&ano-de-publicacao=1900,,ativo,2026-09-06 13:46,2026-07-23 02:14,
Valentim Magalhães,Fundador,Escriptores e Escriptos,1889,120,SIM,https://www.estantevirtual.com.br/busca?nsCat=Natural&q=Valentim%20Magalh%C3%A3es%20Escriptores%20e%20Escriptos&searchField=titulo-autor&ano-de-publicacao=1889,,ativo,2026-09-06 13:46,2026-07-23 02:14,
Valentim Magalhães,Fundador,"A Literatura Brasileira, 1870-1895",1895,199.90,SIM,https://www.estantevirtual.com.br/busca?nsCat=Natural&q=Valentim%20Magalh%C3%A3es%20A%20Literatura%20Brasileira%2C%201870-1895&searchField=titulo-autor&ano-de-publicacao=1895,,ativo,2026-09-06 13:46,2026-07-23 02:14,
Valentim Magalhães,Fundador,Escriptores e Escriptos,1889,150,SIM,https://www.estantevirtual.com.br/busca?nsCat=Natural&q=Valentim%20Magalh%C3%A3es%20Escriptores%20e%20Escriptos&searchField=titulo-autor&ano-de-publicacao=1889,,ativo,2026-09-06 13:47,2026-07-23 02:14,
Valentim Magalhães,Fundador,Rimario,1900,230,SIM,https://www.estantevirtual.com.br/busca?nsCat=Natural&q=Valentim%20Magalh%C3%A3es%20Rimario&searchField=titulo-autor&ano-de-publicacao=1900,,ativo,2026-09-06 13:47,2026-07-23 02:14,
Valentim Magalhães,Fundador,Bric a Brac,1896,300,SIM,https://www.estantevirtual.com.br/busca?nsCat=Natural&q=Valentim%20Magalh%C3%A3es%20Bric%20a%20Brac&searchField=titulo-autor&ano-de-publicacao=1896,,ativo,2026-09-06 13:47,2026-07-23 02:14,
Valentim Magalhães,Fundador,Rimario. 1878-1899,1900,200,SIM,https://www.estantevirtual.com.br/busca?nsCat=Natural&q=Valentim%20Magalh%C3%A3es%20Rimario.%201878-1899&searchField=titulo-autor&ano-de-publicacao=1900,,ativo,2026-09-06 13:47,2026-07-23 02:14,
Visconde de Taunay,Fundador,Inocencia - Livro Em Espanhol.,1909,49.90,SIM,https://www.estantevirtual.com.br/livro/inocencia-livro-em-espanhol-grp-RHY-7782-000?_preco=3000-10000000&tipo-de-livro=usado,,ativo,2026-09-06 13:47,2026-07-23 02:14,Sebo Lima Barreto
Visconde de Taunay,Fundador,A Retirada da Laguna,1935,100,SIM,https://www.estantevirtual.com.br/busca?nsCat=Natural&q=Visconde%20de%20Taunay%20A%20Retirada%20da%20Laguna&searchField=titulo-autor&ano-de-publicacao=1935,,ativo,2026-09-06 13:47,2026-07-23 02:14,
Visconde de Taunay,Fundador,Recordações de Guerra e de Viagem,1924,30,SIM,https://www.estantevirtual.com.br/busca?nsCat=Natural&q=Visconde%20de%20Taunay%20Recorda%C3%A7%C3%B5es%20de%20Guerra%20e%20de%20Viagem&searchField=titulo-autor&ano-de-publicacao=1924,,ativo,2026-09-06 13:47,2026-07-23 02:14,
Visconde de Taunay,Fundador,Cartas de Campanha - A Cordilheira / A Agonia de Lopez 1868 - 1870,1922,49,SIM,https://www.estantevirtual.com.br/busca?nsCat=Natural&q=Visconde%20de%20Taunay%20Cartas%20de%20Campanha%20-%20A%20Cordilheira%20%2F%20A%20Agonia%20de%20Lopez%201868%20-%201870&searchField=titulo-autor&ano-de-publicacao=1922,,ativo,2026-09-06 13:47,2026-07-23 02:14,
Visconde de Taunay,Fundador,Cartas de Campanha - A Cordilheira / A Agonia de Lopez 1868 - 1870,1922,59,SIM,https://www.estantevirtual.com.br/busca?nsCat=Natural&q=Visconde%20de%20Taunay%20Cartas%20de%20Campanha%20-%20A%20Cordilheira%20%2F%20A%20Agonia%20de%20Lopez%201868%20-%201870&searchField=titulo-autor&ano-de-publicacao=1922,,ativo,2026-09-06 13:47,2026-07-23 02:14,
Visconde de Taunay,Fundador,Pedro Ii,1933,103,SIM,https://www.estantevirtual.com.br/busca?nsCat=Natural&q=Visconde%20de%20Taunay%20Pedro%20Ii&searchField=titulo-autor&ano-de-publicacao=1933,,ativo,2026-09-06 13:47,2026-07-23 02:14,
Visconde de Taunay,Fundador,Philologia e critica: impressões e estudos,1921,40.50,SIM,https://www.estantevirtual.com.br/busca?nsCat=Natural&q=Visconde%20de%20Taunay%20Philologia%20e%20critica%3A%20impress%C3%B5es%20e%20estudos&searchField=titulo-autor&ano-de-publicacao=1921,,ativo,2026-09-06 13:47,2026-07-23 02:14,
Visconde de Taunay,Fundador,Innocencia,1900,68,SIM,https://www.estantevirtual.com.br/livro/innocencia-grp-QFZ-8644-000?_preco=3000-10000000&tipo-de-livro=usado,,vendido,2026-08-08 12:44,2026-07-23 02:14,
Visconde de Taunay,Fundador,Innocencia,1920,35.50,SIM,https://www.estantevirtual.com.br/livro/innocencia-grp-QFX-4646-000?_preco=3000-10000000&tipo-de-livro=usado,,vendido,2026-08-08 12:44,2026-07-23 02:14,
Visconde de Taunay,Fundador,Em Matto Grosso Invadido e Visões do Sertão Encadernados,1928,200,SIM,https://www.estantevirtual.com.br/busca?nsCat=Natural&q=Visconde%20de%20Taunay%20Em%20Matto%20Grosso%20Invadido%20e%20Vis%C3%B5es%20do%20Sert%C3%A3o%20Encadernados&searchField=titulo-autor&ano-de-publicacao=1928,,ativo,2026-09-06 13:47,2026-07-23 02:14,
Visconde de Taunay,Fundador,A Retirada da Laguna,1936,120,SIM,https://www.estantevirtual.com.br/busca?nsCat=Natural&q=Visconde%20de%20Taunay%20A%20Retirada%20da%20Laguna&searchField=titulo-autor&ano-de-publicacao=1936,,ativo,2026-09-06 13:47,2026-07-23 02:14,
Visconde de Taunay,Fundador,Servidores Illustres Do Brasil,1930,45,SIM,https://www.estantevirtual.com.br/busca?nsCat=Natural&q=Visconde%20de%20Taunay%20Servidores%20Illustres%20Do%20Brasil&searchField=titulo-autor&ano-de-publicacao=1930,,ativo,2026-09-06 13:47,2026-07-23 02:14,
Visconde de Taunay,Fundador,A Retirada Da Laguna,1936,850,SIM,https://www.estantevirtual.com.br/busca?nsCat=Natural&q=Visconde%20de%20Taunay%20A%20Retirada%20Da%20Laguna&searchField=titulo-autor&ano-de-publicacao=1936,,ativo,2026-09-06 13:47,2026-07-23 02:14,
Visconde de Taunay,Fundador,A Retirada Da Laguna,1935,120,SIM,https://www.estantevirtual.com.br/busca?nsCat=Natural&q=Visconde%20de%20Taunay%20A%20Retirada%20Da%20Laguna&searchField=titulo-autor&ano-de-publicacao=1935,,ativo,2026-09-06 13:47,2026-07-23 02:14,
Visconde de Taunay,Fundador,Visões Do Sertão,1928,80,SIM,https://www.estantevirtual.com.br/busca?nsCat=Natural&q=Visconde%20de%20Taunay%20Vis%C3%B5es%20Do%20Sert%C3%A3o&searchField=titulo-autor&ano-de-publicacao=1928,,ativo,2026-09-06 13:47,2026-07-23 02:14,
Visconde de Taunay,Fundador,Pedro Ii,1933,50,SIM,https://www.estantevirtual.com.br/busca?nsCat=Natural&q=Visconde%20de%20Taunay%20Pedro%20Ii&searchField=titulo-autor&ano-de-publicacao=1933,,ativo,2026-09-06 13:48,2026-07-23 02:14,
Visconde de Taunay,Fundador,A Retirada de Laguna,1935,85,SIM,https://www.estantevirtual.com.br/busca?nsCat=Natural&q=Visconde%20de%20Taunay%20A%20Retirada%20de%20Laguna&searchField=titulo-autor&ano-de-publicacao=1935,,ativo,2026-09-06 13:48,2026-07-23 02:14,
Visconde de Taunay,Fundador,Recordações de Guerra e de Viagem,1924,45,SIM,https://www.estantevirtual.com.br/busca?nsCat=Natural&q=Visconde%20de%20Taunay%20Recorda%C3%A7%C3%B5es%20de%20Guerra%20e%20de%20Viagem&searchField=titulo-autor&ano-de-publicacao=1924,,ativo,2026-09-06 13:48,2026-07-23 02:14,
Visconde de Taunay,Fundador,Dias de Guerra e de Sertão,1920,50,SIM,https://www.estantevirtual.com.br/livro/dias-de-guerra-e-de-sertao-grp-P9F-4286-000?_preco=3000-10000000&tipo-de-livro=usado,,ativo,2026-09-06 13:48,2026-07-23 02:14,Codigo Livraria Juridica Sebo
Visconde de Taunay,Fundador,O Encilhamento,1923,60,SIM,https://www.estantevirtual.com.br/busca?nsCat=Natural&q=Visconde%20de%20Taunay%20O%20Encilhamento&searchField=titulo-autor&ano-de-publicacao=1923,,vendido,2026-08-03 17:19,2026-07-23 02:14,
Visconde de Taunay,Fundador,Cartas da Campanha-cordilheira -agonia de Lopez 1868-1870 Leia,1922,70,SIM,https://www.estantevirtual.com.br/busca?nsCat=Natural&q=Visconde%20de%20Taunay%20Cartas%20da%20Campanha-cordilheira%20-agonia%20de%20Lopez%201868-1870%20Leia&searchField=titulo-autor&ano-de-publicacao=1922,,ativo,2026-09-06 13:48,2026-07-23 02:14,
Visconde de Taunay,Fundador,Trechos de Minha Vida,1921,80,SIM,https://www.estantevirtual.com.br/busca?nsCat=Natural&q=Visconde%20de%20Taunay%20Trechos%20de%20Minha%20Vida&searchField=titulo-autor&ano-de-publicacao=1921,,ativo,2026-09-06 13:48,2026-07-23 02:14,
Visconde de Taunay,Fundador,Céos e Terras do Brazil,1918,120,SIM,https://www.estantevirtual.com.br/busca?nsCat=Natural&q=Visconde%20de%20Taunay%20C%C3%A9os%20e%20Terras%20do%20Brazil&searchField=titulo-autor&ano-de-publicacao=1918,,ativo,2026-09-06 13:48,2026-07-23 02:14,
Visconde de Taunay,Fundador,Recordações de Guerra e de Viagem,1920,70,SIM,https://www.estantevirtual.com.br/busca?nsCat=Natural&q=Visconde%20de%20Taunay%20Recorda%C3%A7%C3%B5es%20de%20Guerra%20e%20de%20Viagem&searchField=titulo-autor&ano-de-publicacao=1920,,ativo,2026-09-06 13:48,2026-07-23 02:14,
Visconde de Taunay,Fundador,Visões do Sertão,1923,150,SIM,https://www.estantevirtual.com.br/busca?nsCat=Natural&q=Visconde%20de%20Taunay%20Vis%C3%B5es%20do%20Sert%C3%A3o&searchField=titulo-autor&ano-de-publicacao=1923,,ativo,2026-09-06 13:48,2026-07-23 02:14,
Visconde de Taunay,Fundador,No Declínio - 1ª Edição,1899,450,SIM,https://www.estantevirtual.com.br/busca?nsCat=Natural&q=Visconde%20de%20Taunay%20No%20Decl%C3%ADnio%20-%201%C2%AA%20Edi%C3%A7%C3%A3o&searchField=titulo-autor&ano-de-publicacao=1899,,ativo,2026-09-06 13:48,2026-07-23 02:14,
Visconde de Taunay,Fundador,Recordações de Guerra e de Viagens,1924,50,SIM,https://www.estantevirtual.com.br/busca?nsCat=Natural&q=Visconde%20de%20Taunay%20Recorda%C3%A7%C3%B5es%20de%20Guerra%20e%20de%20Viagens&searchField=titulo-autor&ano-de-publicacao=1924,,ativo,2026-09-06 13:48,2026-07-23 02:14,
Visconde de Taunay,Fundador,Pedro II,1933,52,SIM,https://www.estantevirtual.com.br/busca?nsCat=Natural&q=Visconde%20de%20Taunay%20Pedro%20II&searchField=titulo-autor&ano-de-publicacao=1933,,ativo,2026-09-06 13:48,2026-07-23 02:14,
Visconde de Taunay,Fundador,Dias de Guerra e de Sertão,1920,42.50,SIM,https://www.estantevirtual.com.br/busca?nsCat=Natural&q=Visconde%20de%20Taunay%20Dias%20de%20Guerra%20e%20de%20Sert%C3%A3o&searchField=titulo-autor&ano-de-publicacao=1920,,ativo,2026-09-06 13:48,2026-07-23 02:14,
Visconde de Taunay,Fundador,José Maurício Nunes Garcia - a Guerra do Pacífico,1930,110,SIM,https://www.estantevirtual.com.br/busca?nsCat=Natural&q=Visconde%20de%20Taunay%20Jos%C3%A9%20Maur%C3%ADcio%20Nunes%20Garcia%20-%20a%20Guerra%20do%20Pac%C3%ADfico&searchField=titulo-autor&ano-de-publicacao=1930,,ativo,2026-09-06 13:48,2026-07-23 02:14,
Visconde de Taunay,Fundador,Ouro Sobre Azul,1940,30,SIM,https://www.estantevirtual.com.br/busca?nsCat=Natural&q=Visconde%20de%20Taunay%20Ouro%20Sobre%20Azul&searchField=titulo-autor&ano-de-publicacao=1940,,ativo,2026-09-06 13:48,2026-07-23 02:14,
Visconde de Taunay,Fundador,Visões do Sertão,1923,100,SIM,https://www.estantevirtual.com.br/busca?nsCat=Natural&q=Visconde%20de%20Taunay%20Vis%C3%B5es%20do%20Sert%C3%A3o&searchField=titulo-autor&ano-de-publicacao=1923,,ativo,2026-09-06 13:48,2026-07-23 02:14,
Visconde de Taunay,Fundador,Inocência,1921,50,SIM,https://www.estantevirtual.com.br/busca?nsCat=Natural&q=Visconde%20de%20Taunay%20Inoc%C3%AAncia&searchField=titulo-autor&ano-de-publicacao=1921,,ativo,2026-09-06 13:48,2026-07-23 02:14,
Visconde de Taunay,Fundador,Ouro sobre Azul (capa Dura),1921,52,SIM,https://www.estantevirtual.com.br/busca?nsCat=Natural&q=Visconde%20de%20Taunay%20Ouro%20sobre%20Azul%20(capa%20Dura)&searchField=titulo-autor&ano-de-publicacao=1921,,ativo,2026-09-06 13:49,2026-07-23 02:14,
Visconde de Taunay,Fundador,Homens e Cousas do Imperio 1ª Edição,1924,149,SIM,https://www.estantevirtual.com.br/livro/homens-e-cousas-do-imperio-1-edicao-grp-L2B-2934-000?_preco=3000-10000000&tipo-de-livro=usado,,ativo,2026-09-06 13:49,2026-07-23 02:14,Sebo Caracol
Visconde de Taunay,Fundador,Innocência (capa Dura),1896,110,SIM,https://www.estantevirtual.com.br/busca?nsCat=Natural&q=Visconde%20de%20Taunay%20Innoc%C3%AAncia%20(capa%20Dura)&searchField=titulo-autor&ano-de-publicacao=1896,,ativo,2026-09-06 13:49,2026-07-23 02:14,
Visconde de Taunay,Fundador,Innocencia,1912,45,SIM,https://www.estantevirtual.com.br/busca?nsCat=Natural&q=Visconde%20de%20Taunay%20Innocencia&searchField=titulo-autor&ano-de-publicacao=1912,,ativo,2026-09-06 13:49,2026-07-23 02:14,
Visconde de Taunay,Fundador,Innocência (rubricado pelo Filho do Autor),1906,129,SIM,https://www.estantevirtual.com.br/busca?nsCat=Natural&q=Visconde%20de%20Taunay%20Innoc%C3%AAncia%20(rubricado%20pelo%20Filho%20do%20Autor)&searchField=titulo-autor&ano-de-publicacao=1906,,ativo,2026-09-06 13:49,2026-07-23 02:14,
Visconde de Taunay,Fundador,No Declínio - 1ª Edição,1899,550,SIM,https://www.estantevirtual.com.br/busca?nsCat=Natural&q=Visconde%20de%20Taunay%20No%20Decl%C3%ADnio%20-%201%C2%AA%20Edi%C3%A7%C3%A3o&searchField=titulo-autor&ano-de-publicacao=1899,,ativo,2026-09-06 13:49,2026-07-23 02:14,
Visconde de Taunay,Fundador,A Cidade do Ouro e das Ruinas,1923,295,SIM,https://www.estantevirtual.com.br/busca?nsCat=Natural&q=Visconde%20de%20Taunay%20A%20Cidade%20do%20Ouro%20e%20das%20Ruinas&searchField=titulo-autor&ano-de-publicacao=1923,,ativo,2026-09-06 13:49,2026-07-23 02:14,
Visconde de Taunay,Fundador,Pedro II,1933,45,SIM,https://www.estantevirtual.com.br/busca?nsCat=Natural&q=Visconde%20de%20Taunay%20Pedro%20II&searchField=titulo-autor&ano-de-publicacao=1933,,ativo,2026-09-06 13:49,2026-07-23 02:14,
Visconde de Taunay,Fundador,A Retirada da Laguna,1921,48,SIM,https://www.estantevirtual.com.br/busca?nsCat=Natural&q=Visconde%20de%20Taunay%20A%20Retirada%20da%20Laguna&searchField=titulo-autor&ano-de-publicacao=1921,,ativo,2026-09-06 13:49,2026-07-23 02:14,
Visconde de Taunay,Fundador,A Retirada da Laguna,1921,39.90,SIM,https://www.estantevirtual.com.br/busca?nsCat=Natural&q=Visconde%20de%20Taunay%20A%20Retirada%20da%20Laguna&searchField=titulo-autor&ano-de-publicacao=1921,,ativo,2026-09-06 13:49,2026-07-23 02:14,
Visconde de Taunay,Fundador,Pedro II,1933,75,SIM,https://www.estantevirtual.com.br/busca?nsCat=Natural&q=Visconde%20de%20Taunay%20Pedro%20II&searchField=titulo-autor&ano-de-publicacao=1933,,ativo,2026-09-06 13:49,2026-07-23 02:14,
Visconde de Taunay,Fundador,Innocencia - Primeira Edição,1872,2800,SIM,https://www.estantevirtual.com.br/busca?nsCat=Natural&q=Visconde%20de%20Taunay%20Innocencia%20-%20Primeira%20Edi%C3%A7%C3%A3o&searchField=titulo-autor&ano-de-publicacao=1872,,ativo,2026-09-06 13:49,2026-07-23 02:14,
Visconde de Taunay,Fundador,No Declinio (romance Contemporaneo),1901,125,SIM,https://www.estantevirtual.com.br/busca?nsCat=Natural&q=Visconde%20de%20Taunay%20No%20Declinio%20(romance%20Contemporaneo)&searchField=titulo-autor&ano-de-publicacao=1901,,ativo,2026-09-06 13:49,2026-07-23 02:14,
Visconde de Taunay,Fundador,Innocencia,1903,31,SIM,https://www.estantevirtual.com.br/busca?nsCat=Natural&q=Visconde%20de%20Taunay%20Innocencia&searchField=titulo-autor&ano-de-publicacao=1903,,ativo,2026-09-06 13:49,2026-07-23 02:14,
Visconde de Taunay,Fundador,O Grande Imperador,1932,120,SIM,https://www.estantevirtual.com.br/busca?nsCat=Natural&q=Visconde%20de%20Taunay%20O%20Grande%20Imperador&searchField=titulo-autor&ano-de-publicacao=1932,,ativo,2026-09-06 13:49,2026-07-23 02:14,
Visconde de Taunay,Fundador,O Encilhamento,1893,345,SIM,https://www.estantevirtual.com.br/livro/o-encilhamento-grp-EPG-4484-000?_preco=3000-10000000&tipo-de-livro=usado,,ativo,2026-09-06 13:49,2026-07-23 02:14,Sebo Dita Kraus
Visconde de Taunay,Fundador,Ao Entardecer - 1ª Edição,1901,200,SIM,https://www.estantevirtual.com.br/busca?nsCat=Natural&q=Visconde%20de%20Taunay%20Ao%20Entardecer%20-%201%C2%AA%20Edi%C3%A7%C3%A3o&searchField=titulo-autor&ano-de-publicacao=1901,,ativo,2026-09-06 13:49,2026-07-23 02:14,
Visconde de Taunay,Fundador,Cartas da Campanha / a Guerra do Pacífico (compactados Em um Exemplar),1921,129.90,SIM,https://www.estantevirtual.com.br/busca?nsCat=Natural&q=Visconde%20de%20Taunay%20Cartas%20da%20Campanha%20%2F%20a%20Guerra%20do%20Pac%C3%ADfico%20(compactados%20Em%20um%20Exemplar)&searchField=titulo-autor&ano-de-publicacao=1921,,ativo,2026-09-06 13:50,2026-07-23 02:14,
Visconde de Taunay,Fundador,Ao Entardecer - Contos Varios,1926,40,SIM,https://www.estantevirtual.com.br/busca?nsCat=Natural&q=Visconde%20de%20Taunay%20Ao%20Entardecer%20-%20Contos%20Varios&searchField=titulo-autor&ano-de-publicacao=1926,,ativo,2026-09-06 13:50,2026-07-23 02:14,
Visconde de Taunay,Fundador,O Encilhamento,1893,90,SIM,https://www.estantevirtual.com.br/busca?nsCat=Natural&q=Visconde%20de%20Taunay%20O%20Encilhamento&searchField=titulo-autor&ano-de-publicacao=1893,,ativo,2026-09-06 13:50,2026-07-23 02:14,
Visconde de Taunay,Fundador,Céos e Terras do Brasil,1930,35,SIM,https://www.estantevirtual.com.br/busca?nsCat=Natural&q=Visconde%20de%20Taunay%20C%C3%A9os%20e%20Terras%20do%20Brasil&searchField=titulo-autor&ano-de-publicacao=1930,,ativo,2026-09-06 13:50,2026-07-23 02:14,
Visconde de Taunay,Fundador,A Campanha da Cordilheira - Diário do Exército Vol. 1,1926,60,SIM,https://www.estantevirtual.com.br/busca?nsCat=Natural&q=Visconde%20de%20Taunay%20A%20Campanha%20da%20Cordilheira%20-%20Di%C3%A1rio%20do%20Ex%C3%A9rcito%20Vol.%201&searchField=titulo-autor&ano-de-publicacao=1926,,ativo,2026-09-06 13:50,2026-07-23 02:14,
Visconde de Taunay,Fundador,A Campanha da Cordilheira,1926,75,SIM,https://www.estantevirtual.com.br/busca?nsCat=Natural&q=Visconde%20de%20Taunay%20A%20Campanha%20da%20Cordilheira&searchField=titulo-autor&ano-de-publicacao=1926,,ativo,2026-09-06 13:50,2026-07-23 02:14,
Visconde de Taunay,Fundador,Recordações de Guerra e de Viagem - 1ª Edição,1920,100,SIM,https://www.estantevirtual.com.br/busca?nsCat=Natural&q=Visconde%20de%20Taunay%20Recorda%C3%A7%C3%B5es%20de%20Guerra%20e%20de%20Viagem%20-%201%C2%AA%20Edi%C3%A7%C3%A3o&searchField=titulo-autor&ano-de-publicacao=1920,,ativo,2026-09-06 13:50,2026-07-23 02:14,
Visconde de Taunay,Fundador,Cartas de Campanha - 1ª Edição,1921,90,SIM,https://www.estantevirtual.com.br/busca?nsCat=Natural&q=Visconde%20de%20Taunay%20Cartas%20de%20Campanha%20-%201%C2%AA%20Edi%C3%A7%C3%A3o&searchField=titulo-autor&ano-de-publicacao=1921,,ativo,2026-09-06 13:50,2026-07-23 02:14,
Visconde de Taunay,Fundador,Recordações de Guerra e de Viagem,1924,55,SIM,https://www.estantevirtual.com.br/busca?nsCat=Natural&q=Visconde%20de%20Taunay%20Recorda%C3%A7%C3%B5es%20de%20Guerra%20e%20de%20Viagem&searchField=titulo-autor&ano-de-publicacao=1924,,ativo,2026-09-06 13:50,2026-07-23 02:14,
Visconde de Taunay,Fundador,Ao Entardecer,1926,45,SIM,https://www.estantevirtual.com.br/busca?nsCat=Natural&q=Visconde%20de%20Taunay%20Ao%20Entardecer&searchField=titulo-autor&ano-de-publicacao=1926,,ativo,2026-09-06 13:50,2026-07-23 02:14,
Visconde de Taunay,Fundador,Philologia e Crítica - Filologia e Crítica,1921,55,SIM,https://www.estantevirtual.com.br/busca?nsCat=Natural&q=Visconde%20de%20Taunay%20Philologia%20e%20Cr%C3%ADtica%20-%20Filologia%20e%20Cr%C3%ADtica&searchField=titulo-autor&ano-de-publicacao=1921,,ativo,2026-09-06 13:50,2026-07-23 02:14,
Visconde de Taunay,Fundador,Trechos de Minha Vida - 1ª Edição,1921,65,SIM,https://www.estantevirtual.com.br/busca?nsCat=Natural&q=Visconde%20de%20Taunay%20Trechos%20de%20Minha%20Vida%20-%201%C2%AA%20Edi%C3%A7%C3%A3o&searchField=titulo-autor&ano-de-publicacao=1921,,ativo,2026-09-06 13:50,2026-07-23 02:14,
Visconde de Taunay,Fundador,O Grande Imperador,1932,120,SIM,https://www.estantevirtual.com.br/busca?nsCat=Natural&q=Visconde%20de%20Taunay%20O%20Grande%20Imperador&searchField=titulo-autor&ano-de-publicacao=1932,,ativo,2026-09-06 13:50,2026-07-23 02:14,
Visconde de Taunay,Fundador,Innocencia-capa Dura-1912,1912,100,SIM,https://www.estantevirtual.com.br/busca?nsCat=Natural&q=Visconde%20de%20Taunay%20Innocencia-capa%20Dura-1912&searchField=titulo-autor&ano-de-publicacao=1912,,ativo,2026-09-06 13:50,2026-07-23 02:14,
Visconde de Taunay,Fundador,O Visconde do Rio Branco,1884,200,SIM,https://www.estantevirtual.com.br/busca?nsCat=Natural&q=Visconde%20de%20Taunay%20O%20Visconde%20do%20Rio%20Branco&searchField=titulo-autor&ano-de-publicacao=1884,,ativo,2026-09-06 13:50,2026-07-23 02:14,
Visconde de Taunay,Fundador,O Encilhamentos,1893,30,SIM,https://www.estantevirtual.com.br/busca?nsCat=Natural&q=Visconde%20de%20Taunay%20O%20Encilhamentos&searchField=titulo-autor&ano-de-publicacao=1893,,ativo,2026-09-06 13:50,2026-07-23 02:14,
Visconde de Taunay,Fundador,O Grande Imperador,1932,110,SIM,https://www.estantevirtual.com.br/busca?nsCat=Natural&q=Visconde%20de%20Taunay%20O%20Grande%20Imperador&searchField=titulo-autor&ano-de-publicacao=1932,,ativo,2026-09-06 13:50,2026-07-23 02:14,
Visconde de Taunay,Fundador,Manuscripto De Mulher,1928,40,SIM,https://www.estantevirtual.com.br/busca?nsCat=Natural&q=Visconde%20de%20Taunay%20Manuscripto%20De%20Mulher&searchField=titulo-autor&ano-de-publicacao=1928,,ativo,2026-09-06 13:50,2026-07-23 02:14,
Visconde de Taunay,Fundador,De Campo Grande a Aquidaban - 2º Volume,1926,30,SIM,https://www.estantevirtual.com.br/busca?nsCat=Natural&q=Visconde%20de%20Taunay%20De%20Campo%20Grande%20a%20Aquidaban%20-%202%C2%BA%20Volume&searchField=titulo-autor&ano-de-publicacao=1926,,ativo,2026-09-06 13:51,2026-07-23 02:14,
Visconde de Taunay,Fundador,La Retraite de Laguna,1879,630,SIM,https://www.estantevirtual.com.br/busca?nsCat=Natural&q=Visconde%20de%20Taunay%20La%20Retraite%20de%20Laguna&searchField=titulo-autor&ano-de-publicacao=1879,,ativo,2026-09-06 13:51,2026-07-23 02:14,
Visconde de Taunay,Fundador,A Retirada da Laguna,1890,420,SIM,https://www.estantevirtual.com.br/busca?nsCat=Natural&q=Visconde%20de%20Taunay%20A%20Retirada%20da%20Laguna&searchField=titulo-autor&ano-de-publicacao=1890,,ativo,2026-09-06 13:51,2026-07-23 02:14,
Visconde de Taunay,Fundador,Campanha do Paraguay - 1869-1870,1869,1500,SIM,https://www.estantevirtual.com.br/busca?nsCat=Natural&q=Visconde%20de%20Taunay%20Campanha%20do%20Paraguay%20-%201869-1870&searchField=titulo-autor&ano-de-publicacao=1869,,ativo,2026-09-06 13:51,2026-07-23 02:14,
Visconde de Taunay,Fundador,Cartas da Campanha - a Cordilheira / Agonia de Lopez (1868-1870),1921,46,SIM,https://www.estantevirtual.com.br/busca?nsCat=Natural&q=Visconde%20de%20Taunay%20Cartas%20da%20Campanha%20-%20a%20Cordilheira%20%2F%20Agonia%20de%20Lopez%20(1868-1870)&searchField=titulo-autor&ano-de-publicacao=1921,,ativo,2026-09-06 13:51,2026-07-23 02:14,
Visconde de Taunay,Fundador,Céos e Terras do Brasil,1922,30,SIM,https://www.estantevirtual.com.br/busca?nsCat=Natural&q=Visconde%20de%20Taunay%20C%C3%A9os%20e%20Terras%20do%20Brasil&searchField=titulo-autor&ano-de-publicacao=1922,,ativo,2026-09-06 13:51,2026-07-23 02:14,
Visconde de Taunay,Fundador,Innocencia,1921,50,SIM,https://www.estantevirtual.com.br/busca?nsCat=Natural&q=Visconde%20de%20Taunay%20Innocencia&searchField=titulo-autor&ano-de-publicacao=1921,,ativo,2026-09-06 13:51,2026-07-23 02:14,
Visconde de Taunay,Fundador,Philologia e Critica: Impressões e Estudos,1921,32.75,SIM,https://www.estantevirtual.com.br/busca?nsCat=Natural&q=Visconde%20de%20Taunay%20Philologia%20e%20Critica%3A%20Impress%C3%B5es%20e%20Estudos&searchField=titulo-autor&ano-de-publicacao=1921,,ativo,2026-09-06 13:51,2026-07-23 02:14,
Visconde de Taunay,Fundador,Innocencia,1915,55,SIM,https://www.estantevirtual.com.br/busca?nsCat=Natural&q=Visconde%20de%20Taunay%20Innocencia&searchField=titulo-autor&ano-de-publicacao=1915,,ativo,2026-09-06 13:51,2026-07-23 02:14,
Visconde de Taunay,Fundador,Céos e Terras do Brazil,1918,40,SIM,https://www.estantevirtual.com.br/busca?nsCat=Natural&q=Visconde%20de%20Taunay%20C%C3%A9os%20e%20Terras%20do%20Brazil&searchField=titulo-autor&ano-de-publicacao=1918,,ativo,2026-09-06 13:51,2026-07-23 02:14,
Visconde de Taunay,Fundador,Servidores Illustres do Brasil,1930,42,SIM,https://www.estantevirtual.com.br/busca?nsCat=Natural&q=Visconde%20de%20Taunay%20Servidores%20Illustres%20do%20Brasil&searchField=titulo-autor&ano-de-publicacao=1930,,ativo,2026-09-06 13:51,2026-07-23 02:14,
Visconde de Taunay,Fundador,De Campo Grande a Aquidaban Coleção : Obras Raras da História do Bra,1928,206.95,SIM,https://www.estantevirtual.com.br/busca?nsCat=Natural&q=Visconde%20de%20Taunay%20De%20Campo%20Grande%20a%20Aquidaban%20Cole%C3%A7%C3%A3o%20%3A%20Obras%20Raras%20da%20Hist%C3%B3ria%20do%20Bra&searchField=titulo-autor&ano-de-publicacao=1928,,ativo,2026-09-06 13:51,2026-07-23 02:14,
Visconde de Taunay,Fundador,Visões do Sertão 1ª Ed. (2517),1923,90,SIM,https://www.estantevirtual.com.br/busca?nsCat=Natural&q=Visconde%20de%20Taunay%20Vis%C3%B5es%20do%20Sert%C3%A3o%201%C2%AA%20Ed.%20(2517)&searchField=titulo-autor&ano-de-publicacao=1923,,ativo,2026-09-06 13:51,2026-07-23 02:14,
Visconde de Taunay,Fundador,"A Retirada da Laguna, Episódio da Guerra do Paraguai 1925",1925,80,SIM,https://www.estantevirtual.com.br/busca?nsCat=Natural&q=Visconde%20de%20Taunay%20A%20Retirada%20da%20Laguna%2C%20Epis%C3%B3dio%20da%20Guerra%20do%20Paraguai%201925&searchField=titulo-autor&ano-de-publicacao=1925,,ativo,2026-09-06 13:51,2026-07-23 02:14,
Visconde de Taunay,Fundador,Paizagens Brasileiras - Ao Entardecer - Contos Varios,1926,58,SIM,https://www.estantevirtual.com.br/livro/paizagens-brasileiras-ao-entardecer-contos-varios-grp-1HT-3163-000?_preco=3000-10000000&tipo-de-livro=usado,,ativo,2026-09-06 13:51,2026-07-23 02:14,Livraria Jmaoski
Visconde de Taunay,Fundador,O Encilhamento - 1890 / 91 / 92 - 4ª Edição,1923,78,SIM,https://www.estantevirtual.com.br/busca?nsCat=Natural&q=Visconde%20de%20Taunay%20O%20Encilhamento%20-%201890%20%2F%2091%20%2F%2092%20-%204%C2%AA%20Edi%C3%A7%C3%A3o&searchField=titulo-autor&ano-de-publicacao=1923,,ativo,2026-09-06 13:51,2026-07-23 02:14,
Visconde de Taunay,Fundador,Trechos de Minha Vida,1921,42,SIM,https://www.estantevirtual.com.br/busca?nsCat=Natural&q=Visconde%20de%20Taunay%20Trechos%20de%20Minha%20Vida&searchField=titulo-autor&ano-de-publicacao=1921,,ativo,2026-09-06 13:52,2026-07-23 02:14,
Visconde de Taunay,Fundador,Philologia e Crítica (impressões e Estudos),1921,40,SIM,https://www.estantevirtual.com.br/busca?nsCat=Natural&q=Visconde%20de%20Taunay%20Philologia%20e%20Cr%C3%ADtica%20(impress%C3%B5es%20e%20Estudos)&searchField=titulo-autor&ano-de-publicacao=1921,,ativo,2026-09-06 13:52,2026-07-23 02:14,
Visconde de Taunay,Fundador,Ouro Sôbre Azul : Capa Dura Original Azul Claro,1921,35,SIM,https://www.estantevirtual.com.br/busca?nsCat=Natural&q=Visconde%20de%20Taunay%20Ouro%20S%C3%B4bre%20Azul%20%3A%20Capa%20Dura%20Original%20Azul%20Claro&searchField=titulo-autor&ano-de-publicacao=1921,,ativo,2026-09-06 13:52,2026-07-23 02:14,
Visconde de Taunay,Fundador,A Campanha da Cordilheira,1926,35,SIM,https://www.estantevirtual.com.br/busca?nsCat=Natural&q=Visconde%20de%20Taunay%20A%20Campanha%20da%20Cordilheira&searchField=titulo-autor&ano-de-publicacao=1926,,ativo,2026-09-06 13:52,2026-07-23 02:14,
Visconde de Taunay,Fundador,Ouro Sôbre Azul : Capa Dura Original Azul Claro,1921,35,SIM,https://www.estantevirtual.com.br/busca?nsCat=Natural&q=Visconde%20de%20Taunay%20Ouro%20S%C3%B4bre%20Azul%20%3A%20Capa%20Dura%20Original%20Azul%20Claro&searchField=titulo-autor&ano-de-publicacao=1921,,ativo,2026-09-06 13:52,2026-07-23 02:14,
Visconde de Taunay,Fundador,Innocencia,1896,300,SIM,https://www.estantevirtual.com.br/busca?nsCat=Natural&q=Visconde%20de%20Taunay%20Innocencia&searchField=titulo-autor&ano-de-publicacao=1896,,ativo,2026-09-06 13:52,2026-07-23 02:14,
Visconde de Taunay,Fundador,Inocência,1921,42,SIM,https://www.estantevirtual.com.br/busca?nsCat=Natural&q=Visconde%20de%20Taunay%20Inoc%C3%AAncia&searchField=titulo-autor&ano-de-publicacao=1921,,ativo,2026-09-06 13:52,2026-07-23 02:14,
Visconde de Taunay,Fundador,Amelia Smith,1930,32,SIM,https://www.estantevirtual.com.br/busca?nsCat=Natural&q=Visconde%20de%20Taunay%20Amelia%20Smith&searchField=titulo-autor&ano-de-publicacao=1930,,ativo,2026-09-06 13:52,2026-07-23 02:14,
Visconde de Taunay,Fundador,Por um Triz Coronel !,1931,90,SIM,https://www.estantevirtual.com.br/busca?nsCat=Natural&q=Visconde%20de%20Taunay%20Por%20um%20Triz%20Coronel%20!&searchField=titulo-autor&ano-de-publicacao=1931,,ativo,2026-09-06 13:52,2026-07-23 02:14,
Visconde de Taunay,Fundador,Céus e Terras do Brasil,1929,72,SIM,https://www.estantevirtual.com.br/busca?nsCat=Natural&q=Visconde%20de%20Taunay%20C%C3%A9us%20e%20Terras%20do%20Brasil&searchField=titulo-autor&ano-de-publicacao=1929,,ativo,2026-09-06 13:52,2026-07-23 02:14,
Visconde de Taunay,Fundador,Philologia e Critica,1921,30,SIM,https://www.estantevirtual.com.br/busca?nsCat=Natural&q=Visconde%20de%20Taunay%20Philologia%20e%20Critica&searchField=titulo-autor&ano-de-publicacao=1921,,ativo,2026-09-06 13:52,2026-07-23 02:14,
Visconde de Taunay,Fundador,Céos e Terras do Brasil,1930,45,SIM,https://www.estantevirtual.com.br/busca?nsCat=Natural&q=Visconde%20de%20Taunay%20C%C3%A9os%20e%20Terras%20do%20Brasil&searchField=titulo-autor&ano-de-publicacao=1930,,ativo,2026-09-06 13:52,2026-07-23 02:14,
Visconde de Taunay,Fundador,Dias de Guerra e de Sertão,1920,50,SIM,https://www.estantevirtual.com.br/busca?nsCat=Natural&q=Visconde%20de%20Taunay%20Dias%20de%20Guerra%20e%20de%20Sert%C3%A3o&searchField=titulo-autor&ano-de-publicacao=1920,,ativo,2026-09-06 13:52,2026-07-23 02:14,
Visconde de Taunay,Fundador,Dias de Guerra e de Sertão,1923,60,SIM,https://www.estantevirtual.com.br/busca?nsCat=Natural&q=Visconde%20de%20Taunay%20Dias%20de%20Guerra%20e%20de%20Sert%C3%A3o&searchField=titulo-autor&ano-de-publicacao=1923,,ativo,2026-09-06 13:52,2026-07-23 02:14,
Visconde de Taunay,Fundador,Innocencia,1912,50,SIM,https://www.estantevirtual.com.br/busca?nsCat=Natural&q=Visconde%20de%20Taunay%20Innocencia&searchField=titulo-autor&ano-de-publicacao=1912,,ativo,2026-09-06 13:52,2026-07-23 02:14,
Visconde de Taunay,Fundador,Innocencia - Assinada pelo Filho do Autor,1906,180,SIM,https://www.estantevirtual.com.br/busca?nsCat=Natural&q=Visconde%20de%20Taunay%20Innocencia%20-%20Assinada%20pelo%20Filho%20do%20Autor&searchField=titulo-autor&ano-de-publicacao=1906,,ativo,2026-09-06 13:52,2026-07-23 02:14,
Visconde de Taunay,Fundador,Innocencia,1922,30,SIM,https://www.estantevirtual.com.br/busca?nsCat=Natural&q=Visconde%20de%20Taunay%20Innocencia&searchField=titulo-autor&ano-de-publicacao=1922,,ativo,2026-09-06 13:52,2026-07-23 02:14,
Visconde de Taunay,Fundador,A Retirada de Laguna - Episodio da Guerra do Paraguay,1915,49,SIM,https://www.estantevirtual.com.br/busca?nsCat=Natural&q=Visconde%20de%20Taunay%20A%20Retirada%20de%20Laguna%20-%20Episodio%20da%20Guerra%20do%20Paraguay&searchField=titulo-autor&ano-de-publicacao=1915,,ativo,2026-09-06 13:53,2026-07-23 02:14,
Visconde de Taunay,Fundador,A Retirada da Laguna,1921,57.50,SIM,https://www.estantevirtual.com.br/busca?nsCat=Natural&q=Visconde%20de%20Taunay%20A%20Retirada%20da%20Laguna&searchField=titulo-autor&ano-de-publicacao=1921,,ativo,2026-09-06 13:53,2026-07-23 02:14,
Visconde de Taunay,Fundador,Recordações de Guerra e de Viagem,1920,80,SIM,https://www.estantevirtual.com.br/busca?nsCat=Natural&q=Visconde%20de%20Taunay%20Recorda%C3%A7%C3%B5es%20de%20Guerra%20e%20de%20Viagem&searchField=titulo-autor&ano-de-publicacao=1920,,ativo,2026-09-06 13:53,2026-07-23 02:14,
Visconde de Taunay,Fundador,Philologia e Critica,1921,30,SIM,https://www.estantevirtual.com.br/busca?nsCat=Natural&q=Visconde%20de%20Taunay%20Philologia%20e%20Critica&searchField=titulo-autor&ano-de-publicacao=1921,,ativo,2026-09-06 13:53,2026-07-23 02:14,
Visconde de Taunay,Fundador,A Campanha da Cordilheira,1926,85,SIM,https://www.estantevirtual.com.br/busca?nsCat=Natural&q=Visconde%20de%20Taunay%20A%20Campanha%20da%20Cordilheira&searchField=titulo-autor&ano-de-publicacao=1926,,ativo,2026-09-06 13:53,2026-07-23 02:14,
Visconde de Taunay,Fundador,Servidores Illustres do Brasil,1930,40,SIM,https://www.estantevirtual.com.br/busca?nsCat=Natural&q=Visconde%20de%20Taunay%20Servidores%20Illustres%20do%20Brasil&searchField=titulo-autor&ano-de-publicacao=1930,,ativo,2026-09-06 13:53,2026-07-23 02:14,
Visconde de Taunay,Fundador,Ceos e Terras do Brazil,1904,50,SIM,https://www.estantevirtual.com.br/busca?nsCat=Natural&q=Visconde%20de%20Taunay%20Ceos%20e%20Terras%20do%20Brazil&searchField=titulo-autor&ano-de-publicacao=1904,,ativo,2026-09-06 13:53,2026-07-23 02:14,
Visconde de Taunay,Fundador,Visões do Sertão,1923,150,SIM,https://www.estantevirtual.com.br/busca?nsCat=Natural&q=Visconde%20de%20Taunay%20Vis%C3%B5es%20do%20Sert%C3%A3o&searchField=titulo-autor&ano-de-publicacao=1923,,ativo,2026-09-06 13:53,2026-07-23 02:14,
Visconde de Taunay,Fundador,No Declinio,1926,50,SIM,https://www.estantevirtual.com.br/busca?nsCat=Natural&q=Visconde%20de%20Taunay%20No%20Declinio&searchField=titulo-autor&ano-de-publicacao=1926,,ativo,2026-09-06 13:53,2026-07-23 02:14,
Visconde de Taunay,Fundador,Philologia e Critica,1921,40,SIM,https://www.estantevirtual.com.br/busca?nsCat=Natural&q=Visconde%20de%20Taunay%20Philologia%20e%20Critica&searchField=titulo-autor&ano-de-publicacao=1921,,ativo,2026-09-06 13:53,2026-07-23 02:14,
Visconde de Taunay,Fundador,Ouro Sobre Azul,1921,35,SIM,https://www.estantevirtual.com.br/busca?nsCat=Natural&q=Visconde%20de%20Taunay%20Ouro%20Sobre%20Azul&searchField=titulo-autor&ano-de-publicacao=1921,,ativo,2026-09-06 13:53,2026-07-23 02:14,
Visconde de Taunay,Fundador,Ceos e Terras do Brasil,1922,50,SIM,https://www.estantevirtual.com.br/busca?nsCat=Natural&q=Visconde%20de%20Taunay%20Ceos%20e%20Terras%20do%20Brasil&searchField=titulo-autor&ano-de-publicacao=1922,,ativo,2026-09-06 13:53,2026-07-23 02:14,
Visconde de Taunay,Fundador,Recordações de Guerra e de Viagem,1920,120,SIM,https://www.estantevirtual.com.br/busca?nsCat=Natural&q=Visconde%20de%20Taunay%20Recorda%C3%A7%C3%B5es%20de%20Guerra%20e%20de%20Viagem&searchField=titulo-autor&ano-de-publicacao=1920,,ativo,2026-09-06 13:53,2026-07-23 02:14,
Visconde de Taunay,Fundador,Retirada da Lacuna,1890,140,SIM,https://www.estantevirtual.com.br/busca?nsCat=Natural&q=Visconde%20de%20Taunay%20Retirada%20da%20Lacuna&searchField=titulo-autor&ano-de-publicacao=1890,,ativo,2026-09-06 13:53,2026-07-23 02:14,
Visconde de Taunay,Fundador,Innocência,1903,80,SIM,https://www.estantevirtual.com.br/busca?nsCat=Natural&q=Visconde%20de%20Taunay%20Innoc%C3%AAncia&searchField=titulo-autor&ano-de-publicacao=1903,,ativo,2026-09-06 13:53,2026-07-23 02:14,
Visconde de Taunay,Fundador,Cartas da Campanha - a Cordilheira: Agonia de Lopez (1869-1870),1921,87,SIM,https://www.estantevirtual.com.br/busca?nsCat=Natural&q=Visconde%20de%20Taunay%20Cartas%20da%20Campanha%20-%20a%20Cordilheira%3A%20Agonia%20de%20Lopez%20(1869-1870)&searchField=titulo-autor&ano-de-publicacao=1921,,ativo,2026-09-06 13:53,2026-07-23 02:14,
Visconde de Taunay,Fundador,Innocencia (a Edição Oficial),1922,1248,SIM,https://www.estantevirtual.com.br/busca?nsCat=Natural&q=Visconde%20de%20Taunay%20Innocencia%20(a%20Edi%C3%A7%C3%A3o%20Oficial)&searchField=titulo-autor&ano-de-publicacao=1922,,ativo,2026-09-06 13:53,2026-07-23 02:14,
Visconde de Taunay,Fundador,Inocência ( Encadernado ),1921,45,SIM,https://www.estantevirtual.com.br/busca?nsCat=Natural&q=Visconde%20de%20Taunay%20Inoc%C3%AAncia%20(%20Encadernado%20)&searchField=titulo-autor&ano-de-publicacao=1921,,ativo,2026-09-06 13:53,2026-07-23 02:14,
Visconde de Taunay,Fundador,A Retirada da Laguna - Episodio da Guerra do Paraguay,1915,70,SIM,https://www.estantevirtual.com.br/busca?nsCat=Natural&q=Visconde%20de%20Taunay%20A%20Retirada%20da%20Laguna%20-%20Episodio%20da%20Guerra%20do%20Paraguay&searchField=titulo-autor&ano-de-publicacao=1915,,ativo,2026-09-06 13:54,2026-07-23 02:14,
Visconde de Taunay,Fundador,Ao Entardecer (contos Varios),1901,80,SIM,https://www.estantevirtual.com.br/busca?nsCat=Natural&q=Visconde%20de%20Taunay%20Ao%20Entardecer%20(contos%20Varios)&searchField=titulo-autor&ano-de-publicacao=1901,,ativo,2026-09-06 13:54,2026-07-23 02:14,
Visconde de Taunay,Fundador,Céos e Terras do Brazil - 5ºmilheiro,1910,50,SIM,https://www.estantevirtual.com.br/busca?nsCat=Natural&q=Visconde%20de%20Taunay%20C%C3%A9os%20e%20Terras%20do%20Brazil%20-%205%C2%BAmilheiro&searchField=titulo-autor&ano-de-publicacao=1910,,ativo,2026-09-06 13:54,2026-07-23 02:14,
Visconde de Taunay,Fundador,Céos e Terras do Brazil - 2ªed.,1904,50,SIM,https://www.estantevirtual.com.br/busca?nsCat=Natural&q=Visconde%20de%20Taunay%20C%C3%A9os%20e%20Terras%20do%20Brazil%20-%202%C2%AAed.&searchField=titulo-autor&ano-de-publicacao=1904,,ativo,2026-09-06 13:54,2026-07-23 02:14,
Visconde de Taunay,Fundador,Visões do Sertão (sem a Capa),1928,36,SIM,https://www.estantevirtual.com.br/busca?nsCat=Natural&q=Visconde%20de%20Taunay%20Vis%C3%B5es%20do%20Sert%C3%A3o%20(sem%20a%20Capa)&searchField=titulo-autor&ano-de-publicacao=1928,,ativo,2026-09-06 13:54,2026-07-23 02:14,
Visconde de Taunay,Fundador,A Cidade do Ouro e das Ruínas,1891,247,SIM,https://www.estantevirtual.com.br/busca?nsCat=Natural&q=Visconde%20de%20Taunay%20A%20Cidade%20do%20Ouro%20e%20das%20Ru%C3%ADnas&searchField=titulo-autor&ano-de-publicacao=1891,,ativo,2026-09-06 13:54,2026-07-23 02:14,
Visconde de Taunay,Fundador,Philologia e Critica - Impressões e Estudos,1921,121.96,SIM,https://www.estantevirtual.com.br/busca?nsCat=Natural&q=Visconde%20de%20Taunay%20Philologia%20e%20Critica%20-%20Impress%C3%B5es%20e%20Estudos&searchField=titulo-autor&ano-de-publicacao=1921,,ativo,2026-09-06 13:54,2026-07-23 02:14,
Visconde de Taunay,Fundador,No Declinio - romance contemporâneo,1926,150,SIM,https://www.estantevirtual.com.br/busca?nsCat=Natural&q=Visconde%20de%20Taunay%20No%20Declinio%20-%20romance%20contempor%C3%A2neo&searchField=titulo-autor&ano-de-publicacao=1926,,ativo,2026-09-06 13:54,2026-07-23 02:14,
Visconde de Taunay,Fundador,Trechos da Minha Vida,1922,78.20,SIM,https://www.estantevirtual.com.br/busca?nsCat=Natural&q=Visconde%20de%20Taunay%20Trechos%20da%20Minha%20Vida&searchField=titulo-autor&ano-de-publicacao=1922,,ativo,2026-09-06 13:54,2026-07-23 02:14,
Visconde de Taunay,Fundador,A Retirada da Laguna,1928,540,SIM,https://www.estantevirtual.com.br/busca?nsCat=Natural&q=Visconde%20de%20Taunay%20A%20Retirada%20da%20Laguna&searchField=titulo-autor&ano-de-publicacao=1928,,ativo,2026-09-06 13:54,2026-07-23 02:14,
Visconde de Taunay,Fundador,Por um Triz Coronel !,1931,400,SIM,https://www.estantevirtual.com.br/livro/por-um-triz-coronel-grp-10B-7282-000?_preco=3000-10000000&tipo-de-livro=usado,,ativo,2026-09-06 13:54,2026-07-23 02:14,Arcádia Sebo e Café
Visconde de Taunay,Fundador,Recordações de Terra e de Viagem,1924,57.50,SIM,https://www.estantevirtual.com.br/busca?nsCat=Natural&q=Visconde%20de%20Taunay%20Recorda%C3%A7%C3%B5es%20de%20Terra%20e%20de%20Viagem&searchField=titulo-autor&ano-de-publicacao=1924,,ativo,2026-09-06 13:54,2026-07-23 02:14,
Visconde de Taunay,Fundador,Recordações de Guerra e de Viagem. 2ª Edição,1924,53.76,SIM,https://www.estantevirtual.com.br/busca?nsCat=Natural&q=Visconde%20de%20Taunay%20Recorda%C3%A7%C3%B5es%20de%20Guerra%20e%20de%20Viagem.%202%C2%AA%20Edi%C3%A7%C3%A3o&searchField=titulo-autor&ano-de-publicacao=1924,,ativo,2026-09-06 13:54,2026-07-23 02:14,
Visconde de Taunay,Fundador,Philologia e Critica(impressões e Estudos),1921,57.50,SIM,https://www.estantevirtual.com.br/busca?nsCat=Natural&q=Visconde%20de%20Taunay%20Philologia%20e%20Critica(impress%C3%B5es%20e%20Estudos)&searchField=titulo-autor&ano-de-publicacao=1921,,ativo,2026-09-06 13:54,2026-07-23 02:14,
Visconde de Taunay,Fundador,O Encilhamento. 02 Volumes Em 1 Tomo.,1894,287.50,SIM,https://www.estantevirtual.com.br/busca?nsCat=Natural&q=Visconde%20de%20Taunay%20O%20Encilhamento.%2002%20Volumes%20Em%201%20Tomo.&searchField=titulo-autor&ano-de-publicacao=1894,,ativo,2026-09-06 13:54,2026-07-23 02:14,
Visconde de Taunay,Fundador,Visões do Sertão,1923,122.19,SIM,https://www.estantevirtual.com.br/busca?nsCat=Natural&q=Visconde%20de%20Taunay%20Vis%C3%B5es%20do%20Sert%C3%A3o&searchField=titulo-autor&ano-de-publicacao=1923,,ativo,2026-09-06 13:54,2026-07-23 02:14,
Visconde de Taunay,Fundador,Céus e Terras do Brasil,1922,73.31,SIM,https://www.estantevirtual.com.br/busca?nsCat=Natural&q=Visconde%20de%20Taunay%20C%C3%A9us%20e%20Terras%20do%20Brasil&searchField=titulo-autor&ano-de-publicacao=1922,,ativo,2026-09-06 13:54,2026-07-23 02:14,
Visconde de Taunay,Fundador,Céos e Terras do Brazil,1918,63.54,SIM,https://www.estantevirtual.com.br/busca?nsCat=Natural&q=Visconde%20de%20Taunay%20C%C3%A9os%20e%20Terras%20do%20Brazil&searchField=titulo-autor&ano-de-publicacao=1918,,ativo,2026-09-06 13:54,2026-07-23 02:14,
Visconde de Taunay,Fundador,Visões do Sertão,1923,146.63,SIM,https://www.estantevirtual.com.br/busca?nsCat=Natural&q=Visconde%20de%20Taunay%20Vis%C3%B5es%20do%20Sert%C3%A3o&searchField=titulo-autor&ano-de-publicacao=1923,,ativo,2026-09-06 13:55,2026-07-23 02:14,
Julia Lopes de Almeida,Fundador,Livro das Noivas,1914,209,SIM,https://www.estantevirtual.com.br/busca?nsCat=Natural&q=Julia%20Lopes%20de%20Almeida%20Livro%20das%20Noivas&searchField=titulo-autor&ano-de-publicacao=1914,,ativo,2026-09-06 13:55,2026-07-23 02:14,
Julia Lopes de Almeida,Fundador,ANSIA ETERNA,1939,200,SIM,https://www.estantevirtual.com.br/busca?nsCat=Natural&q=Julia%20Lopes%20de%20Almeida%20ANSIA%20ETERNA&searchField=titulo-autor&ano-de-publicacao=1939,,ativo,2026-09-06 13:55,2026-07-23 02:14,
Julia Lopes de Almeida,Fundador,A Silveirinha Cronica de Verão,1914,280,SIM,https://www.estantevirtual.com.br/busca?nsCat=Natural&q=Julia%20Lopes%20de%20Almeida%20A%20Silveirinha%20Cronica%20de%20Ver%C3%A3o&searchField=titulo-autor&ano-de-publicacao=1914,,ativo,2026-09-06 13:55,2026-07-23 02:14,
Julia Lopes de Almeida,Fundador,Passaro Tonto - Romance,1934,170,SIM,https://www.estantevirtual.com.br/busca?nsCat=Natural&q=Julia%20Lopes%20de%20Almeida%20Passaro%20Tonto%20-%20Romance&searchField=titulo-autor&ano-de-publicacao=1934,,ativo,2026-09-06 13:55,2026-07-23 02:14,
Julia Lopes de Almeida,Fundador,A Viúva Simões - 1ª Edição,1897,450,SIM,https://www.estantevirtual.com.br/livro/a-viuva-simoes-83S-9135-000-BK,,vendido,2026-08-02 14:53,2026-07-23 02:14,
Julia Lopes de Almeida,Fundador,Livro das Noivas,1914,100,SIM,https://www.estantevirtual.com.br/busca?nsCat=Natural&q=Julia%20Lopes%20de%20Almeida%20Livro%20das%20Noivas&searchField=titulo-autor&ano-de-publicacao=1914,,ativo,2026-09-06 13:55,2026-07-23 02:14,
Julia Lopes de Almeida,Fundador,Livro das Noivas,1914,138.46,SIM,https://www.estantevirtual.com.br/busca?nsCat=Natural&q=Julia%20Lopes%20de%20Almeida%20Livro%20das%20Noivas&searchField=titulo-autor&ano-de-publicacao=1914,,ativo,2026-09-06 13:55,2026-07-23 02:14,
Julia Lopes de Almeida,Fundador,A Intrusa,1935,220,SIM,https://www.estantevirtual.com.br/busca?nsCat=Natural&q=Julia%20Lopes%20de%20Almeida%20A%20Intrusa&searchField=titulo-autor&ano-de-publicacao=1935,,ativo,2026-09-06 13:55,2026-07-23 02:14,
Julia Lopes de Almeida,Fundador,Cruel Amor,1928,145,SIM,https://www.estantevirtual.com.br/busca?nsCat=Natural&q=Julia%20Lopes%20de%20Almeida%20Cruel%20Amor&searchField=titulo-autor&ano-de-publicacao=1928,,ativo,2026-09-06 13:55,2026-07-23 02:14,
Julia Lopes de Almeida,Fundador,Livro das Noivas,1926,180,SIM,https://www.estantevirtual.com.br/busca?nsCat=Natural&q=Julia%20Lopes%20de%20Almeida%20Livro%20das%20Noivas&searchField=titulo-autor&ano-de-publicacao=1926,,ativo,2026-09-06 13:55,2026-07-23 02:14,
Julia Lopes de Almeida,Fundador,Maternidade 1ª Edição Capa Original,1925,336,SIM,https://www.estantevirtual.com.br/busca?nsCat=Natural&q=Julia%20Lopes%20de%20Almeida%20Maternidade%201%C2%AA%20Edi%C3%A7%C3%A3o%20Capa%20Original&searchField=titulo-autor&ano-de-publicacao=1925,,ativo,2026-09-06 13:55,2026-07-23 02:14,
Julia Lopes de Almeida,Fundador,Livro das Noivas,1905,190,SIM,https://www.estantevirtual.com.br/busca?nsCat=Natural&q=Julia%20Lopes%20de%20Almeida%20Livro%20das%20Noivas&searchField=titulo-autor&ano-de-publicacao=1905,,ativo,2026-09-06 13:55,2026-07-23 02:14,
Julia Lopes de Almeida,Fundador,A Intrusa,1935,50,SIM,https://www.estantevirtual.com.br/busca?nsCat=Natural&q=Julia%20Lopes%20de%20Almeida%20A%20Intrusa&searchField=titulo-autor&ano-de-publicacao=1935,,ativo,2026-09-06 13:55,2026-07-23 02:14,
Julia Lopes de Almeida,Fundador,A Silveirinha - 1 Edição,1914,140,SIM,https://www.estantevirtual.com.br/busca?nsCat=Natural&q=Julia%20Lopes%20de%20Almeida%20A%20Silveirinha%20-%201%20Edi%C3%A7%C3%A3o&searchField=titulo-autor&ano-de-publicacao=1914,,ativo,2026-09-06 13:55,2026-07-23 02:14,
Julia Lopes de Almeida,Fundador,Cruel Amor,1921,160,SIM,https://www.estantevirtual.com.br/busca?nsCat=Natural&q=Julia%20Lopes%20de%20Almeida%20Cruel%20Amor&searchField=titulo-autor&ano-de-publicacao=1921,,ativo,2026-09-06 13:55,2026-07-23 02:14,
Julia Lopes de Almeida,Fundador,Correio da Roça,1913,280,SIM,https://www.estantevirtual.com.br/busca?nsCat=Natural&q=Julia%20Lopes%20de%20Almeida%20Correio%20da%20Ro%C3%A7a&searchField=titulo-autor&ano-de-publicacao=1913,,ativo,2026-09-06 13:55,2026-07-23 02:14,
Julia Lopes de Almeida,Fundador,A Isca,1922,400,SIM,https://www.estantevirtual.com.br/livro/a-isca-grp-180-9762-000?_preco=3000-10000000&tipo-de-livro=usado,,ativo,2026-09-06 13:55,2026-07-23 02:14,Livraria Virtual Incunábulo
Julia Lopes de Almeida,Fundador,A Silveirinha,1914,250,SIM,https://www.estantevirtual.com.br/livro/a-silveirinha-grp-17R-3427-000?_preco=3000-10000000&tipo-de-livro=usado,,ativo,2026-09-06 13:56,2026-07-23 02:14,Livraria Virtual Incunábulo
Julia Lopes de Almeida,Fundador,A Silveirinha - 1ª Edição,1914,130,SIM,https://www.estantevirtual.com.br/busca?nsCat=Natural&q=Julia%20Lopes%20de%20Almeida%20A%20Silveirinha%20-%201%C2%AA%20Edi%C3%A7%C3%A3o&searchField=titulo-autor&ano-de-publicacao=1914,,ativo,2026-09-06 13:56,2026-07-23 02:14,
Julia Lopes de Almeida,Fundador,Livro das Noivas 3ºedição,1914,100,SIM,https://www.estantevirtual.com.br/busca?nsCat=Natural&q=Julia%20Lopes%20de%20Almeida%20Livro%20das%20Noivas%203%C2%BAedi%C3%A7%C3%A3o&searchField=titulo-autor&ano-de-publicacao=1914,,ativo,2026-09-06 13:56,2026-07-23 02:14,
Clóvis Beviláqua,Fundador,A construção biográfica de Clóvis Beviláqua,1938,,,https://www.estantevirtual.com.br/livro/a-construcao-biografica-de-clovis-bevilaqua-FU7-7862-000-BK,https://static.estantevirtual.com.br/book/00/FU7-7862-000/FU7-7862-000_detail1.jpg?ts=1746811510019,ativo,2026-09-06 13:56,2026-07-25 16:29,
Machado de Assis,Fundador,Notas semanais,1924,38,SIM,https://www.estantevirtual.com.br/livro/notas-semanais-09W-3623-000-BK,https://static.estantevirtual.com.br/book/00/09W-3623-000/09W-3623-000_detail1.jpg?ts=1712768879111,ativo,2026-09-06 13:56,2026-07-27 15:17,
José de Alencar,Patrono,Iracema,1916,30.00,SIM,https://www.estantevirtual.com.br/livro/iracema-06S-2649-000-BK,https://static.estantevirtual.com.br/book/00/06S-2649-000/06S-2649-000_detail1.jpg?ts=1755048152730,ativo,2026-09-06 13:56,2026-07-28 12:57,
Bernardo Guimarães,Patrono,A escrava isaura,1876,30.00,SIM,https://www.estantevirtual.com.br/livro/a-escrava-isaura-FU7-9344-000-BK,https://static.estantevirtual.com.br/book/00/FU7-9344-000/FU7-9344-000_detail1.jpg?ts=1734117255214,ativo,2026-09-06 13:56,2026-07-29 13:03,
Júlio Ribeiro,Patrono,Fazer acontecer,1911,30.00,SIM,https://www.estantevirtual.com.br/livro/fazer-acontecer-04H-4684-000-BK,https://static.estantevirtual.com.br/book/00/04H-4684-000/04H-4684-000_detail1.jpg?ts=1712763296937,ativo,2026-09-06 13:56,2026-07-31 13:46,
Casimiro de Abreu,Patrono,As primaveras,1895,33.60,SIM,https://www.estantevirtual.com.br/livro/as-primaveras-012-5715-000-BK,https://static.estantevirtual.com.br/book/00/012-5715-000/012-5715-000_detail1.jpg?ts=1712761319867,ativo,2026-09-06 13:56,2026-08-05 13:24,
Oliveira Lima,Fundador,O Império Brazileiro,1889,40.00,SIM,https://www.estantevirtual.com.br/livro/o-imperio-brazileiro-06P-3776-000-BK,https://static.estantevirtual.com.br/book/00/06P-3776-000/06P-3776-000_detail1.jpg?ts=1712762749142,ativo,2026-09-06 13:56,2026-08-05 14:40,
Aluísio Azevedo,Fundador,O Coruja,1900,47.50,SIM,https://www.estantevirtual.com.br/livro/o-coruja-09P-9034-000-BK,https://static.estantevirtual.com.br/book/00/09P-9034-000/09P-9034-000_detail1.jpg?ts=1712769539111,ativo,2026-09-06 13:56,2026-08-07 10:19,
Álvares de Azevedo,Patrono,A Bela Adormecida,1886,44.70,SIM,https://www.estantevirtual.com.br/livro/a-bela-adormecida-09V-4100-000-BK,https://static.estantevirtual.com.br/book/00/09V-4100-000/09V-4100-000_detail1.jpg?ts=1712768894786,ativo,2026-09-06 13:56,2026-08-13 08:02,
Alberto de Oliveira,Fundador,Melhores Poemas Alberto de Oliveira,1911,50.10,SIM,https://www.estantevirtual.com.br/livro/melhores-poemas-alberto-de-oliveira-03O-0629-000-BK,https://static.estantevirtual.com.br/book/00/03O-0629-000/03O-0629-000_detail1.jpg?ts=1712762517363,ativo,2026-09-06 13:56,2026-08-14 08:46,
Visconde de Taunay,Fundador,Inocência,1900,30.00,SIM,https://www.estantevirtual.com.br/livro/inocencia-08Z-5198-000-BK,https://static.estantevirtual.com.br/book/00/08Z-5198-000/08Z-5198-000_detail1.jpg?ts=1712768178646,ativo,2026-09-06 13:56,2026-08-14 08:51,
Olavo Bilac,Fundador,Vossa insolência,1927,36.00,SIM,https://www.estantevirtual.com.br/livro/vossa-insolencia-08J-9455-000-BK,https://static.estantevirtual.com.br/book/00/08J-9455-000/08J-9455-000_detail1.jpg?ts=1712767595021,ativo,2026-09-06 13:56,2026-08-17 08:28,
Castro Alves,Patrono,O navio negreiro e outros cantos de Castro Alves,1923,50.00,SIM,https://www.estantevirtual.com.br/livro/o-navio-negreiro-e-outros-cantos-de-castro-alves-0DU-5088-000-BK,https://static.estantevirtual.com.br/book/00/0DU-5088-000/0DU-5088-000_detail1.jpg?ts=1712770980959,ativo,2026-09-06 13:56,2026-08-18 07:34,
Basílio da Gama,Patrono,O uraguai,1898,30.00,SIM,https://www.estantevirtual.com.br/livro/o-uraguai-FW2-1595-000-BK,https://static.estantevirtual.com.br/book/00/FW2-1595-000/FW2-1595-000_detail1.jpg?ts=1734548560878,ativo,2026-09-06 13:56,2026-08-22 07:26,
Gregório de Matos,Patrono,Poemas escolhidos de Gregório de Matos,1899,30.00,SIM,https://www.estantevirtual.com.br/livro/poemas-escolhidos-de-gregorio-de-matos-05Q-0341-000-BK,https://static.estantevirtual.com.br/book/00/05Q-0341-000/05Q-0341-000_detail1.jpg?ts=1757914548003,ativo,2026-09-06 13:57,2026-08-28 18:22,
Tomás Antônio Gonzaga,Patrono,Marília de Dirceu,1899,33.00,SIM,https://www.estantevirtual.com.br/livro/marilia-de-dirceu-06R-2042-000-BK,https://static.estantevirtual.com.br/book/00/06R-2042-000/06R-2042-000_detail1.jpg?ts=1712762791072,ativo,2026-09-06 13:57,2026-09-01 12:12,
